# Rhino

g object_1
v 30 95 -90
v 30 95 -50
v 30 100 -90
v 30 100 -50
v 60 95 -50
v 60 100 -50
v 60 95 -90
v 60 100 -90
v 30 95 -85
v 30 100 -85
v 45 95 -90
v 45 100 -90
v 45 95 -85
v 45 100 -85
v 180 0 -52
v 180 0 -38
v 180 100 -52
v 180 100 -38
v 202 0 -38
v 202 100 -38
v 202 0 -20
v 202 100 -20
v 210 0 -20
v 210 100 -20
v 210 0 -70
v 210 100 -70
v 195 0 -70
v 195 100 -70
v 195 0 -61
v 195 100 -61
v 204 0 -61
v 204 100 -61
v 204 0 -52
v 204 100 -52
v 30 0 -38
v 30 0 -52
v 30 100 -38
v 30 100 -52
v 8 0 -52
v 8 100 -52
v 8 0 -70
v 8 100 -70
v 0 0 -70
v 0 100 -70
v 0 0 -20
v 0 100 -20
v 15 0 -20
v 15 100 -20
v 15 0 -29
v 15 100 -29
v 6 0 -29
v 6 100 -29
v 6 0 -38
v 6 100 -38
v 180 95 -38
v 180 95 -30
v 180 100 -30
v 187 95 -30
v 187 100 -30
v 187 95 -38
v 187 100 -38
v 30 95 -52
v 30 95 -60
v 30 100 -60
v 23 95 -60
v 23 100 -60
v 23 95 -52
v 23 100 -52
v 180 90 -38
v 180 90 -30
v 187 90 -30
v 187 90 -38
v 30 90 -52
v 30 90 -60
v 23 90 -60
v 23 90 -52
v 180 85 -38
v 180 85 -30
v 187 85 -30
v 187 85 -38
v 30 85 -52
v 30 85 -60
v 23 85 -60
v 23 85 -52
v 180 80 -38
v 180 80 -30
v 187 80 -30
v 187 80 -38
v 30 80 -52
v 30 80 -60
v 23 80 -60
v 23 80 -52
v 180 75 -38
v 180 75 -30
v 187 75 -30
v 187 75 -38
v 30 75 -52
v 30 75 -60
v 23 75 -60
v 23 75 -52
v 180 70 -38
v 180 70 -30
v 187 70 -30
v 187 70 -38
v 30 70 -52
v 30 70 -60
v 23 70 -60
v 23 70 -52
v 180 65 -38
v 180 65 -30
v 187 65 -30
v 187 65 -38
v 30 65 -52
v 30 65 -60
v 23 65 -60
v 23 65 -52
v 180 60 -38
v 180 60 -30
v 187 60 -30
v 187 60 -38
v 30 60 -52
v 30 60 -60
v 23 60 -60
v 23 60 -52
v 180 55 -38
v 180 55 -30
v 187 55 -30
v 187 55 -38
v 30 55 -52
v 30 55 -60
v 23 55 -60
v 23 55 -52
v 180 50 -38
v 180 50 -30
v 187 50 -30
v 187 50 -38
v 30 50 -52
v 30 50 -60
v 23 50 -60
v 23 50 -52
v 180 45 -38
v 180 45 -30
v 187 45 -30
v 187 45 -38
v 30 45 -52
v 30 45 -60
v 23 45 -60
v 23 45 -52
v 180 40 -38
v 180 40 -30
v 187 40 -30
v 187 40 -38
v 30 40 -52
v 30 40 -60
v 23 40 -60
v 23 40 -52
v 180 35 -38
v 180 35 -30
v 187 35 -30
v 187 35 -38
v 30 35 -52
v 30 35 -60
v 23 35 -60
v 23 35 -52
v 180 30 -38
v 180 30 -30
v 187 30 -30
v 187 30 -38
v 30 30 -52
v 30 30 -60
v 23 30 -60
v 23 30 -52
v 180 25 -38
v 180 25 -30
v 187 25 -30
v 187 25 -38
v 30 25 -52
v 30 25 -60
v 23 25 -60
v 23 25 -52
v 180 20 -38
v 180 20 -30
v 187 20 -30
v 187 20 -38
v 30 20 -52
v 30 20 -60
v 23 20 -60
v 23 20 -52
v 180 15 -38
v 180 15 -30
v 187 15 -30
v 187 15 -38
v 30 15 -52
v 30 15 -60
v 23 15 -60
v 23 15 -52
v 180 10 -38
v 180 10 -30
v 187 10 -30
v 187 10 -38
v 30 10 -52
v 30 10 -60
v 23 10 -60
v 23 10 -52
v 180 5 -38
v 180 5 -30
v 187 5 -30
v 187 5 -38
v 30 5 -52
v 30 5 -60
v 23 5 -60
v 23 5 -52
v 180 0 -30
v 187 0 -30
v 187 0 -38
v 30 0 -60
v 23 0 -60
v 23 0 -52
v 187 0 -29
v 187 0 -20
v 187 100 -29
v 187 100 -20
v 202 0 -29
v 202 100 -29
v 180 0 -70
v 180 0 -61
v 180 100 -70
v 180 100 -61
v 30 0 -20
v 30 0 -29
v 30 100 -20
v 30 100 -29
v 23 0 -61
v 23 0 -70
v 23 100 -61
v 23 100 -70
v 8 0 -61
v 8 100 -61
v 8 95 -61
v 8 95 -52
v 15 95 -52
v 15 100 -52
v 15 95 -61
v 15 100 -61
v 195 95 -38
v 195 95 -29
v 195 100 -38
v 195 100 -29
v 202 95 -29
v 202 95 -38
v 8 90 -61
v 8 90 -52
v 15 90 -52
v 15 90 -61
v 195 90 -38
v 195 90 -29
v 202 90 -29
v 202 90 -38
v 8 85 -61
v 8 85 -52
v 15 85 -52
v 15 85 -61
v 195 85 -38
v 195 85 -29
v 202 85 -29
v 202 85 -38
v 8 80 -61
v 8 80 -52
v 15 80 -52
v 15 80 -61
v 195 80 -38
v 195 80 -29
v 202 80 -29
v 202 80 -38
v 8 75 -61
v 8 75 -52
v 15 75 -52
v 15 75 -61
v 195 75 -38
v 195 75 -29
v 202 75 -29
v 202 75 -38
v 8 70 -61
v 8 70 -52
v 15 70 -52
v 15 70 -61
v 195 70 -38
v 195 70 -29
v 202 70 -29
v 202 70 -38
v 8 65 -61
v 8 65 -52
v 15 65 -52
v 15 65 -61
v 195 65 -38
v 195 65 -29
v 202 65 -29
v 202 65 -38
v 8 60 -61
v 8 60 -52
v 15 60 -52
v 15 60 -61
v 195 60 -38
v 195 60 -29
v 202 60 -29
v 202 60 -38
v 8 55 -61
v 8 55 -52
v 15 55 -52
v 15 55 -61
v 195 55 -38
v 195 55 -29
v 202 55 -29
v 202 55 -38
v 8 50 -61
v 8 50 -52
v 15 50 -52
v 15 50 -61
v 195 50 -38
v 195 50 -29
v 202 50 -29
v 202 50 -38
v 8 45 -61
v 8 45 -52
v 15 45 -52
v 15 45 -61
v 195 45 -38
v 195 45 -29
v 202 45 -29
v 202 45 -38
v 8 40 -61
v 8 40 -52
v 15 40 -52
v 15 40 -61
v 195 40 -38
v 195 40 -29
v 202 40 -29
v 202 40 -38
v 8 35 -61
v 8 35 -52
v 15 35 -52
v 15 35 -61
v 195 35 -38
v 195 35 -29
v 202 35 -29
v 202 35 -38
v 8 30 -61
v 8 30 -52
v 15 30 -52
v 15 30 -61
v 195 30 -38
v 195 30 -29
v 202 30 -29
v 202 30 -38
v 8 25 -61
v 8 25 -52
v 15 25 -52
v 15 25 -61
v 195 25 -38
v 195 25 -29
v 202 25 -29
v 202 25 -38
v 8 20 -61
v 8 20 -52
v 15 20 -52
v 15 20 -61
v 195 20 -38
v 195 20 -29
v 202 20 -29
v 202 20 -38
v 8 15 -61
v 8 15 -52
v 15 15 -52
v 15 15 -61
v 195 15 -38
v 195 15 -29
v 202 15 -29
v 202 15 -38
v 8 10 -61
v 8 10 -52
v 15 10 -52
v 15 10 -61
v 195 10 -38
v 195 10 -29
v 202 10 -29
v 202 10 -38
v 8 5 -61
v 8 5 -52
v 15 5 -52
v 15 5 -61
v 195 5 -38
v 195 5 -29
v 202 5 -29
v 202 5 -38
v 15 0 -52
v 15 0 -61
v 195 0 -38
v 195 0 -29
v 180 0 -20
v 180 100 -20
v 196 0 -61
v 196 0 -52
v 196 100 -61
v 196 100 -52
v 188 0 -61
v 188 0 -52
v 188 100 -61
v 188 100 -52
v 14 0 -29
v 14 0 -38
v 14 100 -29
v 14 100 -38
v 22 0 -29
v 22 0 -38
v 22 100 -29
v 22 100 -38
v 30 0 -70
v 30 100 -70
v 30 0 -50
v 30 0 -40
v 30 100 -40
v 180 0 -40
v 180 100 -40
v 180 0 -50
v 180 100 -50
v 180 95 -70
v 180 95 -90
v 180 100 -90
v 176 95 -90
v 176 100 -90
v 176 95 -70
v 176 100 -70
v 150 95 -85
v 150 95 -90
v 150 100 -85
v 150 100 -90
v 165 95 -90
v 165 100 -90
v 165 95 -85
v 165 100 -85
v 165 95 -76
v 165 100 -76
v 176 95 -76
v 176 100 -76
v 150 95 -50
v 150 95 -63
v 150 100 -50
v 150 100 -63
v 157 95 -63
v 157 100 -63
v 157 95 -50
v 157 100 -50
v 180 95 -50
v 165 95 -50
v 165 95 -64
v 165 100 -50
v 165 100 -64
v 170 95 -64
v 170 100 -64
v 170 95 -50
v 170 100 -50
v 165 95 -70
v 165 100 -70
v 143 95 -63
v 143 100 -63
v 143 95 -50
v 143 100 -50
v 135 95 -50
v 135 95 -64
v 135 100 -50
v 135 100 -64
v 130 95 -64
v 130 100 -64
v 130 95 -50
v 130 100 -50
v 135 95 -70
v 135 100 -70
v 120 95 -70
v 120 100 -70
v 120 95 -50
v 120 100 -50
v 124 95 -70
v 124 95 -90
v 124 100 -70
v 124 100 -90
v 120 95 -90
v 120 100 -90
v 135 95 -76
v 135 95 -90
v 135 100 -76
v 135 100 -90
v 124 95 -76
v 124 100 -76
v 135 95 -85
v 135 100 -85
v 90 95 -85
v 90 95 -90
v 90 100 -85
v 90 100 -90
v 105 95 -90
v 105 100 -90
v 105 95 -85
v 105 100 -85
v 105 95 -50
v 105 95 -70
v 105 100 -50
v 105 100 -70
v 105 95 -64
v 105 100 -64
v 110 95 -64
v 110 100 -64
v 110 95 -50
v 110 100 -50
v 105 95 -76
v 105 100 -76
v 116 95 -90
v 116 100 -90
v 116 95 -76
v 116 100 -76
v 116 95 -70
v 116 100 -70
v 75 95 -90
v 75 100 -90
v 75 95 -85
v 75 100 -85
v 90 95 -50
v 90 95 -63
v 90 100 -50
v 90 100 -63
v 97 95 -63
v 97 100 -63
v 97 95 -50
v 97 100 -50
v 83 95 -63
v 83 100 -63
v 83 95 -50
v 83 100 -50
v 75 95 -50
v 75 95 -64
v 75 100 -50
v 75 100 -64
v 70 95 -64
v 70 100 -64
v 70 95 -50
v 70 100 -50
v 64 95 -70
v 64 95 -90
v 64 100 -70
v 64 100 -90
v 60 95 -70
v 60 100 -70
v 75 95 -70
v 75 100 -70
v 75 95 -76
v 75 100 -76
v 64 95 -76
v 64 100 -76
v 45 95 -76
v 45 100 -76
v 56 95 -90
v 56 100 -90
v 56 95 -76
v 56 100 -76
v 45 95 -50
v 45 95 -64
v 45 100 -50
v 45 100 -64
v 50 95 -64
v 50 100 -64
v 50 95 -50
v 50 100 -50
v 30 95 -63
v 30 100 -63
v 37 95 -63
v 37 100 -63
v 37 95 -50
v 37 100 -50
v 45 95 -70
v 45 100 -70
v 90 95 -5
v 90 95 0
v 90 100 -5
v 90 100 0
v 75 95 0
v 75 100 0
v 75 95 -5
v 75 100 -5
v 150 95 -40
v 150 95 -27
v 150 100 -40
v 150 100 -27
v 143 95 -27
v 143 100 -27
v 143 95 -40
v 143 100 -40
v 135 95 -40
v 135 95 -26
v 135 100 -40
v 135 100 -26
v 130 95 -26
v 130 100 -26
v 130 95 -40
v 130 100 -40
v 150 95 -5
v 150 95 0
v 150 100 -5
v 150 100 0
v 135 95 0
v 135 100 0
v 135 95 -5
v 135 100 -5
v 180 95 -20
v 180 95 0
v 180 100 0
v 176 95 0
v 176 100 0
v 176 95 -20
v 176 100 -20
v 165 95 0
v 165 100 0
v 165 95 -5
v 165 100 -5
v 165 95 -14
v 165 100 -14
v 176 95 -14
v 176 100 -14
v 180 95 -40
v 157 95 -27
v 157 100 -27
v 157 95 -40
v 157 100 -40
v 165 95 -40
v 165 95 -26
v 165 100 -40
v 165 100 -26
v 170 95 -26
v 170 100 -26
v 170 95 -40
v 170 100 -40
v 165 95 -20
v 165 100 -20
v 116 95 -20
v 116 95 0
v 116 100 -20
v 116 100 0
v 120 95 0
v 120 100 0
v 120 95 -20
v 120 100 -20
v 135 95 -14
v 135 100 -14
v 124 95 0
v 124 100 0
v 124 95 -14
v 124 100 -14
v 135 95 -20
v 135 100 -20
v 120 95 -40
v 120 100 -40
v 124 95 -20
v 124 100 -20
v 90 95 -40
v 90 100 -40
v 105 95 -14
v 105 95 0
v 105 100 -14
v 105 100 0
v 116 95 -14
v 116 100 -14
v 105 95 -5
v 105 100 -5
v 90 95 -27
v 90 100 -27
v 83 95 -27
v 83 100 -27
v 83 95 -40
v 83 100 -40
v 105 95 -40
v 105 95 -20
v 105 100 -40
v 105 100 -20
v 97 95 -27
v 97 100 -27
v 97 95 -40
v 97 100 -40
v 105 95 -26
v 105 100 -26
v 110 95 -26
v 110 100 -26
v 110 95 -40
v 110 100 -40
v 30 95 -5
v 30 95 0
v 30 100 -5
v 30 100 0
v 45 95 0
v 45 100 0
v 45 95 -5
v 45 100 -5
v 30 95 -40
v 30 95 -27
v 30 100 -27
v 37 95 -27
v 37 100 -27
v 37 95 -40
v 37 100 -40
v 45 95 -40
v 45 95 -26
v 45 100 -40
v 45 100 -26
v 50 95 -26
v 50 100 -26
v 50 95 -40
v 50 100 -40
v 75 95 -40
v 75 95 -26
v 75 100 -40
v 75 100 -26
v 70 95 -26
v 70 100 -26
v 70 95 -40
v 70 100 -40
v 64 95 -20
v 64 95 0
v 64 100 -20
v 64 100 0
v 60 95 0
v 60 100 0
v 60 95 -20
v 60 100 -20
v 75 95 -20
v 75 100 -20
v 60 95 -40
v 60 100 -40
v 75 95 -14
v 75 100 -14
v 64 95 -14
v 64 100 -14
v 56 95 -20
v 56 95 0
v 56 100 -20
v 56 100 0
v 45 95 -20
v 45 100 -20
v 45 95 -14
v 45 100 -14
v 56 95 -14
v 56 100 -14
v 180 90 -70
v 180 90 -90
v 176 90 -90
v 176 90 -70
v 150 90 -85
v 150 90 -90
v 165 90 -90
v 165 90 -85
v 165 90 -76
v 176 90 -76
v 150 90 -50
v 150 90 -63
v 157 90 -63
v 157 90 -50
v 180 90 -50
v 165 90 -50
v 165 90 -64
v 170 90 -64
v 170 90 -50
v 165 90 -70
v 143 90 -63
v 143 90 -50
v 135 90 -50
v 135 90 -64
v 130 90 -64
v 130 90 -50
v 135 90 -70
v 120 90 -70
v 120 90 -50
v 124 90 -70
v 124 90 -90
v 120 90 -90
v 135 90 -76
v 135 90 -90
v 124 90 -76
v 135 90 -85
v 90 90 -85
v 90 90 -90
v 105 90 -90
v 105 90 -85
v 105 90 -50
v 105 90 -70
v 105 90 -64
v 110 90 -64
v 110 90 -50
v 105 90 -76
v 116 90 -90
v 116 90 -76
v 116 90 -70
v 75 90 -90
v 75 90 -85
v 90 90 -50
v 90 90 -63
v 97 90 -63
v 97 90 -50
v 83 90 -63
v 83 90 -50
v 75 90 -50
v 75 90 -64
v 70 90 -64
v 70 90 -50
v 64 90 -70
v 64 90 -90
v 60 90 -90
v 60 90 -70
v 75 90 -70
v 60 90 -50
v 75 90 -76
v 64 90 -76
v 30 90 -85
v 30 90 -90
v 45 90 -90
v 45 90 -85
v 45 90 -76
v 56 90 -90
v 56 90 -76
v 30 90 -50
v 45 90 -50
v 45 90 -64
v 50 90 -64
v 50 90 -50
v 30 90 -63
v 37 90 -63
v 37 90 -50
v 45 90 -70
v 90 90 -5
v 90 90 0
v 75 90 0
v 75 90 -5
v 150 90 -40
v 150 90 -27
v 143 90 -27
v 143 90 -40
v 135 90 -40
v 135 90 -26
v 130 90 -26
v 130 90 -40
v 150 90 -5
v 150 90 0
v 135 90 0
v 135 90 -5
v 180 90 -20
v 180 90 0
v 176 90 0
v 176 90 -20
v 165 90 0
v 165 90 -5
v 165 90 -14
v 176 90 -14
v 180 90 -40
v 157 90 -27
v 157 90 -40
v 165 90 -40
v 165 90 -26
v 170 90 -26
v 170 90 -40
v 165 90 -20
v 116 90 -20
v 116 90 0
v 120 90 0
v 120 90 -20
v 135 90 -14
v 124 90 0
v 124 90 -14
v 135 90 -20
v 120 90 -40
v 124 90 -20
v 90 90 -40
v 105 90 -14
v 105 90 0
v 116 90 -14
v 105 90 -5
v 90 90 -27
v 83 90 -27
v 83 90 -40
v 105 90 -40
v 105 90 -20
v 97 90 -27
v 97 90 -40
v 105 90 -26
v 110 90 -26
v 110 90 -40
v 30 90 -5
v 30 90 0
v 45 90 0
v 45 90 -5
v 30 90 -40
v 30 90 -27
v 37 90 -27
v 37 90 -40
v 45 90 -40
v 45 90 -26
v 50 90 -26
v 50 90 -40
v 75 90 -40
v 75 90 -26
v 70 90 -26
v 70 90 -40
v 64 90 -20
v 64 90 0
v 60 90 0
v 60 90 -20
v 75 90 -20
v 60 90 -40
v 75 90 -14
v 64 90 -14
v 56 90 -20
v 56 90 0
v 45 90 -20
v 45 90 -14
v 56 90 -14
v 180 85 -70
v 180 85 -90
v 176 85 -90
v 176 85 -70
v 150 85 -85
v 150 85 -90
v 165 85 -90
v 165 85 -85
v 165 85 -76
v 176 85 -76
v 150 85 -50
v 150 85 -63
v 157 85 -63
v 157 85 -50
v 180 85 -50
v 165 85 -50
v 165 85 -64
v 170 85 -64
v 170 85 -50
v 165 85 -70
v 143 85 -63
v 143 85 -50
v 135 85 -50
v 135 85 -64
v 130 85 -64
v 130 85 -50
v 135 85 -70
v 120 85 -70
v 120 85 -50
v 124 85 -70
v 124 85 -90
v 120 85 -90
v 135 85 -76
v 135 85 -90
v 124 85 -76
v 135 85 -85
v 90 85 -85
v 90 85 -90
v 105 85 -90
v 105 85 -85
v 105 85 -50
v 105 85 -70
v 105 85 -64
v 110 85 -64
v 110 85 -50
v 105 85 -76
v 116 85 -90
v 116 85 -76
v 116 85 -70
v 75 85 -90
v 75 85 -85
v 90 85 -50
v 90 85 -63
v 97 85 -63
v 97 85 -50
v 83 85 -63
v 83 85 -50
v 75 85 -50
v 75 85 -64
v 70 85 -64
v 70 85 -50
v 64 85 -70
v 64 85 -90
v 60 85 -90
v 60 85 -70
v 75 85 -70
v 60 85 -50
v 75 85 -76
v 64 85 -76
v 30 85 -85
v 30 85 -90
v 45 85 -90
v 45 85 -85
v 45 85 -76
v 56 85 -90
v 56 85 -76
v 30 85 -50
v 45 85 -50
v 45 85 -64
v 50 85 -64
v 50 85 -50
v 30 85 -63
v 37 85 -63
v 37 85 -50
v 45 85 -70
v 90 85 -5
v 90 85 0
v 75 85 0
v 75 85 -5
v 150 85 -40
v 150 85 -27
v 143 85 -27
v 143 85 -40
v 135 85 -40
v 135 85 -26
v 130 85 -26
v 130 85 -40
v 150 85 -5
v 150 85 0
v 135 85 0
v 135 85 -5
v 180 85 -20
v 180 85 0
v 176 85 0
v 176 85 -20
v 165 85 0
v 165 85 -5
v 165 85 -14
v 176 85 -14
v 180 85 -40
v 157 85 -27
v 157 85 -40
v 165 85 -40
v 165 85 -26
v 170 85 -26
v 170 85 -40
v 165 85 -20
v 116 85 -20
v 116 85 0
v 120 85 0
v 120 85 -20
v 135 85 -14
v 124 85 0
v 124 85 -14
v 135 85 -20
v 120 85 -40
v 124 85 -20
v 90 85 -40
v 105 85 -14
v 105 85 0
v 116 85 -14
v 105 85 -5
v 90 85 -27
v 83 85 -27
v 83 85 -40
v 105 85 -40
v 105 85 -20
v 97 85 -27
v 97 85 -40
v 105 85 -26
v 110 85 -26
v 110 85 -40
v 30 85 -5
v 30 85 0
v 45 85 0
v 45 85 -5
v 30 85 -40
v 30 85 -27
v 37 85 -27
v 37 85 -40
v 45 85 -40
v 45 85 -26
v 50 85 -26
v 50 85 -40
v 75 85 -40
v 75 85 -26
v 70 85 -26
v 70 85 -40
v 64 85 -20
v 64 85 0
v 60 85 0
v 60 85 -20
v 75 85 -20
v 60 85 -40
v 75 85 -14
v 64 85 -14
v 56 85 -20
v 56 85 0
v 45 85 -20
v 45 85 -14
v 56 85 -14
v 180 80 -70
v 180 80 -90
v 176 80 -90
v 176 80 -70
v 150 80 -85
v 150 80 -90
v 165 80 -90
v 165 80 -85
v 165 80 -76
v 176 80 -76
v 150 80 -50
v 150 80 -63
v 157 80 -63
v 157 80 -50
v 180 80 -50
v 165 80 -50
v 165 80 -64
v 170 80 -64
v 170 80 -50
v 165 80 -70
v 143 80 -63
v 143 80 -50
v 135 80 -50
v 135 80 -64
v 130 80 -64
v 130 80 -50
v 135 80 -70
v 120 80 -70
v 120 80 -50
v 124 80 -70
v 124 80 -90
v 120 80 -90
v 135 80 -76
v 135 80 -90
v 124 80 -76
v 135 80 -85
v 90 80 -85
v 90 80 -90
v 105 80 -90
v 105 80 -85
v 105 80 -50
v 105 80 -70
v 105 80 -64
v 110 80 -64
v 110 80 -50
v 105 80 -76
v 116 80 -90
v 116 80 -76
v 116 80 -70
v 75 80 -90
v 75 80 -85
v 90 80 -50
v 90 80 -63
v 97 80 -63
v 97 80 -50
v 83 80 -63
v 83 80 -50
v 75 80 -50
v 75 80 -64
v 70 80 -64
v 70 80 -50
v 64 80 -70
v 64 80 -90
v 60 80 -90
v 60 80 -70
v 75 80 -70
v 60 80 -50
v 75 80 -76
v 64 80 -76
v 30 80 -85
v 30 80 -90
v 45 80 -90
v 45 80 -85
v 45 80 -76
v 56 80 -90
v 56 80 -76
v 30 80 -50
v 45 80 -50
v 45 80 -64
v 50 80 -64
v 50 80 -50
v 30 80 -63
v 37 80 -63
v 37 80 -50
v 45 80 -70
v 90 80 -5
v 90 80 0
v 75 80 0
v 75 80 -5
v 150 80 -40
v 150 80 -27
v 143 80 -27
v 143 80 -40
v 135 80 -40
v 135 80 -26
v 130 80 -26
v 130 80 -40
v 150 80 -5
v 150 80 0
v 135 80 0
v 135 80 -5
v 180 80 -20
v 180 80 0
v 176 80 0
v 176 80 -20
v 165 80 0
v 165 80 -5
v 165 80 -14
v 176 80 -14
v 180 80 -40
v 157 80 -27
v 157 80 -40
v 165 80 -40
v 165 80 -26
v 170 80 -26
v 170 80 -40
v 165 80 -20
v 116 80 -20
v 116 80 0
v 120 80 0
v 120 80 -20
v 135 80 -14
v 124 80 0
v 124 80 -14
v 135 80 -20
v 120 80 -40
v 124 80 -20
v 90 80 -40
v 105 80 -14
v 105 80 0
v 116 80 -14
v 105 80 -5
v 90 80 -27
v 83 80 -27
v 83 80 -40
v 105 80 -40
v 105 80 -20
v 97 80 -27
v 97 80 -40
v 105 80 -26
v 110 80 -26
v 110 80 -40
v 30 80 -5
v 30 80 0
v 45 80 0
v 45 80 -5
v 30 80 -40
v 30 80 -27
v 37 80 -27
v 37 80 -40
v 45 80 -40
v 45 80 -26
v 50 80 -26
v 50 80 -40
v 75 80 -40
v 75 80 -26
v 70 80 -26
v 70 80 -40
v 64 80 -20
v 64 80 0
v 60 80 0
v 60 80 -20
v 75 80 -20
v 60 80 -40
v 75 80 -14
v 64 80 -14
v 56 80 -20
v 56 80 0
v 45 80 -20
v 45 80 -14
v 56 80 -14
v 180 75 -70
v 180 75 -90
v 176 75 -90
v 176 75 -70
v 150 75 -85
v 150 75 -90
v 165 75 -90
v 165 75 -85
v 165 75 -76
v 176 75 -76
v 150 75 -50
v 150 75 -63
v 157 75 -63
v 157 75 -50
v 180 75 -50
v 165 75 -50
v 165 75 -64
v 170 75 -64
v 170 75 -50
v 165 75 -70
v 143 75 -63
v 143 75 -50
v 135 75 -50
v 135 75 -64
v 130 75 -64
v 130 75 -50
v 135 75 -70
v 120 75 -70
v 120 75 -50
v 124 75 -70
v 124 75 -90
v 120 75 -90
v 135 75 -76
v 135 75 -90
v 124 75 -76
v 135 75 -85
v 90 75 -85
v 90 75 -90
v 105 75 -90
v 105 75 -85
v 105 75 -50
v 105 75 -70
v 105 75 -64
v 110 75 -64
v 110 75 -50
v 105 75 -76
v 116 75 -90
v 116 75 -76
v 116 75 -70
v 75 75 -90
v 75 75 -85
v 90 75 -50
v 90 75 -63
v 97 75 -63
v 97 75 -50
v 83 75 -63
v 83 75 -50
v 75 75 -50
v 75 75 -64
v 70 75 -64
v 70 75 -50
v 64 75 -70
v 64 75 -90
v 60 75 -90
v 60 75 -70
v 75 75 -70
v 60 75 -50
v 75 75 -76
v 64 75 -76
v 30 75 -85
v 30 75 -90
v 45 75 -90
v 45 75 -85
v 45 75 -76
v 56 75 -90
v 56 75 -76
v 30 75 -50
v 45 75 -50
v 45 75 -64
v 50 75 -64
v 50 75 -50
v 30 75 -63
v 37 75 -63
v 37 75 -50
v 45 75 -70
v 90 75 -5
v 90 75 0
v 75 75 0
v 75 75 -5
v 150 75 -40
v 150 75 -27
v 143 75 -27
v 143 75 -40
v 135 75 -40
v 135 75 -26
v 130 75 -26
v 130 75 -40
v 150 75 -5
v 150 75 0
v 135 75 0
v 135 75 -5
v 180 75 -20
v 180 75 0
v 176 75 0
v 176 75 -20
v 165 75 0
v 165 75 -5
v 165 75 -14
v 176 75 -14
v 180 75 -40
v 157 75 -27
v 157 75 -40
v 165 75 -40
v 165 75 -26
v 170 75 -26
v 170 75 -40
v 165 75 -20
v 116 75 -20
v 116 75 0
v 120 75 0
v 120 75 -20
v 135 75 -14
v 124 75 0
v 124 75 -14
v 135 75 -20
v 120 75 -40
v 124 75 -20
v 90 75 -40
v 105 75 -14
v 105 75 0
v 116 75 -14
v 105 75 -5
v 90 75 -27
v 83 75 -27
v 83 75 -40
v 105 75 -40
v 105 75 -20
v 97 75 -27
v 97 75 -40
v 105 75 -26
v 110 75 -26
v 110 75 -40
v 30 75 -5
v 30 75 0
v 45 75 0
v 45 75 -5
v 30 75 -40
v 30 75 -27
v 37 75 -27
v 37 75 -40
v 45 75 -40
v 45 75 -26
v 50 75 -26
v 50 75 -40
v 75 75 -40
v 75 75 -26
v 70 75 -26
v 70 75 -40
v 64 75 -20
v 64 75 0
v 60 75 0
v 60 75 -20
v 75 75 -20
v 60 75 -40
v 75 75 -14
v 64 75 -14
v 56 75 -20
v 56 75 0
v 45 75 -20
v 45 75 -14
v 56 75 -14
v 180 70 -70
v 180 70 -90
v 176 70 -90
v 176 70 -70
v 150 70 -85
v 150 70 -90
v 165 70 -90
v 165 70 -85
v 165 70 -76
v 176 70 -76
v 150 70 -50
v 150 70 -63
v 157 70 -63
v 157 70 -50
v 180 70 -50
v 165 70 -50
v 165 70 -64
v 170 70 -64
v 170 70 -50
v 165 70 -70
v 143 70 -63
v 143 70 -50
v 135 70 -50
v 135 70 -64
v 130 70 -64
v 130 70 -50
v 135 70 -70
v 120 70 -70
v 120 70 -50
v 124 70 -70
v 124 70 -90
v 120 70 -90
v 135 70 -76
v 135 70 -90
v 124 70 -76
v 135 70 -85
v 90 70 -85
v 90 70 -90
v 105 70 -90
v 105 70 -85
v 105 70 -50
v 105 70 -70
v 105 70 -64
v 110 70 -64
v 110 70 -50
v 105 70 -76
v 116 70 -90
v 116 70 -76
v 116 70 -70
v 75 70 -90
v 75 70 -85
v 90 70 -50
v 90 70 -63
v 97 70 -63
v 97 70 -50
v 83 70 -63
v 83 70 -50
v 75 70 -50
v 75 70 -64
v 70 70 -64
v 70 70 -50
v 64 70 -70
v 64 70 -90
v 60 70 -90
v 60 70 -70
v 75 70 -70
v 60 70 -50
v 75 70 -76
v 64 70 -76
v 30 70 -85
v 30 70 -90
v 45 70 -90
v 45 70 -85
v 45 70 -76
v 56 70 -90
v 56 70 -76
v 30 70 -50
v 45 70 -50
v 45 70 -64
v 50 70 -64
v 50 70 -50
v 30 70 -63
v 37 70 -63
v 37 70 -50
v 45 70 -70
v 90 70 -5
v 90 70 0
v 75 70 0
v 75 70 -5
v 150 70 -40
v 150 70 -27
v 143 70 -27
v 143 70 -40
v 135 70 -40
v 135 70 -26
v 130 70 -26
v 130 70 -40
v 150 70 -5
v 150 70 0
v 135 70 0
v 135 70 -5
v 180 70 -20
v 180 70 0
v 176 70 0
v 176 70 -20
v 165 70 0
v 165 70 -5
v 165 70 -14
v 176 70 -14
v 180 70 -40
v 157 70 -27
v 157 70 -40
v 165 70 -40
v 165 70 -26
v 170 70 -26
v 170 70 -40
v 165 70 -20
v 116 70 -20
v 116 70 0
v 120 70 0
v 120 70 -20
v 135 70 -14
v 124 70 0
v 124 70 -14
v 135 70 -20
v 120 70 -40
v 124 70 -20
v 90 70 -40
v 105 70 -14
v 105 70 0
v 116 70 -14
v 105 70 -5
v 90 70 -27
v 83 70 -27
v 83 70 -40
v 105 70 -40
v 105 70 -20
v 97 70 -27
v 97 70 -40
v 105 70 -26
v 110 70 -26
v 110 70 -40
v 30 70 -5
v 30 70 0
v 45 70 0
v 45 70 -5
v 30 70 -40
v 30 70 -27
v 37 70 -27
v 37 70 -40
v 45 70 -40
v 45 70 -26
v 50 70 -26
v 50 70 -40
v 75 70 -40
v 75 70 -26
v 70 70 -26
v 70 70 -40
v 64 70 -20
v 64 70 0
v 60 70 0
v 60 70 -20
v 75 70 -20
v 60 70 -40
v 75 70 -14
v 64 70 -14
v 56 70 -20
v 56 70 0
v 45 70 -20
v 45 70 -14
v 56 70 -14
v 180 65 -70
v 180 65 -90
v 176 65 -90
v 176 65 -70
v 150 65 -85
v 150 65 -90
v 165 65 -90
v 165 65 -85
v 165 65 -76
v 176 65 -76
v 150 65 -50
v 150 65 -63
v 157 65 -63
v 157 65 -50
v 180 65 -50
v 165 65 -50
v 165 65 -64
v 170 65 -64
v 170 65 -50
v 165 65 -70
v 143 65 -63
v 143 65 -50
v 135 65 -50
v 135 65 -64
v 130 65 -64
v 130 65 -50
v 135 65 -70
v 120 65 -70
v 120 65 -50
v 124 65 -70
v 124 65 -90
v 120 65 -90
v 135 65 -76
v 135 65 -90
v 124 65 -76
v 135 65 -85
v 90 65 -85
v 90 65 -90
v 105 65 -90
v 105 65 -85
v 105 65 -50
v 105 65 -70
v 105 65 -64
v 110 65 -64
v 110 65 -50
v 105 65 -76
v 116 65 -90
v 116 65 -76
v 116 65 -70
v 75 65 -90
v 75 65 -85
v 90 65 -50
v 90 65 -63
v 97 65 -63
v 97 65 -50
v 83 65 -63
v 83 65 -50
v 75 65 -50
v 75 65 -64
v 70 65 -64
v 70 65 -50
v 64 65 -70
v 64 65 -90
v 60 65 -90
v 60 65 -70
v 75 65 -70
v 60 65 -50
v 75 65 -76
v 64 65 -76
v 30 65 -85
v 30 65 -90
v 45 65 -90
v 45 65 -85
v 45 65 -76
v 56 65 -90
v 56 65 -76
v 30 65 -50
v 45 65 -50
v 45 65 -64
v 50 65 -64
v 50 65 -50
v 30 65 -63
v 37 65 -63
v 37 65 -50
v 45 65 -70
v 90 65 -5
v 90 65 0
v 75 65 0
v 75 65 -5
v 150 65 -40
v 150 65 -27
v 143 65 -27
v 143 65 -40
v 135 65 -40
v 135 65 -26
v 130 65 -26
v 130 65 -40
v 150 65 -5
v 150 65 0
v 135 65 0
v 135 65 -5
v 180 65 -20
v 180 65 0
v 176 65 0
v 176 65 -20
v 165 65 0
v 165 65 -5
v 165 65 -14
v 176 65 -14
v 180 65 -40
v 157 65 -27
v 157 65 -40
v 165 65 -40
v 165 65 -26
v 170 65 -26
v 170 65 -40
v 165 65 -20
v 116 65 -20
v 116 65 0
v 120 65 0
v 120 65 -20
v 135 65 -14
v 124 65 0
v 124 65 -14
v 135 65 -20
v 120 65 -40
v 124 65 -20
v 90 65 -40
v 105 65 -14
v 105 65 0
v 116 65 -14
v 105 65 -5
v 90 65 -27
v 83 65 -27
v 83 65 -40
v 105 65 -40
v 105 65 -20
v 97 65 -27
v 97 65 -40
v 105 65 -26
v 110 65 -26
v 110 65 -40
v 30 65 -5
v 30 65 0
v 45 65 0
v 45 65 -5
v 30 65 -40
v 30 65 -27
v 37 65 -27
v 37 65 -40
v 45 65 -40
v 45 65 -26
v 50 65 -26
v 50 65 -40
v 75 65 -40
v 75 65 -26
v 70 65 -26
v 70 65 -40
v 64 65 -20
v 64 65 0
v 60 65 0
v 60 65 -20
v 75 65 -20
v 60 65 -40
v 75 65 -14
v 64 65 -14
v 56 65 -20
v 56 65 0
v 45 65 -20
v 45 65 -14
v 56 65 -14
v 180 60 -70
v 180 60 -90
v 176 60 -90
v 176 60 -70
v 150 60 -85
v 150 60 -90
v 165 60 -90
v 165 60 -85
v 165 60 -76
v 176 60 -76
v 150 60 -50
v 150 60 -63
v 157 60 -63
v 157 60 -50
v 180 60 -50
v 165 60 -50
v 165 60 -64
v 170 60 -64
v 170 60 -50
v 165 60 -70
v 143 60 -63
v 143 60 -50
v 135 60 -50
v 135 60 -64
v 130 60 -64
v 130 60 -50
v 135 60 -70
v 120 60 -70
v 120 60 -50
v 124 60 -70
v 124 60 -90
v 120 60 -90
v 135 60 -76
v 135 60 -90
v 124 60 -76
v 135 60 -85
v 90 60 -85
v 90 60 -90
v 105 60 -90
v 105 60 -85
v 105 60 -50
v 105 60 -70
v 105 60 -64
v 110 60 -64
v 110 60 -50
v 105 60 -76
v 116 60 -90
v 116 60 -76
v 116 60 -70
v 75 60 -90
v 75 60 -85
v 90 60 -50
v 90 60 -63
v 97 60 -63
v 97 60 -50
v 83 60 -63
v 83 60 -50
v 75 60 -50
v 75 60 -64
v 70 60 -64
v 70 60 -50
v 64 60 -70
v 64 60 -90
v 60 60 -90
v 60 60 -70
v 75 60 -70
v 60 60 -50
v 75 60 -76
v 64 60 -76
v 30 60 -85
v 30 60 -90
v 45 60 -90
v 45 60 -85
v 45 60 -76
v 56 60 -90
v 56 60 -76
v 30 60 -50
v 45 60 -50
v 45 60 -64
v 50 60 -64
v 50 60 -50
v 30 60 -63
v 37 60 -63
v 37 60 -50
v 45 60 -70
v 90 60 -5
v 90 60 0
v 75 60 0
v 75 60 -5
v 150 60 -40
v 150 60 -27
v 143 60 -27
v 143 60 -40
v 135 60 -40
v 135 60 -26
v 130 60 -26
v 130 60 -40
v 150 60 -5
v 150 60 0
v 135 60 0
v 135 60 -5
v 180 60 -20
v 180 60 0
v 176 60 0
v 176 60 -20
v 165 60 0
v 165 60 -5
v 165 60 -14
v 176 60 -14
v 180 60 -40
v 157 60 -27
v 157 60 -40
v 165 60 -40
v 165 60 -26
v 170 60 -26
v 170 60 -40
v 165 60 -20
v 116 60 -20
v 116 60 0
v 120 60 0
v 120 60 -20
v 135 60 -14
v 124 60 0
v 124 60 -14
v 135 60 -20
v 120 60 -40
v 124 60 -20
v 90 60 -40
v 105 60 -14
v 105 60 0
v 116 60 -14
v 105 60 -5
v 90 60 -27
v 83 60 -27
v 83 60 -40
v 105 60 -40
v 105 60 -20
v 97 60 -27
v 97 60 -40
v 105 60 -26
v 110 60 -26
v 110 60 -40
v 30 60 -5
v 30 60 0
v 45 60 0
v 45 60 -5
v 30 60 -40
v 30 60 -27
v 37 60 -27
v 37 60 -40
v 45 60 -40
v 45 60 -26
v 50 60 -26
v 50 60 -40
v 75 60 -40
v 75 60 -26
v 70 60 -26
v 70 60 -40
v 64 60 -20
v 64 60 0
v 60 60 0
v 60 60 -20
v 75 60 -20
v 60 60 -40
v 75 60 -14
v 64 60 -14
v 56 60 -20
v 56 60 0
v 45 60 -20
v 45 60 -14
v 56 60 -14
v 180 55 -70
v 180 55 -90
v 176 55 -90
v 176 55 -70
v 150 55 -85
v 150 55 -90
v 165 55 -90
v 165 55 -85
v 165 55 -76
v 176 55 -76
v 150 55 -50
v 150 55 -63
v 157 55 -63
v 157 55 -50
v 180 55 -50
v 165 55 -50
v 165 55 -64
v 170 55 -64
v 170 55 -50
v 165 55 -70
v 143 55 -63
v 143 55 -50
v 135 55 -50
v 135 55 -64
v 130 55 -64
v 130 55 -50
v 135 55 -70
v 120 55 -70
v 120 55 -50
v 124 55 -70
v 124 55 -90
v 120 55 -90
v 135 55 -76
v 135 55 -90
v 124 55 -76
v 135 55 -85
v 90 55 -85
v 90 55 -90
v 105 55 -90
v 105 55 -85
v 105 55 -50
v 105 55 -70
v 105 55 -64
v 110 55 -64
v 110 55 -50
v 105 55 -76
v 116 55 -90
v 116 55 -76
v 116 55 -70
v 75 55 -90
v 75 55 -85
v 90 55 -50
v 90 55 -63
v 97 55 -63
v 97 55 -50
v 83 55 -63
v 83 55 -50
v 75 55 -50
v 75 55 -64
v 70 55 -64
v 70 55 -50
v 64 55 -70
v 64 55 -90
v 60 55 -90
v 60 55 -70
v 75 55 -70
v 60 55 -50
v 75 55 -76
v 64 55 -76
v 30 55 -85
v 30 55 -90
v 45 55 -90
v 45 55 -85
v 45 55 -76
v 56 55 -90
v 56 55 -76
v 30 55 -50
v 45 55 -50
v 45 55 -64
v 50 55 -64
v 50 55 -50
v 30 55 -63
v 37 55 -63
v 37 55 -50
v 45 55 -70
v 90 55 -5
v 90 55 0
v 75 55 0
v 75 55 -5
v 150 55 -40
v 150 55 -27
v 143 55 -27
v 143 55 -40
v 135 55 -40
v 135 55 -26
v 130 55 -26
v 130 55 -40
v 150 55 -5
v 150 55 0
v 135 55 0
v 135 55 -5
v 180 55 -20
v 180 55 0
v 176 55 0
v 176 55 -20
v 165 55 0
v 165 55 -5
v 165 55 -14
v 176 55 -14
v 180 55 -40
v 157 55 -27
v 157 55 -40
v 165 55 -40
v 165 55 -26
v 170 55 -26
v 170 55 -40
v 165 55 -20
v 116 55 -20
v 116 55 0
v 120 55 0
v 120 55 -20
v 135 55 -14
v 124 55 0
v 124 55 -14
v 135 55 -20
v 120 55 -40
v 124 55 -20
v 90 55 -40
v 105 55 -14
v 105 55 0
v 116 55 -14
v 105 55 -5
v 90 55 -27
v 83 55 -27
v 83 55 -40
v 105 55 -40
v 105 55 -20
v 97 55 -27
v 97 55 -40
v 105 55 -26
v 110 55 -26
v 110 55 -40
v 30 55 -5
v 30 55 0
v 45 55 0
v 45 55 -5
v 30 55 -40
v 30 55 -27
v 37 55 -27
v 37 55 -40
v 45 55 -40
v 45 55 -26
v 50 55 -26
v 50 55 -40
v 75 55 -40
v 75 55 -26
v 70 55 -26
v 70 55 -40
v 64 55 -20
v 64 55 0
v 60 55 0
v 60 55 -20
v 75 55 -20
v 60 55 -40
v 75 55 -14
v 64 55 -14
v 56 55 -20
v 56 55 0
v 45 55 -20
v 45 55 -14
v 56 55 -14
v 180 50 -70
v 180 50 -90
v 176 50 -90
v 176 50 -70
v 150 50 -85
v 150 50 -90
v 165 50 -90
v 165 50 -85
v 165 50 -76
v 176 50 -76
v 150 50 -50
v 150 50 -63
v 157 50 -63
v 157 50 -50
v 180 50 -50
v 165 50 -50
v 165 50 -64
v 170 50 -64
v 170 50 -50
v 165 50 -70
v 143 50 -63
v 143 50 -50
v 135 50 -50
v 135 50 -64
v 130 50 -64
v 130 50 -50
v 135 50 -70
v 120 50 -70
v 120 50 -50
v 124 50 -70
v 124 50 -90
v 120 50 -90
v 135 50 -76
v 135 50 -90
v 124 50 -76
v 135 50 -85
v 90 50 -85
v 90 50 -90
v 105 50 -90
v 105 50 -85
v 105 50 -50
v 105 50 -70
v 105 50 -64
v 110 50 -64
v 110 50 -50
v 105 50 -76
v 116 50 -90
v 116 50 -76
v 116 50 -70
v 75 50 -90
v 75 50 -85
v 90 50 -50
v 90 50 -63
v 97 50 -63
v 97 50 -50
v 83 50 -63
v 83 50 -50
v 75 50 -50
v 75 50 -64
v 70 50 -64
v 70 50 -50
v 64 50 -70
v 64 50 -90
v 60 50 -90
v 60 50 -70
v 75 50 -70
v 60 50 -50
v 75 50 -76
v 64 50 -76
v 30 50 -85
v 30 50 -90
v 45 50 -90
v 45 50 -85
v 45 50 -76
v 56 50 -90
v 56 50 -76
v 30 50 -50
v 45 50 -50
v 45 50 -64
v 50 50 -64
v 50 50 -50
v 30 50 -63
v 37 50 -63
v 37 50 -50
v 45 50 -70
v 90 50 -5
v 90 50 0
v 75 50 0
v 75 50 -5
v 150 50 -40
v 150 50 -27
v 143 50 -27
v 143 50 -40
v 135 50 -40
v 135 50 -26
v 130 50 -26
v 130 50 -40
v 150 50 -5
v 150 50 0
v 135 50 0
v 135 50 -5
v 180 50 -20
v 180 50 0
v 176 50 0
v 176 50 -20
v 165 50 0
v 165 50 -5
v 165 50 -14
v 176 50 -14
v 180 50 -40
v 157 50 -27
v 157 50 -40
v 165 50 -40
v 165 50 -26
v 170 50 -26
v 170 50 -40
v 165 50 -20
v 116 50 -20
v 116 50 0
v 120 50 0
v 120 50 -20
v 135 50 -14
v 124 50 0
v 124 50 -14
v 135 50 -20
v 120 50 -40
v 124 50 -20
v 90 50 -40
v 105 50 -14
v 105 50 0
v 116 50 -14
v 105 50 -5
v 90 50 -27
v 83 50 -27
v 83 50 -40
v 105 50 -40
v 105 50 -20
v 97 50 -27
v 97 50 -40
v 105 50 -26
v 110 50 -26
v 110 50 -40
v 30 50 -5
v 30 50 0
v 45 50 0
v 45 50 -5
v 30 50 -40
v 30 50 -27
v 37 50 -27
v 37 50 -40
v 45 50 -40
v 45 50 -26
v 50 50 -26
v 50 50 -40
v 75 50 -40
v 75 50 -26
v 70 50 -26
v 70 50 -40
v 64 50 -20
v 64 50 0
v 60 50 0
v 60 50 -20
v 75 50 -20
v 60 50 -40
v 75 50 -14
v 64 50 -14
v 56 50 -20
v 56 50 0
v 45 50 -20
v 45 50 -14
v 56 50 -14
v 180 45 -70
v 180 45 -90
v 176 45 -90
v 176 45 -70
v 150 45 -85
v 150 45 -90
v 165 45 -90
v 165 45 -85
v 165 45 -76
v 176 45 -76
v 150 45 -50
v 150 45 -63
v 157 45 -63
v 157 45 -50
v 180 45 -50
v 165 45 -50
v 165 45 -64
v 170 45 -64
v 170 45 -50
v 165 45 -70
v 143 45 -63
v 143 45 -50
v 135 45 -50
v 135 45 -64
v 130 45 -64
v 130 45 -50
v 135 45 -70
v 120 45 -70
v 120 45 -50
v 124 45 -70
v 124 45 -90
v 120 45 -90
v 135 45 -76
v 135 45 -90
v 124 45 -76
v 135 45 -85
v 90 45 -85
v 90 45 -90
v 105 45 -90
v 105 45 -85
v 105 45 -50
v 105 45 -70
v 105 45 -64
v 110 45 -64
v 110 45 -50
v 105 45 -76
v 116 45 -90
v 116 45 -76
v 116 45 -70
v 75 45 -90
v 75 45 -85
v 90 45 -50
v 90 45 -63
v 97 45 -63
v 97 45 -50
v 83 45 -63
v 83 45 -50
v 75 45 -50
v 75 45 -64
v 70 45 -64
v 70 45 -50
v 64 45 -70
v 64 45 -90
v 60 45 -90
v 60 45 -70
v 75 45 -70
v 60 45 -50
v 75 45 -76
v 64 45 -76
v 30 45 -85
v 30 45 -90
v 45 45 -90
v 45 45 -85
v 45 45 -76
v 56 45 -90
v 56 45 -76
v 30 45 -50
v 45 45 -50
v 45 45 -64
v 50 45 -64
v 50 45 -50
v 30 45 -63
v 37 45 -63
v 37 45 -50
v 45 45 -70
v 90 45 -5
v 90 45 0
v 75 45 0
v 75 45 -5
v 150 45 -40
v 150 45 -27
v 143 45 -27
v 143 45 -40
v 135 45 -40
v 135 45 -26
v 130 45 -26
v 130 45 -40
v 150 45 -5
v 150 45 0
v 135 45 0
v 135 45 -5
v 180 45 -20
v 180 45 0
v 176 45 0
v 176 45 -20
v 165 45 0
v 165 45 -5
v 165 45 -14
v 176 45 -14
v 180 45 -40
v 157 45 -27
v 157 45 -40
v 165 45 -40
v 165 45 -26
v 170 45 -26
v 170 45 -40
v 165 45 -20
v 116 45 -20
v 116 45 0
v 120 45 0
v 120 45 -20
v 135 45 -14
v 124 45 0
v 124 45 -14
v 135 45 -20
v 120 45 -40
v 124 45 -20
v 90 45 -40
v 105 45 -14
v 105 45 0
v 116 45 -14
v 105 45 -5
v 90 45 -27
v 83 45 -27
v 83 45 -40
v 105 45 -40
v 105 45 -20
v 97 45 -27
v 97 45 -40
v 105 45 -26
v 110 45 -26
v 110 45 -40
v 30 45 -5
v 30 45 0
v 45 45 0
v 45 45 -5
v 30 45 -40
v 30 45 -27
v 37 45 -27
v 37 45 -40
v 45 45 -40
v 45 45 -26
v 50 45 -26
v 50 45 -40
v 75 45 -40
v 75 45 -26
v 70 45 -26
v 70 45 -40
v 64 45 -20
v 64 45 0
v 60 45 0
v 60 45 -20
v 75 45 -20
v 60 45 -40
v 75 45 -14
v 64 45 -14
v 56 45 -20
v 56 45 0
v 45 45 -20
v 45 45 -14
v 56 45 -14
v 180 40 -70
v 180 40 -90
v 176 40 -90
v 176 40 -70
v 150 40 -85
v 150 40 -90
v 165 40 -90
v 165 40 -85
v 165 40 -76
v 176 40 -76
v 150 40 -50
v 150 40 -63
v 157 40 -63
v 157 40 -50
v 180 40 -50
v 165 40 -50
v 165 40 -64
v 170 40 -64
v 170 40 -50
v 165 40 -70
v 143 40 -63
v 143 40 -50
v 135 40 -50
v 135 40 -64
v 130 40 -64
v 130 40 -50
v 135 40 -70
v 120 40 -70
v 120 40 -50
v 124 40 -70
v 124 40 -90
v 120 40 -90
v 135 40 -76
v 135 40 -90
v 124 40 -76
v 135 40 -85
v 90 40 -85
v 90 40 -90
v 105 40 -90
v 105 40 -85
v 105 40 -50
v 105 40 -70
v 105 40 -64
v 110 40 -64
v 110 40 -50
v 105 40 -76
v 116 40 -90
v 116 40 -76
v 116 40 -70
v 75 40 -90
v 75 40 -85
v 90 40 -50
v 90 40 -63
v 97 40 -63
v 97 40 -50
v 83 40 -63
v 83 40 -50
v 75 40 -50
v 75 40 -64
v 70 40 -64
v 70 40 -50
v 64 40 -70
v 64 40 -90
v 60 40 -90
v 60 40 -70
v 75 40 -70
v 60 40 -50
v 75 40 -76
v 64 40 -76
v 30 40 -85
v 30 40 -90
v 45 40 -90
v 45 40 -85
v 45 40 -76
v 56 40 -90
v 56 40 -76
v 30 40 -50
v 45 40 -50
v 45 40 -64
v 50 40 -64
v 50 40 -50
v 30 40 -63
v 37 40 -63
v 37 40 -50
v 45 40 -70
v 90 40 -5
v 90 40 0
v 75 40 0
v 75 40 -5
v 150 40 -40
v 150 40 -27
v 143 40 -27
v 143 40 -40
v 135 40 -40
v 135 40 -26
v 130 40 -26
v 130 40 -40
v 150 40 -5
v 150 40 0
v 135 40 0
v 135 40 -5
v 180 40 -20
v 180 40 0
v 176 40 0
v 176 40 -20
v 165 40 0
v 165 40 -5
v 165 40 -14
v 176 40 -14
v 180 40 -40
v 157 40 -27
v 157 40 -40
v 165 40 -40
v 165 40 -26
v 170 40 -26
v 170 40 -40
v 165 40 -20
v 116 40 -20
v 116 40 0
v 120 40 0
v 120 40 -20
v 135 40 -14
v 124 40 0
v 124 40 -14
v 135 40 -20
v 120 40 -40
v 124 40 -20
v 90 40 -40
v 105 40 -14
v 105 40 0
v 116 40 -14
v 105 40 -5
v 90 40 -27
v 83 40 -27
v 83 40 -40
v 105 40 -40
v 105 40 -20
v 97 40 -27
v 97 40 -40
v 105 40 -26
v 110 40 -26
v 110 40 -40
v 30 40 -5
v 30 40 0
v 45 40 0
v 45 40 -5
v 30 40 -40
v 30 40 -27
v 37 40 -27
v 37 40 -40
v 45 40 -40
v 45 40 -26
v 50 40 -26
v 50 40 -40
v 75 40 -40
v 75 40 -26
v 70 40 -26
v 70 40 -40
v 64 40 -20
v 64 40 0
v 60 40 0
v 60 40 -20
v 75 40 -20
v 60 40 -40
v 75 40 -14
v 64 40 -14
v 56 40 -20
v 56 40 0
v 45 40 -20
v 45 40 -14
v 56 40 -14
v 180 35 -70
v 180 35 -90
v 176 35 -90
v 176 35 -70
v 150 35 -85
v 150 35 -90
v 165 35 -90
v 165 35 -85
v 165 35 -76
v 176 35 -76
v 150 35 -50
v 150 35 -63
v 157 35 -63
v 157 35 -50
v 180 35 -50
v 165 35 -50
v 165 35 -64
v 170 35 -64
v 170 35 -50
v 165 35 -70
v 143 35 -63
v 143 35 -50
v 135 35 -50
v 135 35 -64
v 130 35 -64
v 130 35 -50
v 135 35 -70
v 120 35 -70
v 120 35 -50
v 124 35 -70
v 124 35 -90
v 120 35 -90
v 135 35 -76
v 135 35 -90
v 124 35 -76
v 135 35 -85
v 90 35 -85
v 90 35 -90
v 105 35 -90
v 105 35 -85
v 105 35 -50
v 105 35 -70
v 105 35 -64
v 110 35 -64
v 110 35 -50
v 105 35 -76
v 116 35 -90
v 116 35 -76
v 116 35 -70
v 75 35 -90
v 75 35 -85
v 90 35 -50
v 90 35 -63
v 97 35 -63
v 97 35 -50
v 83 35 -63
v 83 35 -50
v 75 35 -50
v 75 35 -64
v 70 35 -64
v 70 35 -50
v 64 35 -70
v 64 35 -90
v 60 35 -90
v 60 35 -70
v 75 35 -70
v 60 35 -50
v 75 35 -76
v 64 35 -76
v 30 35 -85
v 30 35 -90
v 45 35 -90
v 45 35 -85
v 45 35 -76
v 56 35 -90
v 56 35 -76
v 30 35 -50
v 45 35 -50
v 45 35 -64
v 50 35 -64
v 50 35 -50
v 30 35 -63
v 37 35 -63
v 37 35 -50
v 45 35 -70
v 90 35 -5
v 90 35 0
v 75 35 0
v 75 35 -5
v 150 35 -40
v 150 35 -27
v 143 35 -27
v 143 35 -40
v 135 35 -40
v 135 35 -26
v 130 35 -26
v 130 35 -40
v 150 35 -5
v 150 35 0
v 135 35 0
v 135 35 -5
v 180 35 -20
v 180 35 0
v 176 35 0
v 176 35 -20
v 165 35 0
v 165 35 -5
v 165 35 -14
v 176 35 -14
v 180 35 -40
v 157 35 -27
v 157 35 -40
v 165 35 -40
v 165 35 -26
v 170 35 -26
v 170 35 -40
v 165 35 -20
v 116 35 -20
v 116 35 0
v 120 35 0
v 120 35 -20
v 135 35 -14
v 124 35 0
v 124 35 -14
v 135 35 -20
v 120 35 -40
v 124 35 -20
v 90 35 -40
v 105 35 -14
v 105 35 0
v 116 35 -14
v 105 35 -5
v 90 35 -27
v 83 35 -27
v 83 35 -40
v 105 35 -40
v 105 35 -20
v 97 35 -27
v 97 35 -40
v 105 35 -26
v 110 35 -26
v 110 35 -40
v 30 35 -5
v 30 35 0
v 45 35 0
v 45 35 -5
v 30 35 -40
v 30 35 -27
v 37 35 -27
v 37 35 -40
v 45 35 -40
v 45 35 -26
v 50 35 -26
v 50 35 -40
v 75 35 -40
v 75 35 -26
v 70 35 -26
v 70 35 -40
v 64 35 -20
v 64 35 0
v 60 35 0
v 60 35 -20
v 75 35 -20
v 60 35 -40
v 75 35 -14
v 64 35 -14
v 56 35 -20
v 56 35 0
v 45 35 -20
v 45 35 -14
v 56 35 -14
v 180 30 -70
v 180 30 -90
v 176 30 -90
v 176 30 -70
v 150 30 -85
v 150 30 -90
v 165 30 -90
v 165 30 -85
v 165 30 -76
v 176 30 -76
v 150 30 -50
v 150 30 -63
v 157 30 -63
v 157 30 -50
v 180 30 -50
v 165 30 -50
v 165 30 -64
v 170 30 -64
v 170 30 -50
v 165 30 -70
v 143 30 -63
v 143 30 -50
v 135 30 -50
v 135 30 -64
v 130 30 -64
v 130 30 -50
v 135 30 -70
v 120 30 -70
v 120 30 -50
v 124 30 -70
v 124 30 -90
v 120 30 -90
v 135 30 -76
v 135 30 -90
v 124 30 -76
v 135 30 -85
v 90 30 -85
v 90 30 -90
v 105 30 -90
v 105 30 -85
v 105 30 -50
v 105 30 -70
v 105 30 -64
v 110 30 -64
v 110 30 -50
v 105 30 -76
v 116 30 -90
v 116 30 -76
v 116 30 -70
v 75 30 -90
v 75 30 -85
v 90 30 -50
v 90 30 -63
v 97 30 -63
v 97 30 -50
v 83 30 -63
v 83 30 -50
v 75 30 -50
v 75 30 -64
v 70 30 -64
v 70 30 -50
v 64 30 -70
v 64 30 -90
v 60 30 -90
v 60 30 -70
v 75 30 -70
v 60 30 -50
v 75 30 -76
v 64 30 -76
v 30 30 -85
v 30 30 -90
v 45 30 -90
v 45 30 -85
v 45 30 -76
v 56 30 -90
v 56 30 -76
v 30 30 -50
v 45 30 -50
v 45 30 -64
v 50 30 -64
v 50 30 -50
v 30 30 -63
v 37 30 -63
v 37 30 -50
v 45 30 -70
v 90 30 -5
v 90 30 0
v 75 30 0
v 75 30 -5
v 150 30 -40
v 150 30 -27
v 143 30 -27
v 143 30 -40
v 135 30 -40
v 135 30 -26
v 130 30 -26
v 130 30 -40
v 150 30 -5
v 150 30 0
v 135 30 0
v 135 30 -5
v 180 30 -20
v 180 30 0
v 176 30 0
v 176 30 -20
v 165 30 0
v 165 30 -5
v 165 30 -14
v 176 30 -14
v 180 30 -40
v 157 30 -27
v 157 30 -40
v 165 30 -40
v 165 30 -26
v 170 30 -26
v 170 30 -40
v 165 30 -20
v 116 30 -20
v 116 30 0
v 120 30 0
v 120 30 -20
v 135 30 -14
v 124 30 0
v 124 30 -14
v 135 30 -20
v 120 30 -40
v 124 30 -20
v 90 30 -40
v 105 30 -14
v 105 30 0
v 116 30 -14
v 105 30 -5
v 90 30 -27
v 83 30 -27
v 83 30 -40
v 105 30 -40
v 105 30 -20
v 97 30 -27
v 97 30 -40
v 105 30 -26
v 110 30 -26
v 110 30 -40
v 30 30 -5
v 30 30 0
v 45 30 0
v 45 30 -5
v 30 30 -40
v 30 30 -27
v 37 30 -27
v 37 30 -40
v 45 30 -40
v 45 30 -26
v 50 30 -26
v 50 30 -40
v 75 30 -40
v 75 30 -26
v 70 30 -26
v 70 30 -40
v 64 30 -20
v 64 30 0
v 60 30 0
v 60 30 -20
v 75 30 -20
v 60 30 -40
v 75 30 -14
v 64 30 -14
v 56 30 -20
v 56 30 0
v 45 30 -20
v 45 30 -14
v 56 30 -14
v 180 25 -70
v 180 25 -90
v 176 25 -90
v 176 25 -70
v 150 25 -85
v 150 25 -90
v 165 25 -90
v 165 25 -85
v 165 25 -76
v 176 25 -76
v 150 25 -50
v 150 25 -63
v 157 25 -63
v 157 25 -50
v 180 25 -50
v 165 25 -50
v 165 25 -64
v 170 25 -64
v 170 25 -50
v 165 25 -70
v 143 25 -63
v 143 25 -50
v 135 25 -50
v 135 25 -64
v 130 25 -64
v 130 25 -50
v 135 25 -70
v 120 25 -70
v 120 25 -50
v 124 25 -70
v 124 25 -90
v 120 25 -90
v 135 25 -76
v 135 25 -90
v 124 25 -76
v 135 25 -85
v 90 25 -85
v 90 25 -90
v 105 25 -90
v 105 25 -85
v 105 25 -50
v 105 25 -70
v 105 25 -64
v 110 25 -64
v 110 25 -50
v 105 25 -76
v 116 25 -90
v 116 25 -76
v 116 25 -70
v 75 25 -90
v 75 25 -85
v 90 25 -50
v 90 25 -63
v 97 25 -63
v 97 25 -50
v 83 25 -63
v 83 25 -50
v 75 25 -50
v 75 25 -64
v 70 25 -64
v 70 25 -50
v 64 25 -70
v 64 25 -90
v 60 25 -90
v 60 25 -70
v 75 25 -70
v 60 25 -50
v 75 25 -76
v 64 25 -76
v 30 25 -85
v 30 25 -90
v 45 25 -90
v 45 25 -85
v 45 25 -76
v 56 25 -90
v 56 25 -76
v 30 25 -50
v 45 25 -50
v 45 25 -64
v 50 25 -64
v 50 25 -50
v 30 25 -63
v 37 25 -63
v 37 25 -50
v 45 25 -70
v 90 25 -5
v 90 25 0
v 75 25 0
v 75 25 -5
v 150 25 -40
v 150 25 -27
v 143 25 -27
v 143 25 -40
v 135 25 -40
v 135 25 -26
v 130 25 -26
v 130 25 -40
v 150 25 -5
v 150 25 0
v 135 25 0
v 135 25 -5
v 180 25 -20
v 180 25 0
v 176 25 0
v 176 25 -20
v 165 25 0
v 165 25 -5
v 165 25 -14
v 176 25 -14
v 180 25 -40
v 157 25 -27
v 157 25 -40
v 165 25 -40
v 165 25 -26
v 170 25 -26
v 170 25 -40
v 165 25 -20
v 116 25 -20
v 116 25 0
v 120 25 0
v 120 25 -20
v 135 25 -14
v 124 25 0
v 124 25 -14
v 135 25 -20
v 120 25 -40
v 124 25 -20
v 90 25 -40
v 105 25 -14
v 105 25 0
v 116 25 -14
v 105 25 -5
v 90 25 -27
v 83 25 -27
v 83 25 -40
v 105 25 -40
v 105 25 -20
v 97 25 -27
v 97 25 -40
v 105 25 -26
v 110 25 -26
v 110 25 -40
v 30 25 -5
v 30 25 0
v 45 25 0
v 45 25 -5
v 30 25 -40
v 30 25 -27
v 37 25 -27
v 37 25 -40
v 45 25 -40
v 45 25 -26
v 50 25 -26
v 50 25 -40
v 75 25 -40
v 75 25 -26
v 70 25 -26
v 70 25 -40
v 64 25 -20
v 64 25 0
v 60 25 0
v 60 25 -20
v 75 25 -20
v 60 25 -40
v 75 25 -14
v 64 25 -14
v 56 25 -20
v 56 25 0
v 45 25 -20
v 45 25 -14
v 56 25 -14
v 180 20 -70
v 180 20 -90
v 176 20 -90
v 176 20 -70
v 150 20 -85
v 150 20 -90
v 165 20 -90
v 165 20 -85
v 165 20 -76
v 176 20 -76
v 150 20 -50
v 150 20 -63
v 157 20 -63
v 157 20 -50
v 180 20 -50
v 165 20 -50
v 165 20 -64
v 170 20 -64
v 170 20 -50
v 165 20 -70
v 143 20 -63
v 143 20 -50
v 135 20 -50
v 135 20 -64
v 130 20 -64
v 130 20 -50
v 135 20 -70
v 120 20 -70
v 120 20 -50
v 124 20 -70
v 124 20 -90
v 120 20 -90
v 135 20 -76
v 135 20 -90
v 124 20 -76
v 135 20 -85
v 90 20 -85
v 90 20 -90
v 105 20 -90
v 105 20 -85
v 105 20 -50
v 105 20 -70
v 105 20 -64
v 110 20 -64
v 110 20 -50
v 105 20 -76
v 116 20 -90
v 116 20 -76
v 116 20 -70
v 75 20 -90
v 75 20 -85
v 90 20 -50
v 90 20 -63
v 97 20 -63
v 97 20 -50
v 83 20 -63
v 83 20 -50
v 75 20 -50
v 75 20 -64
v 70 20 -64
v 70 20 -50
v 64 20 -70
v 64 20 -90
v 60 20 -90
v 60 20 -70
v 75 20 -70
v 60 20 -50
v 75 20 -76
v 64 20 -76
v 30 20 -85
v 30 20 -90
v 45 20 -90
v 45 20 -85
v 45 20 -76
v 56 20 -90
v 56 20 -76
v 30 20 -50
v 45 20 -50
v 45 20 -64
v 50 20 -64
v 50 20 -50
v 30 20 -63
v 37 20 -63
v 37 20 -50
v 45 20 -70
v 90 20 -5
v 90 20 0
v 75 20 0
v 75 20 -5
v 150 20 -40
v 150 20 -27
v 143 20 -27
v 143 20 -40
v 135 20 -40
v 135 20 -26
v 130 20 -26
v 130 20 -40
v 150 20 -5
v 150 20 0
v 135 20 0
v 135 20 -5
v 180 20 -20
v 180 20 0
v 176 20 0
v 176 20 -20
v 165 20 0
v 165 20 -5
v 165 20 -14
v 176 20 -14
v 180 20 -40
v 157 20 -27
v 157 20 -40
v 165 20 -40
v 165 20 -26
v 170 20 -26
v 170 20 -40
v 165 20 -20
v 116 20 -20
v 116 20 0
v 120 20 0
v 120 20 -20
v 135 20 -14
v 124 20 0
v 124 20 -14
v 135 20 -20
v 120 20 -40
v 124 20 -20
v 90 20 -40
v 105 20 -14
v 105 20 0
v 116 20 -14
v 105 20 -5
v 90 20 -27
v 83 20 -27
v 83 20 -40
v 105 20 -40
v 105 20 -20
v 97 20 -27
v 97 20 -40
v 105 20 -26
v 110 20 -26
v 110 20 -40
v 30 20 -5
v 30 20 0
v 45 20 0
v 45 20 -5
v 30 20 -40
v 30 20 -27
v 37 20 -27
v 37 20 -40
v 45 20 -40
v 45 20 -26
v 50 20 -26
v 50 20 -40
v 75 20 -40
v 75 20 -26
v 70 20 -26
v 70 20 -40
v 64 20 -20
v 64 20 0
v 60 20 0
v 60 20 -20
v 75 20 -20
v 60 20 -40
v 75 20 -14
v 64 20 -14
v 56 20 -20
v 56 20 0
v 45 20 -20
v 45 20 -14
v 56 20 -14
v 180 15 -70
v 180 15 -90
v 176 15 -90
v 176 15 -70
v 150 15 -85
v 150 15 -90
v 165 15 -90
v 165 15 -85
v 165 15 -76
v 176 15 -76
v 150 15 -50
v 150 15 -63
v 157 15 -63
v 157 15 -50
v 180 15 -50
v 165 15 -50
v 165 15 -64
v 170 15 -64
v 170 15 -50
v 165 15 -70
v 143 15 -63
v 143 15 -50
v 135 15 -50
v 135 15 -64
v 130 15 -64
v 130 15 -50
v 135 15 -70
v 120 15 -70
v 120 15 -50
v 124 15 -70
v 124 15 -90
v 120 15 -90
v 135 15 -76
v 135 15 -90
v 124 15 -76
v 135 15 -85
v 90 15 -85
v 90 15 -90
v 105 15 -90
v 105 15 -85
v 105 15 -50
v 105 15 -70
v 105 15 -64
v 110 15 -64
v 110 15 -50
v 105 15 -76
v 116 15 -90
v 116 15 -76
v 116 15 -70
v 75 15 -90
v 75 15 -85
v 90 15 -50
v 90 15 -63
v 97 15 -63
v 97 15 -50
v 83 15 -63
v 83 15 -50
v 75 15 -50
v 75 15 -64
v 70 15 -64
v 70 15 -50
v 64 15 -70
v 64 15 -90
v 60 15 -90
v 60 15 -70
v 75 15 -70
v 60 15 -50
v 75 15 -76
v 64 15 -76
v 30 15 -85
v 30 15 -90
v 45 15 -90
v 45 15 -85
v 45 15 -76
v 56 15 -90
v 56 15 -76
v 30 15 -50
v 45 15 -50
v 45 15 -64
v 50 15 -64
v 50 15 -50
v 30 15 -63
v 37 15 -63
v 37 15 -50
v 45 15 -70
v 90 15 -5
v 90 15 0
v 75 15 0
v 75 15 -5
v 150 15 -40
v 150 15 -27
v 143 15 -27
v 143 15 -40
v 135 15 -40
v 135 15 -26
v 130 15 -26
v 130 15 -40
v 150 15 -5
v 150 15 0
v 135 15 0
v 135 15 -5
v 180 15 -20
v 180 15 0
v 176 15 0
v 176 15 -20
v 165 15 0
v 165 15 -5
v 165 15 -14
v 176 15 -14
v 180 15 -40
v 157 15 -27
v 157 15 -40
v 165 15 -40
v 165 15 -26
v 170 15 -26
v 170 15 -40
v 165 15 -20
v 116 15 -20
v 116 15 0
v 120 15 0
v 120 15 -20
v 135 15 -14
v 124 15 0
v 124 15 -14
v 135 15 -20
v 120 15 -40
v 124 15 -20
v 90 15 -40
v 105 15 -14
v 105 15 0
v 116 15 -14
v 105 15 -5
v 90 15 -27
v 83 15 -27
v 83 15 -40
v 105 15 -40
v 105 15 -20
v 97 15 -27
v 97 15 -40
v 105 15 -26
v 110 15 -26
v 110 15 -40
v 30 15 -5
v 30 15 0
v 45 15 0
v 45 15 -5
v 30 15 -40
v 30 15 -27
v 37 15 -27
v 37 15 -40
v 45 15 -40
v 45 15 -26
v 50 15 -26
v 50 15 -40
v 75 15 -40
v 75 15 -26
v 70 15 -26
v 70 15 -40
v 64 15 -20
v 64 15 0
v 60 15 0
v 60 15 -20
v 75 15 -20
v 60 15 -40
v 75 15 -14
v 64 15 -14
v 56 15 -20
v 56 15 0
v 45 15 -20
v 45 15 -14
v 56 15 -14
v 180 10 -70
v 180 10 -90
v 176 10 -90
v 176 10 -70
v 150 10 -85
v 150 10 -90
v 165 10 -90
v 165 10 -85
v 165 10 -76
v 176 10 -76
v 150 10 -50
v 150 10 -63
v 157 10 -63
v 157 10 -50
v 180 10 -50
v 165 10 -50
v 165 10 -64
v 170 10 -64
v 170 10 -50
v 165 10 -70
v 143 10 -63
v 143 10 -50
v 135 10 -50
v 135 10 -64
v 130 10 -64
v 130 10 -50
v 135 10 -70
v 120 10 -70
v 120 10 -50
v 124 10 -70
v 124 10 -90
v 120 10 -90
v 135 10 -76
v 135 10 -90
v 124 10 -76
v 135 10 -85
v 90 10 -85
v 90 10 -90
v 105 10 -90
v 105 10 -85
v 105 10 -50
v 105 10 -70
v 105 10 -64
v 110 10 -64
v 110 10 -50
v 105 10 -76
v 116 10 -90
v 116 10 -76
v 116 10 -70
v 75 10 -90
v 75 10 -85
v 90 10 -50
v 90 10 -63
v 97 10 -63
v 97 10 -50
v 83 10 -63
v 83 10 -50
v 75 10 -50
v 75 10 -64
v 70 10 -64
v 70 10 -50
v 64 10 -70
v 64 10 -90
v 60 10 -90
v 60 10 -70
v 75 10 -70
v 60 10 -50
v 75 10 -76
v 64 10 -76
v 30 10 -85
v 30 10 -90
v 45 10 -90
v 45 10 -85
v 45 10 -76
v 56 10 -90
v 56 10 -76
v 30 10 -50
v 45 10 -50
v 45 10 -64
v 50 10 -64
v 50 10 -50
v 30 10 -63
v 37 10 -63
v 37 10 -50
v 45 10 -70
v 90 10 -5
v 90 10 0
v 75 10 0
v 75 10 -5
v 150 10 -40
v 150 10 -27
v 143 10 -27
v 143 10 -40
v 135 10 -40
v 135 10 -26
v 130 10 -26
v 130 10 -40
v 150 10 -5
v 150 10 0
v 135 10 0
v 135 10 -5
v 180 10 -20
v 180 10 0
v 176 10 0
v 176 10 -20
v 165 10 0
v 165 10 -5
v 165 10 -14
v 176 10 -14
v 180 10 -40
v 157 10 -27
v 157 10 -40
v 165 10 -40
v 165 10 -26
v 170 10 -26
v 170 10 -40
v 165 10 -20
v 116 10 -20
v 116 10 0
v 120 10 0
v 120 10 -20
v 135 10 -14
v 124 10 0
v 124 10 -14
v 135 10 -20
v 120 10 -40
v 124 10 -20
v 90 10 -40
v 105 10 -14
v 105 10 0
v 116 10 -14
v 105 10 -5
v 90 10 -27
v 83 10 -27
v 83 10 -40
v 105 10 -40
v 105 10 -20
v 97 10 -27
v 97 10 -40
v 105 10 -26
v 110 10 -26
v 110 10 -40
v 30 10 -5
v 30 10 0
v 45 10 0
v 45 10 -5
v 30 10 -40
v 30 10 -27
v 37 10 -27
v 37 10 -40
v 45 10 -40
v 45 10 -26
v 50 10 -26
v 50 10 -40
v 75 10 -40
v 75 10 -26
v 70 10 -26
v 70 10 -40
v 64 10 -20
v 64 10 0
v 60 10 0
v 60 10 -20
v 75 10 -20
v 60 10 -40
v 75 10 -14
v 64 10 -14
v 56 10 -20
v 56 10 0
v 45 10 -20
v 45 10 -14
v 56 10 -14
v 180 5 -70
v 180 5 -90
v 176 5 -90
v 176 5 -70
v 150 5 -85
v 150 5 -90
v 165 5 -90
v 165 5 -85
v 165 5 -76
v 176 5 -76
v 150 5 -50
v 150 5 -63
v 157 5 -63
v 157 5 -50
v 180 5 -50
v 165 5 -50
v 165 5 -64
v 170 5 -64
v 170 5 -50
v 165 5 -70
v 143 5 -63
v 143 5 -50
v 135 5 -50
v 135 5 -64
v 130 5 -64
v 130 5 -50
v 135 5 -70
v 120 5 -70
v 120 5 -50
v 124 5 -70
v 124 5 -90
v 120 5 -90
v 135 5 -76
v 135 5 -90
v 124 5 -76
v 135 5 -85
v 90 5 -85
v 90 5 -90
v 105 5 -90
v 105 5 -85
v 105 5 -50
v 105 5 -70
v 105 5 -64
v 110 5 -64
v 110 5 -50
v 105 5 -76
v 116 5 -90
v 116 5 -76
v 116 5 -70
v 75 5 -90
v 75 5 -85
v 90 5 -50
v 90 5 -63
v 97 5 -63
v 97 5 -50
v 83 5 -63
v 83 5 -50
v 75 5 -50
v 75 5 -64
v 70 5 -64
v 70 5 -50
v 64 5 -70
v 64 5 -90
v 60 5 -90
v 60 5 -70
v 75 5 -70
v 60 5 -50
v 75 5 -76
v 64 5 -76
v 30 5 -85
v 30 5 -90
v 45 5 -90
v 45 5 -85
v 45 5 -76
v 56 5 -90
v 56 5 -76
v 30 5 -50
v 45 5 -50
v 45 5 -64
v 50 5 -64
v 50 5 -50
v 30 5 -63
v 37 5 -63
v 37 5 -50
v 45 5 -70
v 90 5 -5
v 90 5 0
v 75 5 0
v 75 5 -5
v 150 5 -40
v 150 5 -27
v 143 5 -27
v 143 5 -40
v 135 5 -40
v 135 5 -26
v 130 5 -26
v 130 5 -40
v 150 5 -5
v 150 5 0
v 135 5 0
v 135 5 -5
v 180 5 -20
v 180 5 0
v 176 5 0
v 176 5 -20
v 165 5 0
v 165 5 -5
v 165 5 -14
v 176 5 -14
v 180 5 -40
v 157 5 -27
v 157 5 -40
v 165 5 -40
v 165 5 -26
v 170 5 -26
v 170 5 -40
v 165 5 -20
v 116 5 -20
v 116 5 0
v 120 5 0
v 120 5 -20
v 135 5 -14
v 124 5 0
v 124 5 -14
v 135 5 -20
v 120 5 -40
v 124 5 -20
v 90 5 -40
v 105 5 -14
v 105 5 0
v 116 5 -14
v 105 5 -5
v 90 5 -27
v 83 5 -27
v 83 5 -40
v 105 5 -40
v 105 5 -20
v 97 5 -27
v 97 5 -40
v 105 5 -26
v 110 5 -26
v 110 5 -40
v 30 5 -5
v 30 5 0
v 45 5 0
v 45 5 -5
v 30 5 -40
v 30 5 -27
v 37 5 -27
v 37 5 -40
v 45 5 -40
v 45 5 -26
v 50 5 -26
v 50 5 -40
v 75 5 -40
v 75 5 -26
v 70 5 -26
v 70 5 -40
v 64 5 -20
v 64 5 0
v 60 5 0
v 60 5 -20
v 75 5 -20
v 60 5 -40
v 75 5 -14
v 64 5 -14
v 56 5 -20
v 56 5 0
v 45 5 -20
v 45 5 -14
v 56 5 -14
v 180 0 -90
v 176 0 -90
v 176 0 -70
v 150 0 -85
v 150 0 -90
v 165 0 -90
v 165 0 -85
v 165 0 -76
v 176 0 -76
v 150 0 -50
v 150 0 -63
v 157 0 -63
v 157 0 -50
v 165 0 -50
v 165 0 -64
v 170 0 -64
v 170 0 -50
v 165 0 -70
v 143 0 -63
v 143 0 -50
v 135 0 -50
v 135 0 -64
v 130 0 -64
v 130 0 -50
v 135 0 -70
v 120 0 -70
v 120 0 -50
v 124 0 -70
v 124 0 -90
v 120 0 -90
v 135 0 -76
v 135 0 -90
v 124 0 -76
v 135 0 -85
v 90 0 -85
v 90 0 -90
v 105 0 -90
v 105 0 -85
v 105 0 -50
v 105 0 -70
v 105 0 -64
v 110 0 -64
v 110 0 -50
v 105 0 -76
v 116 0 -90
v 116 0 -76
v 116 0 -70
v 75 0 -90
v 75 0 -85
v 90 0 -50
v 90 0 -63
v 97 0 -63
v 97 0 -50
v 83 0 -63
v 83 0 -50
v 75 0 -50
v 75 0 -64
v 70 0 -64
v 70 0 -50
v 64 0 -70
v 64 0 -90
v 60 0 -90
v 60 0 -70
v 75 0 -70
v 60 0 -50
v 75 0 -76
v 64 0 -76
v 30 0 -85
v 30 0 -90
v 45 0 -90
v 45 0 -85
v 45 0 -76
v 56 0 -90
v 56 0 -76
v 45 0 -50
v 45 0 -64
v 50 0 -64
v 50 0 -50
v 30 0 -63
v 37 0 -63
v 37 0 -50
v 45 0 -70
v 90 0 -5
v 90 0 0
v 75 0 0
v 75 0 -5
v 150 0 -40
v 150 0 -27
v 143 0 -27
v 143 0 -40
v 135 0 -40
v 135 0 -26
v 130 0 -26
v 130 0 -40
v 150 0 -5
v 150 0 0
v 135 0 0
v 135 0 -5
v 180 0 0
v 176 0 0
v 176 0 -20
v 165 0 0
v 165 0 -5
v 165 0 -14
v 176 0 -14
v 157 0 -27
v 157 0 -40
v 165 0 -40
v 165 0 -26
v 170 0 -26
v 170 0 -40
v 165 0 -20
v 116 0 -20
v 116 0 0
v 120 0 0
v 120 0 -20
v 135 0 -14
v 124 0 0
v 124 0 -14
v 135 0 -20
v 120 0 -40
v 124 0 -20
v 90 0 -40
v 105 0 -14
v 105 0 0
v 116 0 -14
v 105 0 -5
v 90 0 -27
v 83 0 -27
v 83 0 -40
v 105 0 -40
v 105 0 -20
v 97 0 -27
v 97 0 -40
v 105 0 -26
v 110 0 -26
v 110 0 -40
v 30 0 -5
v 30 0 0
v 45 0 0
v 45 0 -5
v 30 0 -27
v 37 0 -27
v 37 0 -40
v 45 0 -40
v 45 0 -26
v 50 0 -26
v 50 0 -40
v 75 0 -40
v 75 0 -26
v 70 0 -26
v 70 0 -40
v 64 0 -20
v 64 0 0
v 60 0 0
v 60 0 -20
v 75 0 -20
v 60 0 -40
v 75 0 -14
v 64 0 -14
v 56 0 -20
v 56 0 0
v 45 0 -20
v 45 0 -14
v 56 0 -14
f 34 17 18 20 22 24 26 28 30 32
f 15 33 31 29 27 25 23 21 19 16
f 52 54 37 38 40 42 44 46 48 50
f 39 36 35 53 51 49 47 45 43 41
f 2 4 3 1
f 5 6 4 2
f 7 8 6 5
f 1 3 8 7
f 3 4 6 8
f 2 1 7 5
f 1 9 10 3
f 11 1 3 12
f 13 11 12 14
f 9 13 14 10
f 10 14 12 3
f 1 11 13 9
f 16 18 17 15
f 19 20 18 16
f 21 22 20 19
f 23 24 22 21
f 25 26 24 23
f 27 28 26 25
f 29 30 28 27
f 31 32 30 29
f 33 34 32 31
f 15 17 34 33
f 36 38 37 35
f 39 40 38 36
f 41 42 40 39
f 43 44 42 41
f 45 46 44 43
f 47 48 46 45
f 49 50 48 47
f 51 52 50 49
f 53 54 52 51
f 35 37 54 53
f 56 57 18 55
f 58 59 57 56
f 60 61 59 58
f 55 18 61 60
f 18 57 59 61
f 56 55 60 58
f 63 64 38 62
f 65 66 64 63
f 67 68 66 65
f 62 38 68 67
f 66 68 38 64
f 67 65 63 62
f 70 56 55 69
f 71 58 56 70
f 72 60 58 71
f 69 55 60 72
f 55 56 58 60
f 70 69 72 71
f 74 63 62 73
f 75 65 63 74
f 76 67 65 75
f 73 62 67 76
f 65 67 62 63
f 76 75 74 73
f 78 70 69 77
f 79 71 70 78
f 80 72 71 79
f 77 69 72 80
f 69 70 71 72
f 78 77 80 79
f 82 74 73 81
f 83 75 74 82
f 84 76 75 83
f 81 73 76 84
f 75 76 73 74
f 84 83 82 81
f 86 78 77 85
f 87 79 78 86
f 88 80 79 87
f 85 77 80 88
f 77 78 79 80
f 86 85 88 87
f 90 82 81 89
f 91 83 82 90
f 92 84 83 91
f 89 81 84 92
f 83 84 81 82
f 92 91 90 89
f 94 86 85 93
f 95 87 86 94
f 96 88 87 95
f 93 85 88 96
f 85 86 87 88
f 94 93 96 95
f 98 90 89 97
f 99 91 90 98
f 100 92 91 99
f 97 89 92 100
f 91 92 89 90
f 100 99 98 97
f 102 94 93 101
f 103 95 94 102
f 104 96 95 103
f 101 93 96 104
f 93 94 95 96
f 102 101 104 103
f 106 98 97 105
f 107 99 98 106
f 108 100 99 107
f 105 97 100 108
f 99 100 97 98
f 108 107 106 105
f 110 102 101 109
f 111 103 102 110
f 112 104 103 111
f 109 101 104 112
f 101 102 103 104
f 110 109 112 111
f 114 106 105 113
f 115 107 106 114
f 116 108 107 115
f 113 105 108 116
f 107 108 105 106
f 116 115 114 113
f 118 110 109 117
f 119 111 110 118
f 120 112 111 119
f 117 109 112 120
f 109 110 111 112
f 118 117 120 119
f 122 114 113 121
f 123 115 114 122
f 124 116 115 123
f 121 113 116 124
f 115 116 113 114
f 124 123 122 121
f 126 118 117 125
f 127 119 118 126
f 128 120 119 127
f 125 117 120 128
f 117 118 119 120
f 126 125 128 127
f 130 122 121 129
f 131 123 122 130
f 132 124 123 131
f 129 121 124 132
f 123 124 121 122
f 132 131 130 129
f 134 126 125 133
f 135 127 126 134
f 136 128 127 135
f 133 125 128 136
f 125 126 127 128
f 134 133 136 135
f 138 130 129 137
f 139 131 130 138
f 140 132 131 139
f 137 129 132 140
f 131 132 129 130
f 140 139 138 137
f 142 134 133 141
f 143 135 134 142
f 144 136 135 143
f 141 133 136 144
f 133 134 135 136
f 142 141 144 143
f 146 138 137 145
f 147 139 138 146
f 148 140 139 147
f 145 137 140 148
f 139 140 137 138
f 148 147 146 145
f 150 142 141 149
f 151 143 142 150
f 152 144 143 151
f 149 141 144 152
f 141 142 143 144
f 150 149 152 151
f 154 146 145 153
f 155 147 146 154
f 156 148 147 155
f 153 145 148 156
f 147 148 145 146
f 156 155 154 153
f 158 150 149 157
f 159 151 150 158
f 160 152 151 159
f 157 149 152 160
f 149 150 151 152
f 158 157 160 159
f 162 154 153 161
f 163 155 154 162
f 164 156 155 163
f 161 153 156 164
f 155 156 153 154
f 164 163 162 161
f 166 158 157 165
f 167 159 158 166
f 168 160 159 167
f 165 157 160 168
f 157 158 159 160
f 166 165 168 167
f 170 162 161 169
f 171 163 162 170
f 172 164 163 171
f 169 161 164 172
f 163 164 161 162
f 172 171 170 169
f 174 166 165 173
f 175 167 166 174
f 176 168 167 175
f 173 165 168 176
f 165 166 167 168
f 174 173 176 175
f 178 170 169 177
f 179 171 170 178
f 180 172 171 179
f 177 169 172 180
f 171 172 169 170
f 180 179 178 177
f 182 174 173 181
f 183 175 174 182
f 184 176 175 183
f 181 173 176 184
f 173 174 175 176
f 182 181 184 183
f 186 178 177 185
f 187 179 178 186
f 188 180 179 187
f 185 177 180 188
f 179 180 177 178
f 188 187 186 185
f 190 182 181 189
f 191 183 182 190
f 192 184 183 191
f 189 181 184 192
f 181 182 183 184
f 190 189 192 191
f 194 186 185 193
f 195 187 186 194
f 196 188 187 195
f 193 185 188 196
f 187 188 185 186
f 196 195 194 193
f 198 190 189 197
f 199 191 190 198
f 200 192 191 199
f 197 189 192 200
f 189 190 191 192
f 198 197 200 199
f 202 194 193 201
f 203 195 194 202
f 204 196 195 203
f 201 193 196 204
f 195 196 193 194
f 204 203 202 201
f 206 198 197 205
f 207 199 198 206
f 208 200 199 207
f 205 197 200 208
f 197 198 199 200
f 206 205 208 207
f 210 202 201 209
f 211 203 202 210
f 212 204 203 211
f 209 201 204 212
f 203 204 201 202
f 212 211 210 209
f 213 206 205 16
f 214 207 206 213
f 215 208 207 214
f 16 205 208 215
f 205 206 207 208
f 213 16 215 214
f 216 210 209 36
f 217 211 210 216
f 218 212 211 217
f 36 209 212 218
f 211 212 209 210
f 218 217 216 36
f 220 222 221 219
f 21 22 222 220
f 223 224 22 21
f 219 221 224 223
f 221 222 22 224
f 220 219 223 21
f 226 228 227 225
f 29 30 228 226
f 27 28 30 29
f 225 227 28 27
f 227 228 30 28
f 226 225 27 29
f 230 232 231 229
f 49 50 232 230
f 47 48 50 49
f 229 231 48 47
f 50 48 231 232
f 47 49 230 229
f 234 236 235 233
f 41 42 236 234
f 237 238 42 41
f 233 235 238 237
f 42 238 235 236
f 237 41 234 233
f 240 40 238 239
f 241 242 40 240
f 243 244 242 241
f 239 238 244 243
f 238 40 242 244
f 240 239 243 241
f 246 248 247 245
f 249 224 248 246
f 250 20 224 249
f 245 247 20 250
f 247 248 224 20
f 246 245 250 249
f 252 240 239 251
f 253 241 240 252
f 254 243 241 253
f 251 239 243 254
f 239 240 241 243
f 252 251 254 253
f 256 246 245 255
f 257 249 246 256
f 258 250 249 257
f 255 245 250 258
f 245 246 249 250
f 256 255 258 257
f 260 252 251 259
f 261 253 252 260
f 262 254 253 261
f 259 251 254 262
f 251 252 253 254
f 260 259 262 261
f 264 256 255 263
f 265 257 256 264
f 266 258 257 265
f 263 255 258 266
f 255 256 257 258
f 264 263 266 265
f 268 260 259 267
f 269 261 260 268
f 270 262 261 269
f 267 259 262 270
f 259 260 261 262
f 268 267 270 269
f 272 264 263 271
f 273 265 264 272
f 274 266 265 273
f 271 263 266 274
f 263 264 265 266
f 272 271 274 273
f 276 268 267 275
f 277 269 268 276
f 278 270 269 277
f 275 267 270 278
f 267 268 269 270
f 276 275 278 277
f 280 272 271 279
f 281 273 272 280
f 282 274 273 281
f 279 271 274 282
f 271 272 273 274
f 280 279 282 281
f 284 276 275 283
f 285 277 276 284
f 286 278 277 285
f 283 275 278 286
f 275 276 277 278
f 284 283 286 285
f 288 280 279 287
f 289 281 280 288
f 290 282 281 289
f 287 279 282 290
f 279 280 281 282
f 288 287 290 289
f 292 284 283 291
f 293 285 284 292
f 294 286 285 293
f 291 283 286 294
f 283 284 285 286
f 292 291 294 293
f 296 288 287 295
f 297 289 288 296
f 298 290 289 297
f 295 287 290 298
f 287 288 289 290
f 296 295 298 297
f 300 292 291 299
f 301 293 292 300
f 302 294 293 301
f 299 291 294 302
f 291 292 293 294
f 300 299 302 301
f 304 296 295 303
f 305 297 296 304
f 306 298 297 305
f 303 295 298 306
f 295 296 297 298
f 304 303 306 305
f 308 300 299 307
f 309 301 300 308
f 310 302 301 309
f 307 299 302 310
f 299 300 301 302
f 308 307 310 309
f 312 304 303 311
f 313 305 304 312
f 314 306 305 313
f 311 303 306 314
f 303 304 305 306
f 312 311 314 313
f 316 308 307 315
f 317 309 308 316
f 318 310 309 317
f 315 307 310 318
f 307 308 309 310
f 316 315 318 317
f 320 312 311 319
f 321 313 312 320
f 322 314 313 321
f 319 311 314 322
f 311 312 313 314
f 320 319 322 321
f 324 316 315 323
f 325 317 316 324
f 326 318 317 325
f 323 315 318 326
f 315 316 317 318
f 324 323 326 325
f 328 320 319 327
f 329 321 320 328
f 330 322 321 329
f 327 319 322 330
f 319 320 321 322
f 328 327 330 329
f 332 324 323 331
f 333 325 324 332
f 334 326 325 333
f 331 323 326 334
f 323 324 325 326
f 332 331 334 333
f 336 328 327 335
f 337 329 328 336
f 338 330 329 337
f 335 327 330 338
f 327 328 329 330
f 336 335 338 337
f 340 332 331 339
f 341 333 332 340
f 342 334 333 341
f 339 331 334 342
f 331 332 333 334
f 340 339 342 341
f 344 336 335 343
f 345 337 336 344
f 346 338 337 345
f 343 335 338 346
f 335 336 337 338
f 344 343 346 345
f 348 340 339 347
f 349 341 340 348
f 350 342 341 349
f 347 339 342 350
f 339 340 341 342
f 348 347 350 349
f 352 344 343 351
f 353 345 344 352
f 354 346 345 353
f 351 343 346 354
f 343 344 345 346
f 352 351 354 353
f 356 348 347 355
f 357 349 348 356
f 358 350 349 357
f 355 347 350 358
f 347 348 349 350
f 356 355 358 357
f 360 352 351 359
f 361 353 352 360
f 362 354 353 361
f 359 351 354 362
f 351 352 353 354
f 360 359 362 361
f 364 356 355 363
f 365 357 356 364
f 366 358 357 365
f 363 355 358 366
f 355 356 357 358
f 364 363 366 365
f 368 360 359 367
f 369 361 360 368
f 370 362 361 369
f 367 359 362 370
f 359 360 361 362
f 368 367 370 369
f 372 364 363 371
f 373 365 364 372
f 374 366 365 373
f 371 363 366 374
f 363 364 365 366
f 372 371 374 373
f 376 368 367 375
f 377 369 368 376
f 378 370 369 377
f 375 367 370 378
f 367 368 369 370
f 376 375 378 377
f 380 372 371 379
f 381 373 372 380
f 382 374 373 381
f 379 371 374 382
f 371 372 373 374
f 380 379 382 381
f 384 376 375 383
f 385 377 376 384
f 386 378 377 385
f 383 375 378 386
f 375 376 377 378
f 384 383 386 385
f 388 380 379 387
f 389 381 380 388
f 390 382 381 389
f 387 379 382 390
f 379 380 381 382
f 388 387 390 389
f 392 384 383 391
f 393 385 384 392
f 394 386 385 393
f 391 383 386 394
f 383 384 385 386
f 392 391 394 393
f 39 388 387 237
f 395 389 388 39
f 396 390 389 395
f 237 387 390 396
f 387 388 389 390
f 39 237 396 395
f 398 392 391 397
f 223 393 392 398
f 19 394 393 223
f 397 391 394 19
f 391 392 393 394
f 398 397 19 223
f 219 221 61 215
f 398 248 221 219
f 397 247 248 398
f 215 61 247 397
f 61 221 248 247
f 219 215 397 398
f 399 400 57 213
f 220 222 400 399
f 214 59 222 220
f 213 57 59 214
f 57 400 222 59
f 399 213 214 220
f 402 404 403 401
f 33 34 404 402
f 31 32 34 33
f 401 403 32 31
f 403 404 34 32
f 402 401 31 33
f 406 408 407 405
f 402 404 408 406
f 401 403 404 402
f 405 407 403 401
f 407 408 404 403
f 406 405 401 402
f 15 17 228 226
f 406 408 17 15
f 405 407 408 406
f 226 228 407 405
f 228 17 408 407
f 15 226 405 406
f 410 412 411 409
f 53 54 412 410
f 51 52 54 53
f 409 411 52 51
f 54 52 411 412
f 51 53 410 409
f 414 416 415 413
f 410 412 416 414
f 409 411 412 410
f 413 415 411 409
f 412 411 415 416
f 409 410 414 413
f 35 37 232 230
f 414 416 37 35
f 413 415 416 414
f 230 232 415 413
f 416 415 232 37
f 413 414 35 230
f 217 66 236 234
f 216 64 66 217
f 417 418 64 216
f 234 236 418 417
f 236 66 64 418
f 217 234 417 216
f 233 235 68 218
f 396 244 235 233
f 395 242 244 396
f 218 68 242 395
f 244 242 68 235
f 395 396 233 218
f 420 421 4 419
f 422 423 421 420
f 424 425 423 422
f 419 4 425 424
f 4 421 423 425
f 420 419 424 422
f 427 428 227 426
f 429 430 428 427
f 431 432 430 429
f 426 227 432 431
f 430 432 227 428
f 431 429 427 426
f 434 433 435 436
f 437 434 436 438
f 439 437 438 440
f 433 439 440 435
f 435 440 438 436
f 434 437 439 433
f 437 441 442 438
f 429 437 438 430
f 443 429 430 444
f 441 443 444 442
f 442 444 430 438
f 437 429 443 441
f 446 445 447 448
f 449 446 448 450
f 451 449 450 452
f 445 451 452 447
f 447 452 450 448
f 446 449 451 445
f 445 447 436 434
f 453 425 447 445
f 427 428 425 453
f 434 436 428 427
f 436 447 425 428
f 445 434 427 453
f 455 454 456 457
f 458 455 457 459
f 460 458 459 461
f 454 460 461 456
f 456 461 459 457
f 455 458 460 454
f 462 454 456 463
f 426 462 463 227
f 453 426 227 425
f 454 453 425 456
f 456 425 227 463
f 462 426 453 454
f 446 448 447 445
f 464 465 448 446
f 466 467 465 464
f 445 447 467 466
f 465 467 447 448
f 466 464 446 445
f 469 471 470 468
f 472 473 471 469
f 474 475 473 472
f 468 470 475 474
f 473 475 470 471
f 474 472 469 468
f 476 477 470 468
f 478 479 477 476
f 480 481 479 478
f 468 470 481 480
f 479 481 470 477
f 480 478 476 468
f 483 485 484 482
f 486 487 485 483
f 478 479 487 486
f 482 484 479 478
f 487 479 484 485
f 478 486 483 482
f 480 481 487 486
f 445 447 481 480
f 434 436 447 445
f 486 487 436 434
f 487 481 447 436
f 480 486 434 445
f 489 491 490 488
f 483 485 491 489
f 492 493 485 483
f 488 490 493 492
f 485 493 490 491
f 492 483 489 488
f 434 436 435 433
f 489 491 436 434
f 494 495 491 489
f 433 435 495 494
f 491 495 435 436
f 494 489 434 433
f 497 496 498 499
f 500 497 499 501
f 502 500 501 503
f 496 502 503 498
f 498 503 501 499
f 497 500 502 496
f 505 504 506 507
f 478 505 507 479
f 480 478 479 481
f 504 480 481 506
f 506 481 479 507
f 505 478 480 504
f 508 504 506 509
f 510 508 509 511
f 512 510 511 513
f 504 512 513 506
f 506 513 511 509
f 508 510 512 504
f 500 514 515 501
f 516 500 501 517
f 518 516 517 519
f 514 518 519 515
f 515 519 517 501
f 500 516 518 514
f 516 520 521 517
f 486 516 517 487
f 478 486 487 479
f 520 478 479 521
f 521 479 487 517
f 516 486 478 520
f 497 499 498 496
f 522 523 499 497
f 524 525 523 522
f 496 498 525 524
f 523 525 498 499
f 524 522 497 496
f 527 526 528 529
f 530 527 529 531
f 532 530 531 533
f 526 532 533 528
f 528 533 531 529
f 527 530 532 526
f 526 528 499 497
f 480 481 528 526
f 486 487 481 480
f 497 499 487 486
f 499 528 481 487
f 526 497 486 480
f 527 529 528 526
f 534 535 529 527
f 536 537 535 534
f 526 528 537 536
f 535 537 528 529
f 536 534 527 526
f 539 541 540 538
f 542 543 541 539
f 544 545 543 542
f 538 540 545 544
f 543 545 540 541
f 544 542 539 538
f 547 549 548 546
f 7 8 549 547
f 550 551 8 7
f 546 548 551 550
f 8 551 548 549
f 550 7 547 546
f 552 553 540 538
f 550 551 553 552
f 5 6 551 550
f 538 540 6 5
f 551 6 540 553
f 5 550 552 538
f 522 523 555 554
f 547 549 523 522
f 556 557 549 547
f 554 555 557 556
f 549 557 555 523
f 556 547 522 554
f 5 6 8 7
f 526 528 6 5
f 497 499 528 526
f 7 8 499 497
f 8 6 528 499
f 5 7 497 526
f 11 558 559 12
f 560 11 12 561
f 562 560 561 563
f 558 562 563 559
f 559 563 561 12
f 11 560 562 558
f 565 564 566 567
f 568 565 567 569
f 570 568 569 571
f 564 570 571 566
f 566 571 569 567
f 565 568 570 564
f 572 2 4 573
f 574 572 573 575
f 576 574 575 577
f 2 576 577 4
f 4 577 575 573
f 572 574 576 2
f 578 564 566 579
f 550 578 579 551
f 5 550 551 6
f 564 5 6 566
f 566 6 551 579
f 578 550 5 564
f 581 580 582 583
f 584 581 583 585
f 586 584 585 587
f 580 586 587 582
f 585 583 582 587
f 586 580 581 584
f 589 588 590 591
f 592 589 591 593
f 594 592 593 595
f 588 594 595 590
f 593 591 590 595
f 594 588 589 592
f 597 596 598 599
f 600 597 599 601
f 602 600 601 603
f 596 602 603 598
f 601 599 598 603
f 602 596 597 600
f 605 604 606 607
f 608 605 607 609
f 610 608 609 611
f 604 610 611 606
f 609 607 606 611
f 610 604 605 608
f 613 612 400 614
f 615 613 614 616
f 617 615 616 618
f 612 617 618 400
f 616 614 400 618
f 617 612 613 615
f 605 607 606 604
f 619 620 607 605
f 621 622 620 619
f 604 606 622 621
f 606 607 620 622
f 605 604 621 619
f 619 620 624 623
f 615 616 620 619
f 625 626 616 615
f 623 624 626 625
f 624 620 616 626
f 619 623 625 615
f 605 607 590 588
f 613 614 607 605
f 627 423 614 613
f 588 590 423 627
f 590 607 614 423
f 605 588 627 613
f 589 591 590 588
f 628 629 591 589
f 630 631 629 628
f 588 590 631 630
f 590 591 629 631
f 589 588 630 628
f 633 635 634 632
f 636 637 635 633
f 638 639 637 636
f 632 634 639 638
f 634 635 637 639
f 633 632 638 636
f 640 641 634 632
f 612 400 641 640
f 627 423 400 612
f 632 634 423 627
f 634 641 400 423
f 640 632 627 612
f 643 645 644 642
f 646 647 645 643
f 648 649 647 646
f 642 644 649 648
f 644 645 647 649
f 643 642 648 646
f 608 650 651 609
f 652 608 609 653
f 654 652 653 655
f 650 654 655 651
f 653 609 651 655
f 654 650 608 652
f 656 596 598 657
f 648 656 657 649
f 658 648 649 659
f 596 658 659 598
f 649 657 598 659
f 658 596 656 648
f 652 660 661 653
f 646 652 653 647
f 648 646 647 649
f 660 648 649 661
f 647 653 661 649
f 648 660 652 646
f 646 647 659 658
f 605 607 647 646
f 588 590 607 605
f 658 659 590 588
f 659 647 607 590
f 646 658 588 605
f 581 583 663 662
f 646 647 583 581
f 658 659 647 646
f 662 663 659 658
f 663 583 647 659
f 581 662 658 646
f 665 667 666 664
f 643 645 667 665
f 668 669 645 643
f 664 666 669 668
f 666 667 645 669
f 665 664 668 643
f 581 583 582 580
f 665 667 583 581
f 670 671 667 665
f 580 582 671 670
f 582 583 667 671
f 581 580 670 665
f 672 662 663 673
f 674 672 673 675
f 676 674 675 677
f 662 676 677 663
f 675 673 663 677
f 676 662 672 674
f 679 681 680 678
f 648 649 681 679
f 658 659 649 648
f 678 680 659 658
f 680 681 649 659
f 679 678 658 648
f 672 673 663 662
f 682 683 673 672
f 684 685 683 682
f 662 663 685 684
f 663 673 683 685
f 672 662 684 682
f 686 687 680 678
f 688 689 687 686
f 690 691 689 688
f 678 680 691 690
f 680 687 689 691
f 686 678 690 688
f 693 695 694 692
f 696 697 695 693
f 698 699 697 696
f 692 694 699 698
f 694 695 697 699
f 693 692 698 696
f 701 702 421 700
f 703 704 702 701
f 705 706 704 703
f 700 421 706 705
f 421 702 704 706
f 701 700 705 703
f 708 710 709 707
f 711 712 710 708
f 713 714 712 711
f 707 709 714 713
f 709 710 712 714
f 708 707 713 711
f 716 715 717 718
f 719 716 718 720
f 721 719 720 722
f 715 721 722 717
f 720 718 717 722
f 721 715 716 719
f 724 723 725 726
f 727 724 726 728
f 729 727 728 730
f 723 729 730 725
f 728 726 725 730
f 729 723 724 727
f 731 715 717 732
f 729 731 732 730
f 733 729 730 734
f 715 733 734 717
f 730 732 717 734
f 733 715 731 729
f 584 735 736 585
f 724 584 585 726
f 737 724 726 738
f 735 737 738 736
f 726 585 736 738
f 737 735 584 724
f 740 742 741 739
f 727 728 742 740
f 729 730 728 727
f 739 741 730 729
f 741 742 728 730
f 740 739 729 727
f 743 744 709 707
f 729 730 744 743
f 733 734 730 729
f 707 709 734 733
f 709 744 730 734
f 743 707 733 729
f 696 697 746 745
f 740 742 697 696
f 747 748 742 740
f 745 746 748 747
f 746 697 742 748
f 696 745 747 740
f 727 728 734 733
f 581 583 728 727
f 662 663 583 581
f 733 734 663 662
f 734 728 583 663
f 727 733 662 581
f 693 695 421 700
f 727 728 695 693
f 733 734 728 727
f 700 421 734 733
f 421 695 728 734
f 693 700 733 727
f 750 427 426 749
f 751 429 427 750
f 752 431 429 751
f 749 426 431 752
f 429 431 426 427
f 752 751 750 749
f 754 753 433 434
f 755 754 434 437
f 756 755 437 439
f 753 756 439 433
f 433 439 437 434
f 754 755 756 753
f 755 757 441 437
f 751 755 437 429
f 758 751 429 443
f 757 758 443 441
f 441 443 429 437
f 755 751 758 757
f 760 759 445 446
f 761 760 446 449
f 762 761 449 451
f 759 762 451 445
f 445 451 449 446
f 760 761 762 759
f 759 445 434 754
f 763 453 445 759
f 750 427 453 763
f 754 434 427 750
f 434 445 453 427
f 759 754 750 763
f 765 764 454 455
f 766 765 455 458
f 767 766 458 460
f 764 767 460 454
f 454 460 458 455
f 765 766 767 764
f 768 764 454 462
f 749 768 462 426
f 763 749 426 453
f 764 763 453 454
f 454 453 426 462
f 768 749 763 764
f 760 446 445 759
f 769 464 446 760
f 770 466 464 769
f 759 445 466 770
f 464 466 445 446
f 770 769 760 759
f 772 469 468 771
f 773 472 469 772
f 774 474 472 773
f 771 468 474 774
f 472 474 468 469
f 774 773 772 771
f 775 476 468 771
f 776 478 476 775
f 777 480 478 776
f 771 468 480 777
f 478 480 468 476
f 777 776 775 771
f 779 483 482 778
f 780 486 483 779
f 776 478 486 780
f 778 482 478 776
f 486 478 482 483
f 776 780 779 778
f 777 480 486 780
f 759 445 480 777
f 754 434 445 759
f 780 486 434 754
f 486 480 445 434
f 777 780 754 759
f 782 489 488 781
f 779 483 489 782
f 783 492 483 779
f 781 488 492 783
f 483 492 488 489
f 783 779 782 781
f 754 434 433 753
f 782 489 434 754
f 784 494 489 782
f 753 433 494 784
f 489 494 433 434
f 784 782 754 753
f 786 785 496 497
f 787 786 497 500
f 788 787 500 502
f 785 788 502 496
f 496 502 500 497
f 786 787 788 785
f 790 789 504 505
f 776 790 505 478
f 777 776 478 480
f 789 777 480 504
f 504 480 478 505
f 790 776 777 789
f 791 789 504 508
f 792 791 508 510
f 793 792 510 512
f 789 793 512 504
f 504 512 510 508
f 791 792 793 789
f 787 794 514 500
f 795 787 500 516
f 796 795 516 518
f 794 796 518 514
f 514 518 516 500
f 787 795 796 794
f 795 797 520 516
f 780 795 516 486
f 776 780 486 478
f 797 776 478 520
f 520 478 486 516
f 795 780 776 797
f 786 497 496 785
f 798 522 497 786
f 799 524 522 798
f 785 496 524 799
f 522 524 496 497
f 799 798 786 785
f 801 800 526 527
f 802 801 527 530
f 803 802 530 532
f 800 803 532 526
f 526 532 530 527
f 801 802 803 800
f 800 526 497 786
f 777 480 526 800
f 780 486 480 777
f 786 497 486 780
f 497 526 480 486
f 800 786 780 777
f 801 527 526 800
f 804 534 527 801
f 805 536 534 804
f 800 526 536 805
f 534 536 526 527
f 805 804 801 800
f 807 539 538 806
f 808 542 539 807
f 809 544 542 808
f 806 538 544 809
f 542 544 538 539
f 809 808 807 806
f 811 547 546 810
f 812 7 547 811
f 813 550 7 812
f 810 546 550 813
f 7 550 546 547
f 813 812 811 810
f 814 552 538 806
f 813 550 552 814
f 815 5 550 813
f 806 538 5 815
f 550 5 538 552
f 815 813 814 806
f 798 522 554 816
f 811 547 522 798
f 817 556 547 811
f 816 554 556 817
f 547 556 554 522
f 817 811 798 816
f 815 5 7 812
f 800 526 5 815
f 786 497 526 800
f 812 7 497 786
f 7 5 526 497
f 815 812 786 800
f 819 818 9 1
f 820 819 1 11
f 821 820 11 13
f 818 821 13 9
f 9 13 11 1
f 819 820 821 818
f 820 822 558 11
f 823 820 11 560
f 824 823 560 562
f 822 824 562 558
f 558 562 560 11
f 820 823 824 822
f 825 2 1 819
f 815 5 2 825
f 812 7 5 815
f 819 1 7 812
f 1 2 5 7
f 825 819 812 815
f 827 826 564 565
f 828 827 565 568
f 829 828 568 570
f 826 829 570 564
f 564 570 568 565
f 827 828 829 826
f 830 825 2 572
f 831 830 572 574
f 832 831 574 576
f 825 832 576 2
f 2 576 574 572
f 830 831 832 825
f 833 826 564 578
f 813 833 578 550
f 815 813 550 5
f 826 815 5 564
f 564 5 550 578
f 833 813 815 826
f 835 834 580 581
f 836 835 581 584
f 837 836 584 586
f 834 837 586 580
f 584 581 580 586
f 837 834 835 836
f 839 838 588 589
f 840 839 589 592
f 841 840 592 594
f 838 841 594 588
f 592 589 588 594
f 841 838 839 840
f 843 842 596 597
f 844 843 597 600
f 845 844 600 602
f 842 845 602 596
f 600 597 596 602
f 845 842 843 844
f 847 846 604 605
f 848 847 605 608
f 849 848 608 610
f 846 849 610 604
f 608 605 604 610
f 849 846 847 848
f 851 850 612 613
f 852 851 613 615
f 853 852 615 617
f 850 853 617 612
f 615 613 612 617
f 853 850 851 852
f 847 605 604 846
f 854 619 605 847
f 855 621 619 854
f 846 604 621 855
f 604 605 619 621
f 847 846 855 854
f 854 619 623 856
f 852 615 619 854
f 857 625 615 852
f 856 623 625 857
f 623 619 615 625
f 854 856 857 852
f 847 605 588 838
f 851 613 605 847
f 858 627 613 851
f 838 588 627 858
f 588 605 613 627
f 847 838 858 851
f 839 589 588 838
f 859 628 589 839
f 860 630 628 859
f 838 588 630 860
f 588 589 628 630
f 839 838 860 859
f 862 633 632 861
f 863 636 633 862
f 864 638 636 863
f 861 632 638 864
f 632 633 636 638
f 862 861 864 863
f 865 640 632 861
f 850 612 640 865
f 858 627 612 850
f 861 632 627 858
f 632 640 612 627
f 865 861 858 850
f 867 643 642 866
f 868 646 643 867
f 869 648 646 868
f 866 642 648 869
f 642 643 646 648
f 867 866 869 868
f 848 870 650 608
f 871 848 608 652
f 872 871 652 654
f 870 872 654 650
f 652 608 650 654
f 872 870 848 871
f 873 842 596 656
f 869 873 656 648
f 874 869 648 658
f 842 874 658 596
f 648 656 596 658
f 874 842 873 869
f 871 875 660 652
f 868 871 652 646
f 869 868 646 648
f 875 869 648 660
f 646 652 660 648
f 869 875 871 868
f 868 646 658 874
f 847 605 646 868
f 838 588 605 847
f 874 658 588 838
f 658 646 605 588
f 868 874 838 847
f 835 581 662 876
f 868 646 581 835
f 874 658 646 868
f 876 662 658 874
f 662 581 646 658
f 835 876 874 868
f 878 665 664 877
f 867 643 665 878
f 879 668 643 867
f 877 664 668 879
f 664 665 643 668
f 878 877 879 867
f 835 581 580 834
f 878 665 581 835
f 880 670 665 878
f 834 580 670 880
f 580 581 665 670
f 835 834 880 878
f 881 876 662 672
f 882 881 672 674
f 883 882 674 676
f 876 883 676 662
f 674 672 662 676
f 883 876 881 882
f 885 679 678 884
f 869 648 679 885
f 874 658 648 869
f 884 678 658 874
f 678 679 648 658
f 885 884 874 869
f 881 672 662 876
f 886 682 672 881
f 887 684 682 886
f 876 662 684 887
f 662 672 682 684
f 881 876 887 886
f 888 686 678 884
f 889 688 686 888
f 890 690 688 889
f 884 678 690 890
f 678 686 688 690
f 888 884 890 889
f 892 693 692 891
f 893 696 693 892
f 894 698 696 893
f 891 692 698 894
f 692 693 696 698
f 892 891 894 893
f 896 701 700 895
f 897 703 701 896
f 898 705 703 897
f 895 700 705 898
f 700 701 703 705
f 896 895 898 897
f 900 708 707 899
f 901 711 708 900
f 902 713 711 901
f 899 707 713 902
f 707 708 711 713
f 900 899 902 901
f 904 903 715 716
f 905 904 716 719
f 906 905 719 721
f 903 906 721 715
f 719 716 715 721
f 906 903 904 905
f 908 907 723 724
f 909 908 724 727
f 910 909 727 729
f 907 910 729 723
f 727 724 723 729
f 910 907 908 909
f 911 903 715 731
f 910 911 731 729
f 912 910 729 733
f 903 912 733 715
f 729 731 715 733
f 912 903 911 910
f 836 913 735 584
f 908 836 584 724
f 914 908 724 737
f 913 914 737 735
f 724 584 735 737
f 914 913 836 908
f 916 740 739 915
f 909 727 740 916
f 910 729 727 909
f 915 739 729 910
f 739 740 727 729
f 916 915 910 909
f 917 743 707 899
f 910 729 743 917
f 912 733 729 910
f 899 707 733 912
f 707 743 729 733
f 917 899 912 910
f 893 696 745 918
f 916 740 696 893
f 919 747 740 916
f 918 745 747 919
f 745 696 740 747
f 893 918 919 916
f 909 727 733 912
f 835 581 727 909
f 876 662 581 835
f 912 733 662 876
f 733 727 581 662
f 909 912 876 835
f 892 693 700 895
f 909 727 693 892
f 912 733 727 909
f 895 700 733 912
f 700 693 727 733
f 892 895 912 909
f 921 750 749 920
f 922 751 750 921
f 923 752 751 922
f 920 749 752 923
f 751 752 749 750
f 923 922 921 920
f 925 924 753 754
f 926 925 754 755
f 927 926 755 756
f 924 927 756 753
f 753 756 755 754
f 925 926 927 924
f 926 928 757 755
f 922 926 755 751
f 929 922 751 758
f 928 929 758 757
f 757 758 751 755
f 926 922 929 928
f 931 930 759 760
f 932 931 760 761
f 933 932 761 762
f 930 933 762 759
f 759 762 761 760
f 931 932 933 930
f 930 759 754 925
f 934 763 759 930
f 921 750 763 934
f 925 754 750 921
f 754 759 763 750
f 930 925 921 934
f 936 935 764 765
f 937 936 765 766
f 938 937 766 767
f 935 938 767 764
f 764 767 766 765
f 936 937 938 935
f 939 935 764 768
f 920 939 768 749
f 934 920 749 763
f 935 934 763 764
f 764 763 749 768
f 939 920 934 935
f 931 760 759 930
f 940 769 760 931
f 941 770 769 940
f 930 759 770 941
f 769 770 759 760
f 941 940 931 930
f 943 772 771 942
f 944 773 772 943
f 945 774 773 944
f 942 771 774 945
f 773 774 771 772
f 945 944 943 942
f 946 775 771 942
f 947 776 775 946
f 948 777 776 947
f 942 771 777 948
f 776 777 771 775
f 948 947 946 942
f 950 779 778 949
f 951 780 779 950
f 947 776 780 951
f 949 778 776 947
f 780 776 778 779
f 947 951 950 949
f 948 777 780 951
f 930 759 777 948
f 925 754 759 930
f 951 780 754 925
f 780 777 759 754
f 948 951 925 930
f 953 782 781 952
f 950 779 782 953
f 954 783 779 950
f 952 781 783 954
f 779 783 781 782
f 954 950 953 952
f 925 754 753 924
f 953 782 754 925
f 955 784 782 953
f 924 753 784 955
f 782 784 753 754
f 955 953 925 924
f 957 956 785 786
f 958 957 786 787
f 959 958 787 788
f 956 959 788 785
f 785 788 787 786
f 957 958 959 956
f 961 960 789 790
f 947 961 790 776
f 948 947 776 777
f 960 948 777 789
f 789 777 776 790
f 961 947 948 960
f 962 960 789 791
f 963 962 791 792
f 964 963 792 793
f 960 964 793 789
f 789 793 792 791
f 962 963 964 960
f 958 965 794 787
f 966 958 787 795
f 967 966 795 796
f 965 967 796 794
f 794 796 795 787
f 958 966 967 965
f 966 968 797 795
f 951 966 795 780
f 947 951 780 776
f 968 947 776 797
f 797 776 780 795
f 966 951 947 968
f 957 786 785 956
f 969 798 786 957
f 970 799 798 969
f 956 785 799 970
f 798 799 785 786
f 970 969 957 956
f 972 971 800 801
f 973 972 801 802
f 974 973 802 803
f 971 974 803 800
f 800 803 802 801
f 972 973 974 971
f 971 800 786 957
f 948 777 800 971
f 951 780 777 948
f 957 786 780 951
f 786 800 777 780
f 971 957 951 948
f 972 801 800 971
f 975 804 801 972
f 976 805 804 975
f 971 800 805 976
f 804 805 800 801
f 976 975 972 971
f 978 807 806 977
f 979 808 807 978
f 980 809 808 979
f 977 806 809 980
f 808 809 806 807
f 980 979 978 977
f 982 811 810 981
f 983 812 811 982
f 984 813 812 983
f 981 810 813 984
f 812 813 810 811
f 984 983 982 981
f 985 814 806 977
f 984 813 814 985
f 986 815 813 984
f 977 806 815 986
f 813 815 806 814
f 986 984 985 977
f 969 798 816 987
f 982 811 798 969
f 988 817 811 982
f 987 816 817 988
f 811 817 816 798
f 988 982 969 987
f 986 815 812 983
f 971 800 815 986
f 957 786 800 971
f 983 812 786 957
f 812 815 800 786
f 986 983 957 971
f 990 989 818 819
f 991 990 819 820
f 992 991 820 821
f 989 992 821 818
f 818 821 820 819
f 990 991 992 989
f 991 993 822 820
f 994 991 820 823
f 995 994 823 824
f 993 995 824 822
f 822 824 823 820
f 991 994 995 993
f 996 825 819 990
f 986 815 825 996
f 983 812 815 986
f 990 819 812 983
f 819 825 815 812
f 996 990 983 986
f 998 997 826 827
f 999 998 827 828
f 1000 999 828 829
f 997 1000 829 826
f 826 829 828 827
f 998 999 1000 997
f 1001 996 825 830
f 1002 1001 830 831
f 1003 1002 831 832
f 996 1003 832 825
f 825 832 831 830
f 1001 1002 1003 996
f 1004 997 826 833
f 984 1004 833 813
f 986 984 813 815
f 997 986 815 826
f 826 815 813 833
f 1004 984 986 997
f 1006 1005 834 835
f 1007 1006 835 836
f 1008 1007 836 837
f 1005 1008 837 834
f 836 835 834 837
f 1008 1005 1006 1007
f 1010 1009 838 839
f 1011 1010 839 840
f 1012 1011 840 841
f 1009 1012 841 838
f 840 839 838 841
f 1012 1009 1010 1011
f 1014 1013 842 843
f 1015 1014 843 844
f 1016 1015 844 845
f 1013 1016 845 842
f 844 843 842 845
f 1016 1013 1014 1015
f 1018 1017 846 847
f 1019 1018 847 848
f 1020 1019 848 849
f 1017 1020 849 846
f 848 847 846 849
f 1020 1017 1018 1019
f 1022 1021 850 851
f 1023 1022 851 852
f 1024 1023 852 853
f 1021 1024 853 850
f 852 851 850 853
f 1024 1021 1022 1023
f 1018 847 846 1017
f 1025 854 847 1018
f 1026 855 854 1025
f 1017 846 855 1026
f 846 847 854 855
f 1018 1017 1026 1025
f 1025 854 856 1027
f 1023 852 854 1025
f 1028 857 852 1023
f 1027 856 857 1028
f 856 854 852 857
f 1025 1027 1028 1023
f 1018 847 838 1009
f 1022 851 847 1018
f 1029 858 851 1022
f 1009 838 858 1029
f 838 847 851 858
f 1018 1009 1029 1022
f 1010 839 838 1009
f 1030 859 839 1010
f 1031 860 859 1030
f 1009 838 860 1031
f 838 839 859 860
f 1010 1009 1031 1030
f 1033 862 861 1032
f 1034 863 862 1033
f 1035 864 863 1034
f 1032 861 864 1035
f 861 862 863 864
f 1033 1032 1035 1034
f 1036 865 861 1032
f 1021 850 865 1036
f 1029 858 850 1021
f 1032 861 858 1029
f 861 865 850 858
f 1036 1032 1029 1021
f 1038 867 866 1037
f 1039 868 867 1038
f 1040 869 868 1039
f 1037 866 869 1040
f 866 867 868 869
f 1038 1037 1040 1039
f 1019 1041 870 848
f 1042 1019 848 871
f 1043 1042 871 872
f 1041 1043 872 870
f 871 848 870 872
f 1043 1041 1019 1042
f 1044 1013 842 873
f 1040 1044 873 869
f 1045 1040 869 874
f 1013 1045 874 842
f 869 873 842 874
f 1045 1013 1044 1040
f 1042 1046 875 871
f 1039 1042 871 868
f 1040 1039 868 869
f 1046 1040 869 875
f 868 871 875 869
f 1040 1046 1042 1039
f 1039 868 874 1045
f 1018 847 868 1039
f 1009 838 847 1018
f 1045 874 838 1009
f 874 868 847 838
f 1039 1045 1009 1018
f 1006 835 876 1047
f 1039 868 835 1006
f 1045 874 868 1039
f 1047 876 874 1045
f 876 835 868 874
f 1006 1047 1045 1039
f 1049 878 877 1048
f 1038 867 878 1049
f 1050 879 867 1038
f 1048 877 879 1050
f 877 878 867 879
f 1049 1048 1050 1038
f 1006 835 834 1005
f 1049 878 835 1006
f 1051 880 878 1049
f 1005 834 880 1051
f 834 835 878 880
f 1006 1005 1051 1049
f 1052 1047 876 881
f 1053 1052 881 882
f 1054 1053 882 883
f 1047 1054 883 876
f 882 881 876 883
f 1054 1047 1052 1053
f 1056 885 884 1055
f 1040 869 885 1056
f 1045 874 869 1040
f 1055 884 874 1045
f 884 885 869 874
f 1056 1055 1045 1040
f 1052 881 876 1047
f 1057 886 881 1052
f 1058 887 886 1057
f 1047 876 887 1058
f 876 881 886 887
f 1052 1047 1058 1057
f 1059 888 884 1055
f 1060 889 888 1059
f 1061 890 889 1060
f 1055 884 890 1061
f 884 888 889 890
f 1059 1055 1061 1060
f 1063 892 891 1062
f 1064 893 892 1063
f 1065 894 893 1064
f 1062 891 894 1065
f 891 892 893 894
f 1063 1062 1065 1064
f 1067 896 895 1066
f 1068 897 896 1067
f 1069 898 897 1068
f 1066 895 898 1069
f 895 896 897 898
f 1067 1066 1069 1068
f 1071 900 899 1070
f 1072 901 900 1071
f 1073 902 901 1072
f 1070 899 902 1073
f 899 900 901 902
f 1071 1070 1073 1072
f 1075 1074 903 904
f 1076 1075 904 905
f 1077 1076 905 906
f 1074 1077 906 903
f 905 904 903 906
f 1077 1074 1075 1076
f 1079 1078 907 908
f 1080 1079 908 909
f 1081 1080 909 910
f 1078 1081 910 907
f 909 908 907 910
f 1081 1078 1079 1080
f 1082 1074 903 911
f 1081 1082 911 910
f 1083 1081 910 912
f 1074 1083 912 903
f 910 911 903 912
f 1083 1074 1082 1081
f 1007 1084 913 836
f 1079 1007 836 908
f 1085 1079 908 914
f 1084 1085 914 913
f 908 836 913 914
f 1085 1084 1007 1079
f 1087 916 915 1086
f 1080 909 916 1087
f 1081 910 909 1080
f 1086 915 910 1081
f 915 916 909 910
f 1087 1086 1081 1080
f 1088 917 899 1070
f 1081 910 917 1088
f 1083 912 910 1081
f 1070 899 912 1083
f 899 917 910 912
f 1088 1070 1083 1081
f 1064 893 918 1089
f 1087 916 893 1064
f 1090 919 916 1087
f 1089 918 919 1090
f 918 893 916 919
f 1064 1089 1090 1087
f 1080 909 912 1083
f 1006 835 909 1080
f 1047 876 835 1006
f 1083 912 876 1047
f 912 909 835 876
f 1080 1083 1047 1006
f 1063 892 895 1066
f 1080 909 892 1063
f 1083 912 909 1080
f 1066 895 912 1083
f 895 892 909 912
f 1063 1066 1083 1080
f 1092 921 920 1091
f 1093 922 921 1092
f 1094 923 922 1093
f 1091 920 923 1094
f 922 923 920 921
f 1094 1093 1092 1091
f 1096 1095 924 925
f 1097 1096 925 926
f 1098 1097 926 927
f 1095 1098 927 924
f 924 927 926 925
f 1096 1097 1098 1095
f 1097 1099 928 926
f 1093 1097 926 922
f 1100 1093 922 929
f 1099 1100 929 928
f 928 929 922 926
f 1097 1093 1100 1099
f 1102 1101 930 931
f 1103 1102 931 932
f 1104 1103 932 933
f 1101 1104 933 930
f 930 933 932 931
f 1102 1103 1104 1101
f 1101 930 925 1096
f 1105 934 930 1101
f 1092 921 934 1105
f 1096 925 921 1092
f 925 930 934 921
f 1101 1096 1092 1105
f 1107 1106 935 936
f 1108 1107 936 937
f 1109 1108 937 938
f 1106 1109 938 935
f 935 938 937 936
f 1107 1108 1109 1106
f 1110 1106 935 939
f 1091 1110 939 920
f 1105 1091 920 934
f 1106 1105 934 935
f 935 934 920 939
f 1110 1091 1105 1106
f 1102 931 930 1101
f 1111 940 931 1102
f 1112 941 940 1111
f 1101 930 941 1112
f 940 941 930 931
f 1112 1111 1102 1101
f 1114 943 942 1113
f 1115 944 943 1114
f 1116 945 944 1115
f 1113 942 945 1116
f 944 945 942 943
f 1116 1115 1114 1113
f 1117 946 942 1113
f 1118 947 946 1117
f 1119 948 947 1118
f 1113 942 948 1119
f 947 948 942 946
f 1119 1118 1117 1113
f 1121 950 949 1120
f 1122 951 950 1121
f 1118 947 951 1122
f 1120 949 947 1118
f 951 947 949 950
f 1118 1122 1121 1120
f 1119 948 951 1122
f 1101 930 948 1119
f 1096 925 930 1101
f 1122 951 925 1096
f 951 948 930 925
f 1119 1122 1096 1101
f 1124 953 952 1123
f 1121 950 953 1124
f 1125 954 950 1121
f 1123 952 954 1125
f 950 954 952 953
f 1125 1121 1124 1123
f 1096 925 924 1095
f 1124 953 925 1096
f 1126 955 953 1124
f 1095 924 955 1126
f 953 955 924 925
f 1126 1124 1096 1095
f 1128 1127 956 957
f 1129 1128 957 958
f 1130 1129 958 959
f 1127 1130 959 956
f 956 959 958 957
f 1128 1129 1130 1127
f 1132 1131 960 961
f 1118 1132 961 947
f 1119 1118 947 948
f 1131 1119 948 960
f 960 948 947 961
f 1132 1118 1119 1131
f 1133 1131 960 962
f 1134 1133 962 963
f 1135 1134 963 964
f 1131 1135 964 960
f 960 964 963 962
f 1133 1134 1135 1131
f 1129 1136 965 958
f 1137 1129 958 966
f 1138 1137 966 967
f 1136 1138 967 965
f 965 967 966 958
f 1129 1137 1138 1136
f 1137 1139 968 966
f 1122 1137 966 951
f 1118 1122 951 947
f 1139 1118 947 968
f 968 947 951 966
f 1137 1122 1118 1139
f 1128 957 956 1127
f 1140 969 957 1128
f 1141 970 969 1140
f 1127 956 970 1141
f 969 970 956 957
f 1141 1140 1128 1127
f 1143 1142 971 972
f 1144 1143 972 973
f 1145 1144 973 974
f 1142 1145 974 971
f 971 974 973 972
f 1143 1144 1145 1142
f 1142 971 957 1128
f 1119 948 971 1142
f 1122 951 948 1119
f 1128 957 951 1122
f 957 971 948 951
f 1142 1128 1122 1119
f 1143 972 971 1142
f 1146 975 972 1143
f 1147 976 975 1146
f 1142 971 976 1147
f 975 976 971 972
f 1147 1146 1143 1142
f 1149 978 977 1148
f 1150 979 978 1149
f 1151 980 979 1150
f 1148 977 980 1151
f 979 980 977 978
f 1151 1150 1149 1148
f 1153 982 981 1152
f 1154 983 982 1153
f 1155 984 983 1154
f 1152 981 984 1155
f 983 984 981 982
f 1155 1154 1153 1152
f 1156 985 977 1148
f 1155 984 985 1156
f 1157 986 984 1155
f 1148 977 986 1157
f 984 986 977 985
f 1157 1155 1156 1148
f 1140 969 987 1158
f 1153 982 969 1140
f 1159 988 982 1153
f 1158 987 988 1159
f 982 988 987 969
f 1159 1153 1140 1158
f 1157 986 983 1154
f 1142 971 986 1157
f 1128 957 971 1142
f 1154 983 957 1128
f 983 986 971 957
f 1157 1154 1128 1142
f 1161 1160 989 990
f 1162 1161 990 991
f 1163 1162 991 992
f 1160 1163 992 989
f 989 992 991 990
f 1161 1162 1163 1160
f 1162 1164 993 991
f 1165 1162 991 994
f 1166 1165 994 995
f 1164 1166 995 993
f 993 995 994 991
f 1162 1165 1166 1164
f 1167 996 990 1161
f 1157 986 996 1167
f 1154 983 986 1157
f 1161 990 983 1154
f 990 996 986 983
f 1167 1161 1154 1157
f 1169 1168 997 998
f 1170 1169 998 999
f 1171 1170 999 1000
f 1168 1171 1000 997
f 997 1000 999 998
f 1169 1170 1171 1168
f 1172 1167 996 1001
f 1173 1172 1001 1002
f 1174 1173 1002 1003
f 1167 1174 1003 996
f 996 1003 1002 1001
f 1172 1173 1174 1167
f 1175 1168 997 1004
f 1155 1175 1004 984
f 1157 1155 984 986
f 1168 1157 986 997
f 997 986 984 1004
f 1175 1155 1157 1168
f 1177 1176 1005 1006
f 1178 1177 1006 1007
f 1179 1178 1007 1008
f 1176 1179 1008 1005
f 1007 1006 1005 1008
f 1179 1176 1177 1178
f 1181 1180 1009 1010
f 1182 1181 1010 1011
f 1183 1182 1011 1012
f 1180 1183 1012 1009
f 1011 1010 1009 1012
f 1183 1180 1181 1182
f 1185 1184 1013 1014
f 1186 1185 1014 1015
f 1187 1186 1015 1016
f 1184 1187 1016 1013
f 1015 1014 1013 1016
f 1187 1184 1185 1186
f 1189 1188 1017 1018
f 1190 1189 1018 1019
f 1191 1190 1019 1020
f 1188 1191 1020 1017
f 1019 1018 1017 1020
f 1191 1188 1189 1190
f 1193 1192 1021 1022
f 1194 1193 1022 1023
f 1195 1194 1023 1024
f 1192 1195 1024 1021
f 1023 1022 1021 1024
f 1195 1192 1193 1194
f 1189 1018 1017 1188
f 1196 1025 1018 1189
f 1197 1026 1025 1196
f 1188 1017 1026 1197
f 1017 1018 1025 1026
f 1189 1188 1197 1196
f 1196 1025 1027 1198
f 1194 1023 1025 1196
f 1199 1028 1023 1194
f 1198 1027 1028 1199
f 1027 1025 1023 1028
f 1196 1198 1199 1194
f 1189 1018 1009 1180
f 1193 1022 1018 1189
f 1200 1029 1022 1193
f 1180 1009 1029 1200
f 1009 1018 1022 1029
f 1189 1180 1200 1193
f 1181 1010 1009 1180
f 1201 1030 1010 1181
f 1202 1031 1030 1201
f 1180 1009 1031 1202
f 1009 1010 1030 1031
f 1181 1180 1202 1201
f 1204 1033 1032 1203
f 1205 1034 1033 1204
f 1206 1035 1034 1205
f 1203 1032 1035 1206
f 1032 1033 1034 1035
f 1204 1203 1206 1205
f 1207 1036 1032 1203
f 1192 1021 1036 1207
f 1200 1029 1021 1192
f 1203 1032 1029 1200
f 1032 1036 1021 1029
f 1207 1203 1200 1192
f 1209 1038 1037 1208
f 1210 1039 1038 1209
f 1211 1040 1039 1210
f 1208 1037 1040 1211
f 1037 1038 1039 1040
f 1209 1208 1211 1210
f 1190 1212 1041 1019
f 1213 1190 1019 1042
f 1214 1213 1042 1043
f 1212 1214 1043 1041
f 1042 1019 1041 1043
f 1214 1212 1190 1213
f 1215 1184 1013 1044
f 1211 1215 1044 1040
f 1216 1211 1040 1045
f 1184 1216 1045 1013
f 1040 1044 1013 1045
f 1216 1184 1215 1211
f 1213 1217 1046 1042
f 1210 1213 1042 1039
f 1211 1210 1039 1040
f 1217 1211 1040 1046
f 1039 1042 1046 1040
f 1211 1217 1213 1210
f 1210 1039 1045 1216
f 1189 1018 1039 1210
f 1180 1009 1018 1189
f 1216 1045 1009 1180
f 1045 1039 1018 1009
f 1210 1216 1180 1189
f 1177 1006 1047 1218
f 1210 1039 1006 1177
f 1216 1045 1039 1210
f 1218 1047 1045 1216
f 1047 1006 1039 1045
f 1177 1218 1216 1210
f 1220 1049 1048 1219
f 1209 1038 1049 1220
f 1221 1050 1038 1209
f 1219 1048 1050 1221
f 1048 1049 1038 1050
f 1220 1219 1221 1209
f 1177 1006 1005 1176
f 1220 1049 1006 1177
f 1222 1051 1049 1220
f 1176 1005 1051 1222
f 1005 1006 1049 1051
f 1177 1176 1222 1220
f 1223 1218 1047 1052
f 1224 1223 1052 1053
f 1225 1224 1053 1054
f 1218 1225 1054 1047
f 1053 1052 1047 1054
f 1225 1218 1223 1224
f 1227 1056 1055 1226
f 1211 1040 1056 1227
f 1216 1045 1040 1211
f 1226 1055 1045 1216
f 1055 1056 1040 1045
f 1227 1226 1216 1211
f 1223 1052 1047 1218
f 1228 1057 1052 1223
f 1229 1058 1057 1228
f 1218 1047 1058 1229
f 1047 1052 1057 1058
f 1223 1218 1229 1228
f 1230 1059 1055 1226
f 1231 1060 1059 1230
f 1232 1061 1060 1231
f 1226 1055 1061 1232
f 1055 1059 1060 1061
f 1230 1226 1232 1231
f 1234 1063 1062 1233
f 1235 1064 1063 1234
f 1236 1065 1064 1235
f 1233 1062 1065 1236
f 1062 1063 1064 1065
f 1234 1233 1236 1235
f 1238 1067 1066 1237
f 1239 1068 1067 1238
f 1240 1069 1068 1239
f 1237 1066 1069 1240
f 1066 1067 1068 1069
f 1238 1237 1240 1239
f 1242 1071 1070 1241
f 1243 1072 1071 1242
f 1244 1073 1072 1243
f 1241 1070 1073 1244
f 1070 1071 1072 1073
f 1242 1241 1244 1243
f 1246 1245 1074 1075
f 1247 1246 1075 1076
f 1248 1247 1076 1077
f 1245 1248 1077 1074
f 1076 1075 1074 1077
f 1248 1245 1246 1247
f 1250 1249 1078 1079
f 1251 1250 1079 1080
f 1252 1251 1080 1081
f 1249 1252 1081 1078
f 1080 1079 1078 1081
f 1252 1249 1250 1251
f 1253 1245 1074 1082
f 1252 1253 1082 1081
f 1254 1252 1081 1083
f 1245 1254 1083 1074
f 1081 1082 1074 1083
f 1254 1245 1253 1252
f 1178 1255 1084 1007
f 1250 1178 1007 1079
f 1256 1250 1079 1085
f 1255 1256 1085 1084
f 1079 1007 1084 1085
f 1256 1255 1178 1250
f 1258 1087 1086 1257
f 1251 1080 1087 1258
f 1252 1081 1080 1251
f 1257 1086 1081 1252
f 1086 1087 1080 1081
f 1258 1257 1252 1251
f 1259 1088 1070 1241
f 1252 1081 1088 1259
f 1254 1083 1081 1252
f 1241 1070 1083 1254
f 1070 1088 1081 1083
f 1259 1241 1254 1252
f 1235 1064 1089 1260
f 1258 1087 1064 1235
f 1261 1090 1087 1258
f 1260 1089 1090 1261
f 1089 1064 1087 1090
f 1235 1260 1261 1258
f 1251 1080 1083 1254
f 1177 1006 1080 1251
f 1218 1047 1006 1177
f 1254 1083 1047 1218
f 1083 1080 1006 1047
f 1251 1254 1218 1177
f 1234 1063 1066 1237
f 1251 1080 1063 1234
f 1254 1083 1080 1251
f 1237 1066 1083 1254
f 1066 1063 1080 1083
f 1234 1237 1254 1251
f 1263 1092 1091 1262
f 1264 1093 1092 1263
f 1265 1094 1093 1264
f 1262 1091 1094 1265
f 1093 1094 1091 1092
f 1265 1264 1263 1262
f 1267 1266 1095 1096
f 1268 1267 1096 1097
f 1269 1268 1097 1098
f 1266 1269 1098 1095
f 1095 1098 1097 1096
f 1267 1268 1269 1266
f 1268 1270 1099 1097
f 1264 1268 1097 1093
f 1271 1264 1093 1100
f 1270 1271 1100 1099
f 1099 1100 1093 1097
f 1268 1264 1271 1270
f 1273 1272 1101 1102
f 1274 1273 1102 1103
f 1275 1274 1103 1104
f 1272 1275 1104 1101
f 1101 1104 1103 1102
f 1273 1274 1275 1272
f 1272 1101 1096 1267
f 1276 1105 1101 1272
f 1263 1092 1105 1276
f 1267 1096 1092 1263
f 1096 1101 1105 1092
f 1272 1267 1263 1276
f 1278 1277 1106 1107
f 1279 1278 1107 1108
f 1280 1279 1108 1109
f 1277 1280 1109 1106
f 1106 1109 1108 1107
f 1278 1279 1280 1277
f 1281 1277 1106 1110
f 1262 1281 1110 1091
f 1276 1262 1091 1105
f 1277 1276 1105 1106
f 1106 1105 1091 1110
f 1281 1262 1276 1277
f 1273 1102 1101 1272
f 1282 1111 1102 1273
f 1283 1112 1111 1282
f 1272 1101 1112 1283
f 1111 1112 1101 1102
f 1283 1282 1273 1272
f 1285 1114 1113 1284
f 1286 1115 1114 1285
f 1287 1116 1115 1286
f 1284 1113 1116 1287
f 1115 1116 1113 1114
f 1287 1286 1285 1284
f 1288 1117 1113 1284
f 1289 1118 1117 1288
f 1290 1119 1118 1289
f 1284 1113 1119 1290
f 1118 1119 1113 1117
f 1290 1289 1288 1284
f 1292 1121 1120 1291
f 1293 1122 1121 1292
f 1289 1118 1122 1293
f 1291 1120 1118 1289
f 1122 1118 1120 1121
f 1289 1293 1292 1291
f 1290 1119 1122 1293
f 1272 1101 1119 1290
f 1267 1096 1101 1272
f 1293 1122 1096 1267
f 1122 1119 1101 1096
f 1290 1293 1267 1272
f 1295 1124 1123 1294
f 1292 1121 1124 1295
f 1296 1125 1121 1292
f 1294 1123 1125 1296
f 1121 1125 1123 1124
f 1296 1292 1295 1294
f 1267 1096 1095 1266
f 1295 1124 1096 1267
f 1297 1126 1124 1295
f 1266 1095 1126 1297
f 1124 1126 1095 1096
f 1297 1295 1267 1266
f 1299 1298 1127 1128
f 1300 1299 1128 1129
f 1301 1300 1129 1130
f 1298 1301 1130 1127
f 1127 1130 1129 1128
f 1299 1300 1301 1298
f 1303 1302 1131 1132
f 1289 1303 1132 1118
f 1290 1289 1118 1119
f 1302 1290 1119 1131
f 1131 1119 1118 1132
f 1303 1289 1290 1302
f 1304 1302 1131 1133
f 1305 1304 1133 1134
f 1306 1305 1134 1135
f 1302 1306 1135 1131
f 1131 1135 1134 1133
f 1304 1305 1306 1302
f 1300 1307 1136 1129
f 1308 1300 1129 1137
f 1309 1308 1137 1138
f 1307 1309 1138 1136
f 1136 1138 1137 1129
f 1300 1308 1309 1307
f 1308 1310 1139 1137
f 1293 1308 1137 1122
f 1289 1293 1122 1118
f 1310 1289 1118 1139
f 1139 1118 1122 1137
f 1308 1293 1289 1310
f 1299 1128 1127 1298
f 1311 1140 1128 1299
f 1312 1141 1140 1311
f 1298 1127 1141 1312
f 1140 1141 1127 1128
f 1312 1311 1299 1298
f 1314 1313 1142 1143
f 1315 1314 1143 1144
f 1316 1315 1144 1145
f 1313 1316 1145 1142
f 1142 1145 1144 1143
f 1314 1315 1316 1313
f 1313 1142 1128 1299
f 1290 1119 1142 1313
f 1293 1122 1119 1290
f 1299 1128 1122 1293
f 1128 1142 1119 1122
f 1313 1299 1293 1290
f 1314 1143 1142 1313
f 1317 1146 1143 1314
f 1318 1147 1146 1317
f 1313 1142 1147 1318
f 1146 1147 1142 1143
f 1318 1317 1314 1313
f 1320 1149 1148 1319
f 1321 1150 1149 1320
f 1322 1151 1150 1321
f 1319 1148 1151 1322
f 1150 1151 1148 1149
f 1322 1321 1320 1319
f 1324 1153 1152 1323
f 1325 1154 1153 1324
f 1326 1155 1154 1325
f 1323 1152 1155 1326
f 1154 1155 1152 1153
f 1326 1325 1324 1323
f 1327 1156 1148 1319
f 1326 1155 1156 1327
f 1328 1157 1155 1326
f 1319 1148 1157 1328
f 1155 1157 1148 1156
f 1328 1326 1327 1319
f 1311 1140 1158 1329
f 1324 1153 1140 1311
f 1330 1159 1153 1324
f 1329 1158 1159 1330
f 1153 1159 1158 1140
f 1330 1324 1311 1329
f 1328 1157 1154 1325
f 1313 1142 1157 1328
f 1299 1128 1142 1313
f 1325 1154 1128 1299
f 1154 1157 1142 1128
f 1328 1325 1299 1313
f 1332 1331 1160 1161
f 1333 1332 1161 1162
f 1334 1333 1162 1163
f 1331 1334 1163 1160
f 1160 1163 1162 1161
f 1332 1333 1334 1331
f 1333 1335 1164 1162
f 1336 1333 1162 1165
f 1337 1336 1165 1166
f 1335 1337 1166 1164
f 1164 1166 1165 1162
f 1333 1336 1337 1335
f 1338 1167 1161 1332
f 1328 1157 1167 1338
f 1325 1154 1157 1328
f 1332 1161 1154 1325
f 1161 1167 1157 1154
f 1338 1332 1325 1328
f 1340 1339 1168 1169
f 1341 1340 1169 1170
f 1342 1341 1170 1171
f 1339 1342 1171 1168
f 1168 1171 1170 1169
f 1340 1341 1342 1339
f 1343 1338 1167 1172
f 1344 1343 1172 1173
f 1345 1344 1173 1174
f 1338 1345 1174 1167
f 1167 1174 1173 1172
f 1343 1344 1345 1338
f 1346 1339 1168 1175
f 1326 1346 1175 1155
f 1328 1326 1155 1157
f 1339 1328 1157 1168
f 1168 1157 1155 1175
f 1346 1326 1328 1339
f 1348 1347 1176 1177
f 1349 1348 1177 1178
f 1350 1349 1178 1179
f 1347 1350 1179 1176
f 1178 1177 1176 1179
f 1350 1347 1348 1349
f 1352 1351 1180 1181
f 1353 1352 1181 1182
f 1354 1353 1182 1183
f 1351 1354 1183 1180
f 1182 1181 1180 1183
f 1354 1351 1352 1353
f 1356 1355 1184 1185
f 1357 1356 1185 1186
f 1358 1357 1186 1187
f 1355 1358 1187 1184
f 1186 1185 1184 1187
f 1358 1355 1356 1357
f 1360 1359 1188 1189
f 1361 1360 1189 1190
f 1362 1361 1190 1191
f 1359 1362 1191 1188
f 1190 1189 1188 1191
f 1362 1359 1360 1361
f 1364 1363 1192 1193
f 1365 1364 1193 1194
f 1366 1365 1194 1195
f 1363 1366 1195 1192
f 1194 1193 1192 1195
f 1366 1363 1364 1365
f 1360 1189 1188 1359
f 1367 1196 1189 1360
f 1368 1197 1196 1367
f 1359 1188 1197 1368
f 1188 1189 1196 1197
f 1360 1359 1368 1367
f 1367 1196 1198 1369
f 1365 1194 1196 1367
f 1370 1199 1194 1365
f 1369 1198 1199 1370
f 1198 1196 1194 1199
f 1367 1369 1370 1365
f 1360 1189 1180 1351
f 1364 1193 1189 1360
f 1371 1200 1193 1364
f 1351 1180 1200 1371
f 1180 1189 1193 1200
f 1360 1351 1371 1364
f 1352 1181 1180 1351
f 1372 1201 1181 1352
f 1373 1202 1201 1372
f 1351 1180 1202 1373
f 1180 1181 1201 1202
f 1352 1351 1373 1372
f 1375 1204 1203 1374
f 1376 1205 1204 1375
f 1377 1206 1205 1376
f 1374 1203 1206 1377
f 1203 1204 1205 1206
f 1375 1374 1377 1376
f 1378 1207 1203 1374
f 1363 1192 1207 1378
f 1371 1200 1192 1363
f 1374 1203 1200 1371
f 1203 1207 1192 1200
f 1378 1374 1371 1363
f 1380 1209 1208 1379
f 1381 1210 1209 1380
f 1382 1211 1210 1381
f 1379 1208 1211 1382
f 1208 1209 1210 1211
f 1380 1379 1382 1381
f 1361 1383 1212 1190
f 1384 1361 1190 1213
f 1385 1384 1213 1214
f 1383 1385 1214 1212
f 1213 1190 1212 1214
f 1385 1383 1361 1384
f 1386 1355 1184 1215
f 1382 1386 1215 1211
f 1387 1382 1211 1216
f 1355 1387 1216 1184
f 1211 1215 1184 1216
f 1387 1355 1386 1382
f 1384 1388 1217 1213
f 1381 1384 1213 1210
f 1382 1381 1210 1211
f 1388 1382 1211 1217
f 1210 1213 1217 1211
f 1382 1388 1384 1381
f 1381 1210 1216 1387
f 1360 1189 1210 1381
f 1351 1180 1189 1360
f 1387 1216 1180 1351
f 1216 1210 1189 1180
f 1381 1387 1351 1360
f 1348 1177 1218 1389
f 1381 1210 1177 1348
f 1387 1216 1210 1381
f 1389 1218 1216 1387
f 1218 1177 1210 1216
f 1348 1389 1387 1381
f 1391 1220 1219 1390
f 1380 1209 1220 1391
f 1392 1221 1209 1380
f 1390 1219 1221 1392
f 1219 1220 1209 1221
f 1391 1390 1392 1380
f 1348 1177 1176 1347
f 1391 1220 1177 1348
f 1393 1222 1220 1391
f 1347 1176 1222 1393
f 1176 1177 1220 1222
f 1348 1347 1393 1391
f 1394 1389 1218 1223
f 1395 1394 1223 1224
f 1396 1395 1224 1225
f 1389 1396 1225 1218
f 1224 1223 1218 1225
f 1396 1389 1394 1395
f 1398 1227 1226 1397
f 1382 1211 1227 1398
f 1387 1216 1211 1382
f 1397 1226 1216 1387
f 1226 1227 1211 1216
f 1398 1397 1387 1382
f 1394 1223 1218 1389
f 1399 1228 1223 1394
f 1400 1229 1228 1399
f 1389 1218 1229 1400
f 1218 1223 1228 1229
f 1394 1389 1400 1399
f 1401 1230 1226 1397
f 1402 1231 1230 1401
f 1403 1232 1231 1402
f 1397 1226 1232 1403
f 1226 1230 1231 1232
f 1401 1397 1403 1402
f 1405 1234 1233 1404
f 1406 1235 1234 1405
f 1407 1236 1235 1406
f 1404 1233 1236 1407
f 1233 1234 1235 1236
f 1405 1404 1407 1406
f 1409 1238 1237 1408
f 1410 1239 1238 1409
f 1411 1240 1239 1410
f 1408 1237 1240 1411
f 1237 1238 1239 1240
f 1409 1408 1411 1410
f 1413 1242 1241 1412
f 1414 1243 1242 1413
f 1415 1244 1243 1414
f 1412 1241 1244 1415
f 1241 1242 1243 1244
f 1413 1412 1415 1414
f 1417 1416 1245 1246
f 1418 1417 1246 1247
f 1419 1418 1247 1248
f 1416 1419 1248 1245
f 1247 1246 1245 1248
f 1419 1416 1417 1418
f 1421 1420 1249 1250
f 1422 1421 1250 1251
f 1423 1422 1251 1252
f 1420 1423 1252 1249
f 1251 1250 1249 1252
f 1423 1420 1421 1422
f 1424 1416 1245 1253
f 1423 1424 1253 1252
f 1425 1423 1252 1254
f 1416 1425 1254 1245
f 1252 1253 1245 1254
f 1425 1416 1424 1423
f 1349 1426 1255 1178
f 1421 1349 1178 1250
f 1427 1421 1250 1256
f 1426 1427 1256 1255
f 1250 1178 1255 1256
f 1427 1426 1349 1421
f 1429 1258 1257 1428
f 1422 1251 1258 1429
f 1423 1252 1251 1422
f 1428 1257 1252 1423
f 1257 1258 1251 1252
f 1429 1428 1423 1422
f 1430 1259 1241 1412
f 1423 1252 1259 1430
f 1425 1254 1252 1423
f 1412 1241 1254 1425
f 1241 1259 1252 1254
f 1430 1412 1425 1423
f 1406 1235 1260 1431
f 1429 1258 1235 1406
f 1432 1261 1258 1429
f 1431 1260 1261 1432
f 1260 1235 1258 1261
f 1406 1431 1432 1429
f 1422 1251 1254 1425
f 1348 1177 1251 1422
f 1389 1218 1177 1348
f 1425 1254 1218 1389
f 1254 1251 1177 1218
f 1422 1425 1389 1348
f 1405 1234 1237 1408
f 1422 1251 1234 1405
f 1425 1254 1251 1422
f 1408 1237 1254 1425
f 1237 1234 1251 1254
f 1405 1408 1425 1422
f 1434 1263 1262 1433
f 1435 1264 1263 1434
f 1436 1265 1264 1435
f 1433 1262 1265 1436
f 1264 1265 1262 1263
f 1436 1435 1434 1433
f 1438 1437 1266 1267
f 1439 1438 1267 1268
f 1440 1439 1268 1269
f 1437 1440 1269 1266
f 1266 1269 1268 1267
f 1438 1439 1440 1437
f 1439 1441 1270 1268
f 1435 1439 1268 1264
f 1442 1435 1264 1271
f 1441 1442 1271 1270
f 1270 1271 1264 1268
f 1439 1435 1442 1441
f 1444 1443 1272 1273
f 1445 1444 1273 1274
f 1446 1445 1274 1275
f 1443 1446 1275 1272
f 1272 1275 1274 1273
f 1444 1445 1446 1443
f 1443 1272 1267 1438
f 1447 1276 1272 1443
f 1434 1263 1276 1447
f 1438 1267 1263 1434
f 1267 1272 1276 1263
f 1443 1438 1434 1447
f 1449 1448 1277 1278
f 1450 1449 1278 1279
f 1451 1450 1279 1280
f 1448 1451 1280 1277
f 1277 1280 1279 1278
f 1449 1450 1451 1448
f 1452 1448 1277 1281
f 1433 1452 1281 1262
f 1447 1433 1262 1276
f 1448 1447 1276 1277
f 1277 1276 1262 1281
f 1452 1433 1447 1448
f 1444 1273 1272 1443
f 1453 1282 1273 1444
f 1454 1283 1282 1453
f 1443 1272 1283 1454
f 1282 1283 1272 1273
f 1454 1453 1444 1443
f 1456 1285 1284 1455
f 1457 1286 1285 1456
f 1458 1287 1286 1457
f 1455 1284 1287 1458
f 1286 1287 1284 1285
f 1458 1457 1456 1455
f 1459 1288 1284 1455
f 1460 1289 1288 1459
f 1461 1290 1289 1460
f 1455 1284 1290 1461
f 1289 1290 1284 1288
f 1461 1460 1459 1455
f 1463 1292 1291 1462
f 1464 1293 1292 1463
f 1460 1289 1293 1464
f 1462 1291 1289 1460
f 1293 1289 1291 1292
f 1460 1464 1463 1462
f 1461 1290 1293 1464
f 1443 1272 1290 1461
f 1438 1267 1272 1443
f 1464 1293 1267 1438
f 1293 1290 1272 1267
f 1461 1464 1438 1443
f 1466 1295 1294 1465
f 1463 1292 1295 1466
f 1467 1296 1292 1463
f 1465 1294 1296 1467
f 1292 1296 1294 1295
f 1467 1463 1466 1465
f 1438 1267 1266 1437
f 1466 1295 1267 1438
f 1468 1297 1295 1466
f 1437 1266 1297 1468
f 1295 1297 1266 1267
f 1468 1466 1438 1437
f 1470 1469 1298 1299
f 1471 1470 1299 1300
f 1472 1471 1300 1301
f 1469 1472 1301 1298
f 1298 1301 1300 1299
f 1470 1471 1472 1469
f 1474 1473 1302 1303
f 1460 1474 1303 1289
f 1461 1460 1289 1290
f 1473 1461 1290 1302
f 1302 1290 1289 1303
f 1474 1460 1461 1473
f 1475 1473 1302 1304
f 1476 1475 1304 1305
f 1477 1476 1305 1306
f 1473 1477 1306 1302
f 1302 1306 1305 1304
f 1475 1476 1477 1473
f 1471 1478 1307 1300
f 1479 1471 1300 1308
f 1480 1479 1308 1309
f 1478 1480 1309 1307
f 1307 1309 1308 1300
f 1471 1479 1480 1478
f 1479 1481 1310 1308
f 1464 1479 1308 1293
f 1460 1464 1293 1289
f 1481 1460 1289 1310
f 1310 1289 1293 1308
f 1479 1464 1460 1481
f 1470 1299 1298 1469
f 1482 1311 1299 1470
f 1483 1312 1311 1482
f 1469 1298 1312 1483
f 1311 1312 1298 1299
f 1483 1482 1470 1469
f 1485 1484 1313 1314
f 1486 1485 1314 1315
f 1487 1486 1315 1316
f 1484 1487 1316 1313
f 1313 1316 1315 1314
f 1485 1486 1487 1484
f 1484 1313 1299 1470
f 1461 1290 1313 1484
f 1464 1293 1290 1461
f 1470 1299 1293 1464
f 1299 1313 1290 1293
f 1484 1470 1464 1461
f 1485 1314 1313 1484
f 1488 1317 1314 1485
f 1489 1318 1317 1488
f 1484 1313 1318 1489
f 1317 1318 1313 1314
f 1489 1488 1485 1484
f 1491 1320 1319 1490
f 1492 1321 1320 1491
f 1493 1322 1321 1492
f 1490 1319 1322 1493
f 1321 1322 1319 1320
f 1493 1492 1491 1490
f 1495 1324 1323 1494
f 1496 1325 1324 1495
f 1497 1326 1325 1496
f 1494 1323 1326 1497
f 1325 1326 1323 1324
f 1497 1496 1495 1494
f 1498 1327 1319 1490
f 1497 1326 1327 1498
f 1499 1328 1326 1497
f 1490 1319 1328 1499
f 1326 1328 1319 1327
f 1499 1497 1498 1490
f 1482 1311 1329 1500
f 1495 1324 1311 1482
f 1501 1330 1324 1495
f 1500 1329 1330 1501
f 1324 1330 1329 1311
f 1501 1495 1482 1500
f 1499 1328 1325 1496
f 1484 1313 1328 1499
f 1470 1299 1313 1484
f 1496 1325 1299 1470
f 1325 1328 1313 1299
f 1499 1496 1470 1484
f 1503 1502 1331 1332
f 1504 1503 1332 1333
f 1505 1504 1333 1334
f 1502 1505 1334 1331
f 1331 1334 1333 1332
f 1503 1504 1505 1502
f 1504 1506 1335 1333
f 1507 1504 1333 1336
f 1508 1507 1336 1337
f 1506 1508 1337 1335
f 1335 1337 1336 1333
f 1504 1507 1508 1506
f 1509 1338 1332 1503
f 1499 1328 1338 1509
f 1496 1325 1328 1499
f 1503 1332 1325 1496
f 1332 1338 1328 1325
f 1509 1503 1496 1499
f 1511 1510 1339 1340
f 1512 1511 1340 1341
f 1513 1512 1341 1342
f 1510 1513 1342 1339
f 1339 1342 1341 1340
f 1511 1512 1513 1510
f 1514 1509 1338 1343
f 1515 1514 1343 1344
f 1516 1515 1344 1345
f 1509 1516 1345 1338
f 1338 1345 1344 1343
f 1514 1515 1516 1509
f 1517 1510 1339 1346
f 1497 1517 1346 1326
f 1499 1497 1326 1328
f 1510 1499 1328 1339
f 1339 1328 1326 1346
f 1517 1497 1499 1510
f 1519 1518 1347 1348
f 1520 1519 1348 1349
f 1521 1520 1349 1350
f 1518 1521 1350 1347
f 1349 1348 1347 1350
f 1521 1518 1519 1520
f 1523 1522 1351 1352
f 1524 1523 1352 1353
f 1525 1524 1353 1354
f 1522 1525 1354 1351
f 1353 1352 1351 1354
f 1525 1522 1523 1524
f 1527 1526 1355 1356
f 1528 1527 1356 1357
f 1529 1528 1357 1358
f 1526 1529 1358 1355
f 1357 1356 1355 1358
f 1529 1526 1527 1528
f 1531 1530 1359 1360
f 1532 1531 1360 1361
f 1533 1532 1361 1362
f 1530 1533 1362 1359
f 1361 1360 1359 1362
f 1533 1530 1531 1532
f 1535 1534 1363 1364
f 1536 1535 1364 1365
f 1537 1536 1365 1366
f 1534 1537 1366 1363
f 1365 1364 1363 1366
f 1537 1534 1535 1536
f 1531 1360 1359 1530
f 1538 1367 1360 1531
f 1539 1368 1367 1538
f 1530 1359 1368 1539
f 1359 1360 1367 1368
f 1531 1530 1539 1538
f 1538 1367 1369 1540
f 1536 1365 1367 1538
f 1541 1370 1365 1536
f 1540 1369 1370 1541
f 1369 1367 1365 1370
f 1538 1540 1541 1536
f 1531 1360 1351 1522
f 1535 1364 1360 1531
f 1542 1371 1364 1535
f 1522 1351 1371 1542
f 1351 1360 1364 1371
f 1531 1522 1542 1535
f 1523 1352 1351 1522
f 1543 1372 1352 1523
f 1544 1373 1372 1543
f 1522 1351 1373 1544
f 1351 1352 1372 1373
f 1523 1522 1544 1543
f 1546 1375 1374 1545
f 1547 1376 1375 1546
f 1548 1377 1376 1547
f 1545 1374 1377 1548
f 1374 1375 1376 1377
f 1546 1545 1548 1547
f 1549 1378 1374 1545
f 1534 1363 1378 1549
f 1542 1371 1363 1534
f 1545 1374 1371 1542
f 1374 1378 1363 1371
f 1549 1545 1542 1534
f 1551 1380 1379 1550
f 1552 1381 1380 1551
f 1553 1382 1381 1552
f 1550 1379 1382 1553
f 1379 1380 1381 1382
f 1551 1550 1553 1552
f 1532 1554 1383 1361
f 1555 1532 1361 1384
f 1556 1555 1384 1385
f 1554 1556 1385 1383
f 1384 1361 1383 1385
f 1556 1554 1532 1555
f 1557 1526 1355 1386
f 1553 1557 1386 1382
f 1558 1553 1382 1387
f 1526 1558 1387 1355
f 1382 1386 1355 1387
f 1558 1526 1557 1553
f 1555 1559 1388 1384
f 1552 1555 1384 1381
f 1553 1552 1381 1382
f 1559 1553 1382 1388
f 1381 1384 1388 1382
f 1553 1559 1555 1552
f 1552 1381 1387 1558
f 1531 1360 1381 1552
f 1522 1351 1360 1531
f 1558 1387 1351 1522
f 1387 1381 1360 1351
f 1552 1558 1522 1531
f 1519 1348 1389 1560
f 1552 1381 1348 1519
f 1558 1387 1381 1552
f 1560 1389 1387 1558
f 1389 1348 1381 1387
f 1519 1560 1558 1552
f 1562 1391 1390 1561
f 1551 1380 1391 1562
f 1563 1392 1380 1551
f 1561 1390 1392 1563
f 1390 1391 1380 1392
f 1562 1561 1563 1551
f 1519 1348 1347 1518
f 1562 1391 1348 1519
f 1564 1393 1391 1562
f 1518 1347 1393 1564
f 1347 1348 1391 1393
f 1519 1518 1564 1562
f 1565 1560 1389 1394
f 1566 1565 1394 1395
f 1567 1566 1395 1396
f 1560 1567 1396 1389
f 1395 1394 1389 1396
f 1567 1560 1565 1566
f 1569 1398 1397 1568
f 1553 1382 1398 1569
f 1558 1387 1382 1553
f 1568 1397 1387 1558
f 1397 1398 1382 1387
f 1569 1568 1558 1553
f 1565 1394 1389 1560
f 1570 1399 1394 1565
f 1571 1400 1399 1570
f 1560 1389 1400 1571
f 1389 1394 1399 1400
f 1565 1560 1571 1570
f 1572 1401 1397 1568
f 1573 1402 1401 1572
f 1574 1403 1402 1573
f 1568 1397 1403 1574
f 1397 1401 1402 1403
f 1572 1568 1574 1573
f 1576 1405 1404 1575
f 1577 1406 1405 1576
f 1578 1407 1406 1577
f 1575 1404 1407 1578
f 1404 1405 1406 1407
f 1576 1575 1578 1577
f 1580 1409 1408 1579
f 1581 1410 1409 1580
f 1582 1411 1410 1581
f 1579 1408 1411 1582
f 1408 1409 1410 1411
f 1580 1579 1582 1581
f 1584 1413 1412 1583
f 1585 1414 1413 1584
f 1586 1415 1414 1585
f 1583 1412 1415 1586
f 1412 1413 1414 1415
f 1584 1583 1586 1585
f 1588 1587 1416 1417
f 1589 1588 1417 1418
f 1590 1589 1418 1419
f 1587 1590 1419 1416
f 1418 1417 1416 1419
f 1590 1587 1588 1589
f 1592 1591 1420 1421
f 1593 1592 1421 1422
f 1594 1593 1422 1423
f 1591 1594 1423 1420
f 1422 1421 1420 1423
f 1594 1591 1592 1593
f 1595 1587 1416 1424
f 1594 1595 1424 1423
f 1596 1594 1423 1425
f 1587 1596 1425 1416
f 1423 1424 1416 1425
f 1596 1587 1595 1594
f 1520 1597 1426 1349
f 1592 1520 1349 1421
f 1598 1592 1421 1427
f 1597 1598 1427 1426
f 1421 1349 1426 1427
f 1598 1597 1520 1592
f 1600 1429 1428 1599
f 1593 1422 1429 1600
f 1594 1423 1422 1593
f 1599 1428 1423 1594
f 1428 1429 1422 1423
f 1600 1599 1594 1593
f 1601 1430 1412 1583
f 1594 1423 1430 1601
f 1596 1425 1423 1594
f 1583 1412 1425 1596
f 1412 1430 1423 1425
f 1601 1583 1596 1594
f 1577 1406 1431 1602
f 1600 1429 1406 1577
f 1603 1432 1429 1600
f 1602 1431 1432 1603
f 1431 1406 1429 1432
f 1577 1602 1603 1600
f 1593 1422 1425 1596
f 1519 1348 1422 1593
f 1560 1389 1348 1519
f 1596 1425 1389 1560
f 1425 1422 1348 1389
f 1593 1596 1560 1519
f 1576 1405 1408 1579
f 1593 1422 1405 1576
f 1596 1425 1422 1593
f 1579 1408 1425 1596
f 1408 1405 1422 1425
f 1576 1579 1596 1593
f 1605 1434 1433 1604
f 1606 1435 1434 1605
f 1607 1436 1435 1606
f 1604 1433 1436 1607
f 1435 1436 1433 1434
f 1607 1606 1605 1604
f 1609 1608 1437 1438
f 1610 1609 1438 1439
f 1611 1610 1439 1440
f 1608 1611 1440 1437
f 1437 1440 1439 1438
f 1609 1610 1611 1608
f 1610 1612 1441 1439
f 1606 1610 1439 1435
f 1613 1606 1435 1442
f 1612 1613 1442 1441
f 1441 1442 1435 1439
f 1610 1606 1613 1612
f 1615 1614 1443 1444
f 1616 1615 1444 1445
f 1617 1616 1445 1446
f 1614 1617 1446 1443
f 1443 1446 1445 1444
f 1615 1616 1617 1614
f 1614 1443 1438 1609
f 1618 1447 1443 1614
f 1605 1434 1447 1618
f 1609 1438 1434 1605
f 1438 1443 1447 1434
f 1614 1609 1605 1618
f 1620 1619 1448 1449
f 1621 1620 1449 1450
f 1622 1621 1450 1451
f 1619 1622 1451 1448
f 1448 1451 1450 1449
f 1620 1621 1622 1619
f 1623 1619 1448 1452
f 1604 1623 1452 1433
f 1618 1604 1433 1447
f 1619 1618 1447 1448
f 1448 1447 1433 1452
f 1623 1604 1618 1619
f 1615 1444 1443 1614
f 1624 1453 1444 1615
f 1625 1454 1453 1624
f 1614 1443 1454 1625
f 1453 1454 1443 1444
f 1625 1624 1615 1614
f 1627 1456 1455 1626
f 1628 1457 1456 1627
f 1629 1458 1457 1628
f 1626 1455 1458 1629
f 1457 1458 1455 1456
f 1629 1628 1627 1626
f 1630 1459 1455 1626
f 1631 1460 1459 1630
f 1632 1461 1460 1631
f 1626 1455 1461 1632
f 1460 1461 1455 1459
f 1632 1631 1630 1626
f 1634 1463 1462 1633
f 1635 1464 1463 1634
f 1631 1460 1464 1635
f 1633 1462 1460 1631
f 1464 1460 1462 1463
f 1631 1635 1634 1633
f 1632 1461 1464 1635
f 1614 1443 1461 1632
f 1609 1438 1443 1614
f 1635 1464 1438 1609
f 1464 1461 1443 1438
f 1632 1635 1609 1614
f 1637 1466 1465 1636
f 1634 1463 1466 1637
f 1638 1467 1463 1634
f 1636 1465 1467 1638
f 1463 1467 1465 1466
f 1638 1634 1637 1636
f 1609 1438 1437 1608
f 1637 1466 1438 1609
f 1639 1468 1466 1637
f 1608 1437 1468 1639
f 1466 1468 1437 1438
f 1639 1637 1609 1608
f 1641 1640 1469 1470
f 1642 1641 1470 1471
f 1643 1642 1471 1472
f 1640 1643 1472 1469
f 1469 1472 1471 1470
f 1641 1642 1643 1640
f 1645 1644 1473 1474
f 1631 1645 1474 1460
f 1632 1631 1460 1461
f 1644 1632 1461 1473
f 1473 1461 1460 1474
f 1645 1631 1632 1644
f 1646 1644 1473 1475
f 1647 1646 1475 1476
f 1648 1647 1476 1477
f 1644 1648 1477 1473
f 1473 1477 1476 1475
f 1646 1647 1648 1644
f 1642 1649 1478 1471
f 1650 1642 1471 1479
f 1651 1650 1479 1480
f 1649 1651 1480 1478
f 1478 1480 1479 1471
f 1642 1650 1651 1649
f 1650 1652 1481 1479
f 1635 1650 1479 1464
f 1631 1635 1464 1460
f 1652 1631 1460 1481
f 1481 1460 1464 1479
f 1650 1635 1631 1652
f 1641 1470 1469 1640
f 1653 1482 1470 1641
f 1654 1483 1482 1653
f 1640 1469 1483 1654
f 1482 1483 1469 1470
f 1654 1653 1641 1640
f 1656 1655 1484 1485
f 1657 1656 1485 1486
f 1658 1657 1486 1487
f 1655 1658 1487 1484
f 1484 1487 1486 1485
f 1656 1657 1658 1655
f 1655 1484 1470 1641
f 1632 1461 1484 1655
f 1635 1464 1461 1632
f 1641 1470 1464 1635
f 1470 1484 1461 1464
f 1655 1641 1635 1632
f 1656 1485 1484 1655
f 1659 1488 1485 1656
f 1660 1489 1488 1659
f 1655 1484 1489 1660
f 1488 1489 1484 1485
f 1660 1659 1656 1655
f 1662 1491 1490 1661
f 1663 1492 1491 1662
f 1664 1493 1492 1663
f 1661 1490 1493 1664
f 1492 1493 1490 1491
f 1664 1663 1662 1661
f 1666 1495 1494 1665
f 1667 1496 1495 1666
f 1668 1497 1496 1667
f 1665 1494 1497 1668
f 1496 1497 1494 1495
f 1668 1667 1666 1665
f 1669 1498 1490 1661
f 1668 1497 1498 1669
f 1670 1499 1497 1668
f 1661 1490 1499 1670
f 1497 1499 1490 1498
f 1670 1668 1669 1661
f 1653 1482 1500 1671
f 1666 1495 1482 1653
f 1672 1501 1495 1666
f 1671 1500 1501 1672
f 1495 1501 1500 1482
f 1672 1666 1653 1671
f 1670 1499 1496 1667
f 1655 1484 1499 1670
f 1641 1470 1484 1655
f 1667 1496 1470 1641
f 1496 1499 1484 1470
f 1670 1667 1641 1655
f 1674 1673 1502 1503
f 1675 1674 1503 1504
f 1676 1675 1504 1505
f 1673 1676 1505 1502
f 1502 1505 1504 1503
f 1674 1675 1676 1673
f 1675 1677 1506 1504
f 1678 1675 1504 1507
f 1679 1678 1507 1508
f 1677 1679 1508 1506
f 1506 1508 1507 1504
f 1675 1678 1679 1677
f 1680 1509 1503 1674
f 1670 1499 1509 1680
f 1667 1496 1499 1670
f 1674 1503 1496 1667
f 1503 1509 1499 1496
f 1680 1674 1667 1670
f 1682 1681 1510 1511
f 1683 1682 1511 1512
f 1684 1683 1512 1513
f 1681 1684 1513 1510
f 1510 1513 1512 1511
f 1682 1683 1684 1681
f 1685 1680 1509 1514
f 1686 1685 1514 1515
f 1687 1686 1515 1516
f 1680 1687 1516 1509
f 1509 1516 1515 1514
f 1685 1686 1687 1680
f 1688 1681 1510 1517
f 1668 1688 1517 1497
f 1670 1668 1497 1499
f 1681 1670 1499 1510
f 1510 1499 1497 1517
f 1688 1668 1670 1681
f 1690 1689 1518 1519
f 1691 1690 1519 1520
f 1692 1691 1520 1521
f 1689 1692 1521 1518
f 1520 1519 1518 1521
f 1692 1689 1690 1691
f 1694 1693 1522 1523
f 1695 1694 1523 1524
f 1696 1695 1524 1525
f 1693 1696 1525 1522
f 1524 1523 1522 1525
f 1696 1693 1694 1695
f 1698 1697 1526 1527
f 1699 1698 1527 1528
f 1700 1699 1528 1529
f 1697 1700 1529 1526
f 1528 1527 1526 1529
f 1700 1697 1698 1699
f 1702 1701 1530 1531
f 1703 1702 1531 1532
f 1704 1703 1532 1533
f 1701 1704 1533 1530
f 1532 1531 1530 1533
f 1704 1701 1702 1703
f 1706 1705 1534 1535
f 1707 1706 1535 1536
f 1708 1707 1536 1537
f 1705 1708 1537 1534
f 1536 1535 1534 1537
f 1708 1705 1706 1707
f 1702 1531 1530 1701
f 1709 1538 1531 1702
f 1710 1539 1538 1709
f 1701 1530 1539 1710
f 1530 1531 1538 1539
f 1702 1701 1710 1709
f 1709 1538 1540 1711
f 1707 1536 1538 1709
f 1712 1541 1536 1707
f 1711 1540 1541 1712
f 1540 1538 1536 1541
f 1709 1711 1712 1707
f 1702 1531 1522 1693
f 1706 1535 1531 1702
f 1713 1542 1535 1706
f 1693 1522 1542 1713
f 1522 1531 1535 1542
f 1702 1693 1713 1706
f 1694 1523 1522 1693
f 1714 1543 1523 1694
f 1715 1544 1543 1714
f 1693 1522 1544 1715
f 1522 1523 1543 1544
f 1694 1693 1715 1714
f 1717 1546 1545 1716
f 1718 1547 1546 1717
f 1719 1548 1547 1718
f 1716 1545 1548 1719
f 1545 1546 1547 1548
f 1717 1716 1719 1718
f 1720 1549 1545 1716
f 1705 1534 1549 1720
f 1713 1542 1534 1705
f 1716 1545 1542 1713
f 1545 1549 1534 1542
f 1720 1716 1713 1705
f 1722 1551 1550 1721
f 1723 1552 1551 1722
f 1724 1553 1552 1723
f 1721 1550 1553 1724
f 1550 1551 1552 1553
f 1722 1721 1724 1723
f 1703 1725 1554 1532
f 1726 1703 1532 1555
f 1727 1726 1555 1556
f 1725 1727 1556 1554
f 1555 1532 1554 1556
f 1727 1725 1703 1726
f 1728 1697 1526 1557
f 1724 1728 1557 1553
f 1729 1724 1553 1558
f 1697 1729 1558 1526
f 1553 1557 1526 1558
f 1729 1697 1728 1724
f 1726 1730 1559 1555
f 1723 1726 1555 1552
f 1724 1723 1552 1553
f 1730 1724 1553 1559
f 1552 1555 1559 1553
f 1724 1730 1726 1723
f 1723 1552 1558 1729
f 1702 1531 1552 1723
f 1693 1522 1531 1702
f 1729 1558 1522 1693
f 1558 1552 1531 1522
f 1723 1729 1693 1702
f 1690 1519 1560 1731
f 1723 1552 1519 1690
f 1729 1558 1552 1723
f 1731 1560 1558 1729
f 1560 1519 1552 1558
f 1690 1731 1729 1723
f 1733 1562 1561 1732
f 1722 1551 1562 1733
f 1734 1563 1551 1722
f 1732 1561 1563 1734
f 1561 1562 1551 1563
f 1733 1732 1734 1722
f 1690 1519 1518 1689
f 1733 1562 1519 1690
f 1735 1564 1562 1733
f 1689 1518 1564 1735
f 1518 1519 1562 1564
f 1690 1689 1735 1733
f 1736 1731 1560 1565
f 1737 1736 1565 1566
f 1738 1737 1566 1567
f 1731 1738 1567 1560
f 1566 1565 1560 1567
f 1738 1731 1736 1737
f 1740 1569 1568 1739
f 1724 1553 1569 1740
f 1729 1558 1553 1724
f 1739 1568 1558 1729
f 1568 1569 1553 1558
f 1740 1739 1729 1724
f 1736 1565 1560 1731
f 1741 1570 1565 1736
f 1742 1571 1570 1741
f 1731 1560 1571 1742
f 1560 1565 1570 1571
f 1736 1731 1742 1741
f 1743 1572 1568 1739
f 1744 1573 1572 1743
f 1745 1574 1573 1744
f 1739 1568 1574 1745
f 1568 1572 1573 1574
f 1743 1739 1745 1744
f 1747 1576 1575 1746
f 1748 1577 1576 1747
f 1749 1578 1577 1748
f 1746 1575 1578 1749
f 1575 1576 1577 1578
f 1747 1746 1749 1748
f 1751 1580 1579 1750
f 1752 1581 1580 1751
f 1753 1582 1581 1752
f 1750 1579 1582 1753
f 1579 1580 1581 1582
f 1751 1750 1753 1752
f 1755 1584 1583 1754
f 1756 1585 1584 1755
f 1757 1586 1585 1756
f 1754 1583 1586 1757
f 1583 1584 1585 1586
f 1755 1754 1757 1756
f 1759 1758 1587 1588
f 1760 1759 1588 1589
f 1761 1760 1589 1590
f 1758 1761 1590 1587
f 1589 1588 1587 1590
f 1761 1758 1759 1760
f 1763 1762 1591 1592
f 1764 1763 1592 1593
f 1765 1764 1593 1594
f 1762 1765 1594 1591
f 1593 1592 1591 1594
f 1765 1762 1763 1764
f 1766 1758 1587 1595
f 1765 1766 1595 1594
f 1767 1765 1594 1596
f 1758 1767 1596 1587
f 1594 1595 1587 1596
f 1767 1758 1766 1765
f 1691 1768 1597 1520
f 1763 1691 1520 1592
f 1769 1763 1592 1598
f 1768 1769 1598 1597
f 1592 1520 1597 1598
f 1769 1768 1691 1763
f 1771 1600 1599 1770
f 1764 1593 1600 1771
f 1765 1594 1593 1764
f 1770 1599 1594 1765
f 1599 1600 1593 1594
f 1771 1770 1765 1764
f 1772 1601 1583 1754
f 1765 1594 1601 1772
f 1767 1596 1594 1765
f 1754 1583 1596 1767
f 1583 1601 1594 1596
f 1772 1754 1767 1765
f 1748 1577 1602 1773
f 1771 1600 1577 1748
f 1774 1603 1600 1771
f 1773 1602 1603 1774
f 1602 1577 1600 1603
f 1748 1773 1774 1771
f 1764 1593 1596 1767
f 1690 1519 1593 1764
f 1731 1560 1519 1690
f 1767 1596 1560 1731
f 1596 1593 1519 1560
f 1764 1767 1731 1690
f 1747 1576 1579 1750
f 1764 1593 1576 1747
f 1767 1596 1593 1764
f 1750 1579 1596 1767
f 1579 1576 1593 1596
f 1747 1750 1767 1764
f 1776 1605 1604 1775
f 1777 1606 1605 1776
f 1778 1607 1606 1777
f 1775 1604 1607 1778
f 1606 1607 1604 1605
f 1778 1777 1776 1775
f 1780 1779 1608 1609
f 1781 1780 1609 1610
f 1782 1781 1610 1611
f 1779 1782 1611 1608
f 1608 1611 1610 1609
f 1780 1781 1782 1779
f 1781 1783 1612 1610
f 1777 1781 1610 1606
f 1784 1777 1606 1613
f 1783 1784 1613 1612
f 1612 1613 1606 1610
f 1781 1777 1784 1783
f 1786 1785 1614 1615
f 1787 1786 1615 1616
f 1788 1787 1616 1617
f 1785 1788 1617 1614
f 1614 1617 1616 1615
f 1786 1787 1788 1785
f 1785 1614 1609 1780
f 1789 1618 1614 1785
f 1776 1605 1618 1789
f 1780 1609 1605 1776
f 1609 1614 1618 1605
f 1785 1780 1776 1789
f 1791 1790 1619 1620
f 1792 1791 1620 1621
f 1793 1792 1621 1622
f 1790 1793 1622 1619
f 1619 1622 1621 1620
f 1791 1792 1793 1790
f 1794 1790 1619 1623
f 1775 1794 1623 1604
f 1789 1775 1604 1618
f 1790 1789 1618 1619
f 1619 1618 1604 1623
f 1794 1775 1789 1790
f 1786 1615 1614 1785
f 1795 1624 1615 1786
f 1796 1625 1624 1795
f 1785 1614 1625 1796
f 1624 1625 1614 1615
f 1796 1795 1786 1785
f 1798 1627 1626 1797
f 1799 1628 1627 1798
f 1800 1629 1628 1799
f 1797 1626 1629 1800
f 1628 1629 1626 1627
f 1800 1799 1798 1797
f 1801 1630 1626 1797
f 1802 1631 1630 1801
f 1803 1632 1631 1802
f 1797 1626 1632 1803
f 1631 1632 1626 1630
f 1803 1802 1801 1797
f 1805 1634 1633 1804
f 1806 1635 1634 1805
f 1802 1631 1635 1806
f 1804 1633 1631 1802
f 1635 1631 1633 1634
f 1802 1806 1805 1804
f 1803 1632 1635 1806
f 1785 1614 1632 1803
f 1780 1609 1614 1785
f 1806 1635 1609 1780
f 1635 1632 1614 1609
f 1803 1806 1780 1785
f 1808 1637 1636 1807
f 1805 1634 1637 1808
f 1809 1638 1634 1805
f 1807 1636 1638 1809
f 1634 1638 1636 1637
f 1809 1805 1808 1807
f 1780 1609 1608 1779
f 1808 1637 1609 1780
f 1810 1639 1637 1808
f 1779 1608 1639 1810
f 1637 1639 1608 1609
f 1810 1808 1780 1779
f 1812 1811 1640 1641
f 1813 1812 1641 1642
f 1814 1813 1642 1643
f 1811 1814 1643 1640
f 1640 1643 1642 1641
f 1812 1813 1814 1811
f 1816 1815 1644 1645
f 1802 1816 1645 1631
f 1803 1802 1631 1632
f 1815 1803 1632 1644
f 1644 1632 1631 1645
f 1816 1802 1803 1815
f 1817 1815 1644 1646
f 1818 1817 1646 1647
f 1819 1818 1647 1648
f 1815 1819 1648 1644
f 1644 1648 1647 1646
f 1817 1818 1819 1815
f 1813 1820 1649 1642
f 1821 1813 1642 1650
f 1822 1821 1650 1651
f 1820 1822 1651 1649
f 1649 1651 1650 1642
f 1813 1821 1822 1820
f 1821 1823 1652 1650
f 1806 1821 1650 1635
f 1802 1806 1635 1631
f 1823 1802 1631 1652
f 1652 1631 1635 1650
f 1821 1806 1802 1823
f 1812 1641 1640 1811
f 1824 1653 1641 1812
f 1825 1654 1653 1824
f 1811 1640 1654 1825
f 1653 1654 1640 1641
f 1825 1824 1812 1811
f 1827 1826 1655 1656
f 1828 1827 1656 1657
f 1829 1828 1657 1658
f 1826 1829 1658 1655
f 1655 1658 1657 1656
f 1827 1828 1829 1826
f 1826 1655 1641 1812
f 1803 1632 1655 1826
f 1806 1635 1632 1803
f 1812 1641 1635 1806
f 1641 1655 1632 1635
f 1826 1812 1806 1803
f 1827 1656 1655 1826
f 1830 1659 1656 1827
f 1831 1660 1659 1830
f 1826 1655 1660 1831
f 1659 1660 1655 1656
f 1831 1830 1827 1826
f 1833 1662 1661 1832
f 1834 1663 1662 1833
f 1835 1664 1663 1834
f 1832 1661 1664 1835
f 1663 1664 1661 1662
f 1835 1834 1833 1832
f 1837 1666 1665 1836
f 1838 1667 1666 1837
f 1839 1668 1667 1838
f 1836 1665 1668 1839
f 1667 1668 1665 1666
f 1839 1838 1837 1836
f 1840 1669 1661 1832
f 1839 1668 1669 1840
f 1841 1670 1668 1839
f 1832 1661 1670 1841
f 1668 1670 1661 1669
f 1841 1839 1840 1832
f 1824 1653 1671 1842
f 1837 1666 1653 1824
f 1843 1672 1666 1837
f 1842 1671 1672 1843
f 1666 1672 1671 1653
f 1843 1837 1824 1842
f 1841 1670 1667 1838
f 1826 1655 1670 1841
f 1812 1641 1655 1826
f 1838 1667 1641 1812
f 1667 1670 1655 1641
f 1841 1838 1812 1826
f 1845 1844 1673 1674
f 1846 1845 1674 1675
f 1847 1846 1675 1676
f 1844 1847 1676 1673
f 1673 1676 1675 1674
f 1845 1846 1847 1844
f 1846 1848 1677 1675
f 1849 1846 1675 1678
f 1850 1849 1678 1679
f 1848 1850 1679 1677
f 1677 1679 1678 1675
f 1846 1849 1850 1848
f 1851 1680 1674 1845
f 1841 1670 1680 1851
f 1838 1667 1670 1841
f 1845 1674 1667 1838
f 1674 1680 1670 1667
f 1851 1845 1838 1841
f 1853 1852 1681 1682
f 1854 1853 1682 1683
f 1855 1854 1683 1684
f 1852 1855 1684 1681
f 1681 1684 1683 1682
f 1853 1854 1855 1852
f 1856 1851 1680 1685
f 1857 1856 1685 1686
f 1858 1857 1686 1687
f 1851 1858 1687 1680
f 1680 1687 1686 1685
f 1856 1857 1858 1851
f 1859 1852 1681 1688
f 1839 1859 1688 1668
f 1841 1839 1668 1670
f 1852 1841 1670 1681
f 1681 1670 1668 1688
f 1859 1839 1841 1852
f 1861 1860 1689 1690
f 1862 1861 1690 1691
f 1863 1862 1691 1692
f 1860 1863 1692 1689
f 1691 1690 1689 1692
f 1863 1860 1861 1862
f 1865 1864 1693 1694
f 1866 1865 1694 1695
f 1867 1866 1695 1696
f 1864 1867 1696 1693
f 1695 1694 1693 1696
f 1867 1864 1865 1866
f 1869 1868 1697 1698
f 1870 1869 1698 1699
f 1871 1870 1699 1700
f 1868 1871 1700 1697
f 1699 1698 1697 1700
f 1871 1868 1869 1870
f 1873 1872 1701 1702
f 1874 1873 1702 1703
f 1875 1874 1703 1704
f 1872 1875 1704 1701
f 1703 1702 1701 1704
f 1875 1872 1873 1874
f 1877 1876 1705 1706
f 1878 1877 1706 1707
f 1879 1878 1707 1708
f 1876 1879 1708 1705
f 1707 1706 1705 1708
f 1879 1876 1877 1878
f 1873 1702 1701 1872
f 1880 1709 1702 1873
f 1881 1710 1709 1880
f 1872 1701 1710 1881
f 1701 1702 1709 1710
f 1873 1872 1881 1880
f 1880 1709 1711 1882
f 1878 1707 1709 1880
f 1883 1712 1707 1878
f 1882 1711 1712 1883
f 1711 1709 1707 1712
f 1880 1882 1883 1878
f 1873 1702 1693 1864
f 1877 1706 1702 1873
f 1884 1713 1706 1877
f 1864 1693 1713 1884
f 1693 1702 1706 1713
f 1873 1864 1884 1877
f 1865 1694 1693 1864
f 1885 1714 1694 1865
f 1886 1715 1714 1885
f 1864 1693 1715 1886
f 1693 1694 1714 1715
f 1865 1864 1886 1885
f 1888 1717 1716 1887
f 1889 1718 1717 1888
f 1890 1719 1718 1889
f 1887 1716 1719 1890
f 1716 1717 1718 1719
f 1888 1887 1890 1889
f 1891 1720 1716 1887
f 1876 1705 1720 1891
f 1884 1713 1705 1876
f 1887 1716 1713 1884
f 1716 1720 1705 1713
f 1891 1887 1884 1876
f 1893 1722 1721 1892
f 1894 1723 1722 1893
f 1895 1724 1723 1894
f 1892 1721 1724 1895
f 1721 1722 1723 1724
f 1893 1892 1895 1894
f 1874 1896 1725 1703
f 1897 1874 1703 1726
f 1898 1897 1726 1727
f 1896 1898 1727 1725
f 1726 1703 1725 1727
f 1898 1896 1874 1897
f 1899 1868 1697 1728
f 1895 1899 1728 1724
f 1900 1895 1724 1729
f 1868 1900 1729 1697
f 1724 1728 1697 1729
f 1900 1868 1899 1895
f 1897 1901 1730 1726
f 1894 1897 1726 1723
f 1895 1894 1723 1724
f 1901 1895 1724 1730
f 1723 1726 1730 1724
f 1895 1901 1897 1894
f 1894 1723 1729 1900
f 1873 1702 1723 1894
f 1864 1693 1702 1873
f 1900 1729 1693 1864
f 1729 1723 1702 1693
f 1894 1900 1864 1873
f 1861 1690 1731 1902
f 1894 1723 1690 1861
f 1900 1729 1723 1894
f 1902 1731 1729 1900
f 1731 1690 1723 1729
f 1861 1902 1900 1894
f 1904 1733 1732 1903
f 1893 1722 1733 1904
f 1905 1734 1722 1893
f 1903 1732 1734 1905
f 1732 1733 1722 1734
f 1904 1903 1905 1893
f 1861 1690 1689 1860
f 1904 1733 1690 1861
f 1906 1735 1733 1904
f 1860 1689 1735 1906
f 1689 1690 1733 1735
f 1861 1860 1906 1904
f 1907 1902 1731 1736
f 1908 1907 1736 1737
f 1909 1908 1737 1738
f 1902 1909 1738 1731
f 1737 1736 1731 1738
f 1909 1902 1907 1908
f 1911 1740 1739 1910
f 1895 1724 1740 1911
f 1900 1729 1724 1895
f 1910 1739 1729 1900
f 1739 1740 1724 1729
f 1911 1910 1900 1895
f 1907 1736 1731 1902
f 1912 1741 1736 1907
f 1913 1742 1741 1912
f 1902 1731 1742 1913
f 1731 1736 1741 1742
f 1907 1902 1913 1912
f 1914 1743 1739 1910
f 1915 1744 1743 1914
f 1916 1745 1744 1915
f 1910 1739 1745 1916
f 1739 1743 1744 1745
f 1914 1910 1916 1915
f 1918 1747 1746 1917
f 1919 1748 1747 1918
f 1920 1749 1748 1919
f 1917 1746 1749 1920
f 1746 1747 1748 1749
f 1918 1917 1920 1919
f 1922 1751 1750 1921
f 1923 1752 1751 1922
f 1924 1753 1752 1923
f 1921 1750 1753 1924
f 1750 1751 1752 1753
f 1922 1921 1924 1923
f 1926 1755 1754 1925
f 1927 1756 1755 1926
f 1928 1757 1756 1927
f 1925 1754 1757 1928
f 1754 1755 1756 1757
f 1926 1925 1928 1927
f 1930 1929 1758 1759
f 1931 1930 1759 1760
f 1932 1931 1760 1761
f 1929 1932 1761 1758
f 1760 1759 1758 1761
f 1932 1929 1930 1931
f 1934 1933 1762 1763
f 1935 1934 1763 1764
f 1936 1935 1764 1765
f 1933 1936 1765 1762
f 1764 1763 1762 1765
f 1936 1933 1934 1935
f 1937 1929 1758 1766
f 1936 1937 1766 1765
f 1938 1936 1765 1767
f 1929 1938 1767 1758
f 1765 1766 1758 1767
f 1938 1929 1937 1936
f 1862 1939 1768 1691
f 1934 1862 1691 1763
f 1940 1934 1763 1769
f 1939 1940 1769 1768
f 1763 1691 1768 1769
f 1940 1939 1862 1934
f 1942 1771 1770 1941
f 1935 1764 1771 1942
f 1936 1765 1764 1935
f 1941 1770 1765 1936
f 1770 1771 1764 1765
f 1942 1941 1936 1935
f 1943 1772 1754 1925
f 1936 1765 1772 1943
f 1938 1767 1765 1936
f 1925 1754 1767 1938
f 1754 1772 1765 1767
f 1943 1925 1938 1936
f 1919 1748 1773 1944
f 1942 1771 1748 1919
f 1945 1774 1771 1942
f 1944 1773 1774 1945
f 1773 1748 1771 1774
f 1919 1944 1945 1942
f 1935 1764 1767 1938
f 1861 1690 1764 1935
f 1902 1731 1690 1861
f 1938 1767 1731 1902
f 1767 1764 1690 1731
f 1935 1938 1902 1861
f 1918 1747 1750 1921
f 1935 1764 1747 1918
f 1938 1767 1764 1935
f 1921 1750 1767 1938
f 1750 1747 1764 1767
f 1918 1921 1938 1935
f 1947 1776 1775 1946
f 1948 1777 1776 1947
f 1949 1778 1777 1948
f 1946 1775 1778 1949
f 1777 1778 1775 1776
f 1949 1948 1947 1946
f 1951 1950 1779 1780
f 1952 1951 1780 1781
f 1953 1952 1781 1782
f 1950 1953 1782 1779
f 1779 1782 1781 1780
f 1951 1952 1953 1950
f 1952 1954 1783 1781
f 1948 1952 1781 1777
f 1955 1948 1777 1784
f 1954 1955 1784 1783
f 1783 1784 1777 1781
f 1952 1948 1955 1954
f 1957 1956 1785 1786
f 1958 1957 1786 1787
f 1959 1958 1787 1788
f 1956 1959 1788 1785
f 1785 1788 1787 1786
f 1957 1958 1959 1956
f 1956 1785 1780 1951
f 1960 1789 1785 1956
f 1947 1776 1789 1960
f 1951 1780 1776 1947
f 1780 1785 1789 1776
f 1956 1951 1947 1960
f 1962 1961 1790 1791
f 1963 1962 1791 1792
f 1964 1963 1792 1793
f 1961 1964 1793 1790
f 1790 1793 1792 1791
f 1962 1963 1964 1961
f 1965 1961 1790 1794
f 1946 1965 1794 1775
f 1960 1946 1775 1789
f 1961 1960 1789 1790
f 1790 1789 1775 1794
f 1965 1946 1960 1961
f 1957 1786 1785 1956
f 1966 1795 1786 1957
f 1967 1796 1795 1966
f 1956 1785 1796 1967
f 1795 1796 1785 1786
f 1967 1966 1957 1956
f 1969 1798 1797 1968
f 1970 1799 1798 1969
f 1971 1800 1799 1970
f 1968 1797 1800 1971
f 1799 1800 1797 1798
f 1971 1970 1969 1968
f 1972 1801 1797 1968
f 1973 1802 1801 1972
f 1974 1803 1802 1973
f 1968 1797 1803 1974
f 1802 1803 1797 1801
f 1974 1973 1972 1968
f 1976 1805 1804 1975
f 1977 1806 1805 1976
f 1973 1802 1806 1977
f 1975 1804 1802 1973
f 1806 1802 1804 1805
f 1973 1977 1976 1975
f 1974 1803 1806 1977
f 1956 1785 1803 1974
f 1951 1780 1785 1956
f 1977 1806 1780 1951
f 1806 1803 1785 1780
f 1974 1977 1951 1956
f 1979 1808 1807 1978
f 1976 1805 1808 1979
f 1980 1809 1805 1976
f 1978 1807 1809 1980
f 1805 1809 1807 1808
f 1980 1976 1979 1978
f 1951 1780 1779 1950
f 1979 1808 1780 1951
f 1981 1810 1808 1979
f 1950 1779 1810 1981
f 1808 1810 1779 1780
f 1981 1979 1951 1950
f 1983 1982 1811 1812
f 1984 1983 1812 1813
f 1985 1984 1813 1814
f 1982 1985 1814 1811
f 1811 1814 1813 1812
f 1983 1984 1985 1982
f 1987 1986 1815 1816
f 1973 1987 1816 1802
f 1974 1973 1802 1803
f 1986 1974 1803 1815
f 1815 1803 1802 1816
f 1987 1973 1974 1986
f 1988 1986 1815 1817
f 1989 1988 1817 1818
f 1990 1989 1818 1819
f 1986 1990 1819 1815
f 1815 1819 1818 1817
f 1988 1989 1990 1986
f 1984 1991 1820 1813
f 1992 1984 1813 1821
f 1993 1992 1821 1822
f 1991 1993 1822 1820
f 1820 1822 1821 1813
f 1984 1992 1993 1991
f 1992 1994 1823 1821
f 1977 1992 1821 1806
f 1973 1977 1806 1802
f 1994 1973 1802 1823
f 1823 1802 1806 1821
f 1992 1977 1973 1994
f 1983 1812 1811 1982
f 1995 1824 1812 1983
f 1996 1825 1824 1995
f 1982 1811 1825 1996
f 1824 1825 1811 1812
f 1996 1995 1983 1982
f 1998 1997 1826 1827
f 1999 1998 1827 1828
f 2000 1999 1828 1829
f 1997 2000 1829 1826
f 1826 1829 1828 1827
f 1998 1999 2000 1997
f 1997 1826 1812 1983
f 1974 1803 1826 1997
f 1977 1806 1803 1974
f 1983 1812 1806 1977
f 1812 1826 1803 1806
f 1997 1983 1977 1974
f 1998 1827 1826 1997
f 2001 1830 1827 1998
f 2002 1831 1830 2001
f 1997 1826 1831 2002
f 1830 1831 1826 1827
f 2002 2001 1998 1997
f 2004 1833 1832 2003
f 2005 1834 1833 2004
f 2006 1835 1834 2005
f 2003 1832 1835 2006
f 1834 1835 1832 1833
f 2006 2005 2004 2003
f 2008 1837 1836 2007
f 2009 1838 1837 2008
f 2010 1839 1838 2009
f 2007 1836 1839 2010
f 1838 1839 1836 1837
f 2010 2009 2008 2007
f 2011 1840 1832 2003
f 2010 1839 1840 2011
f 2012 1841 1839 2010
f 2003 1832 1841 2012
f 1839 1841 1832 1840
f 2012 2010 2011 2003
f 1995 1824 1842 2013
f 2008 1837 1824 1995
f 2014 1843 1837 2008
f 2013 1842 1843 2014
f 1837 1843 1842 1824
f 2014 2008 1995 2013
f 2012 1841 1838 2009
f 1997 1826 1841 2012
f 1983 1812 1826 1997
f 2009 1838 1812 1983
f 1838 1841 1826 1812
f 2012 2009 1983 1997
f 2016 2015 1844 1845
f 2017 2016 1845 1846
f 2018 2017 1846 1847
f 2015 2018 1847 1844
f 1844 1847 1846 1845
f 2016 2017 2018 2015
f 2017 2019 1848 1846
f 2020 2017 1846 1849
f 2021 2020 1849 1850
f 2019 2021 1850 1848
f 1848 1850 1849 1846
f 2017 2020 2021 2019
f 2022 1851 1845 2016
f 2012 1841 1851 2022
f 2009 1838 1841 2012
f 2016 1845 1838 2009
f 1845 1851 1841 1838
f 2022 2016 2009 2012
f 2024 2023 1852 1853
f 2025 2024 1853 1854
f 2026 2025 1854 1855
f 2023 2026 1855 1852
f 1852 1855 1854 1853
f 2024 2025 2026 2023
f 2027 2022 1851 1856
f 2028 2027 1856 1857
f 2029 2028 1857 1858
f 2022 2029 1858 1851
f 1851 1858 1857 1856
f 2027 2028 2029 2022
f 2030 2023 1852 1859
f 2010 2030 1859 1839
f 2012 2010 1839 1841
f 2023 2012 1841 1852
f 1852 1841 1839 1859
f 2030 2010 2012 2023
f 2032 2031 1860 1861
f 2033 2032 1861 1862
f 2034 2033 1862 1863
f 2031 2034 1863 1860
f 1862 1861 1860 1863
f 2034 2031 2032 2033
f 2036 2035 1864 1865
f 2037 2036 1865 1866
f 2038 2037 1866 1867
f 2035 2038 1867 1864
f 1866 1865 1864 1867
f 2038 2035 2036 2037
f 2040 2039 1868 1869
f 2041 2040 1869 1870
f 2042 2041 1870 1871
f 2039 2042 1871 1868
f 1870 1869 1868 1871
f 2042 2039 2040 2041
f 2044 2043 1872 1873
f 2045 2044 1873 1874
f 2046 2045 1874 1875
f 2043 2046 1875 1872
f 1874 1873 1872 1875
f 2046 2043 2044 2045
f 2048 2047 1876 1877
f 2049 2048 1877 1878
f 2050 2049 1878 1879
f 2047 2050 1879 1876
f 1878 1877 1876 1879
f 2050 2047 2048 2049
f 2044 1873 1872 2043
f 2051 1880 1873 2044
f 2052 1881 1880 2051
f 2043 1872 1881 2052
f 1872 1873 1880 1881
f 2044 2043 2052 2051
f 2051 1880 1882 2053
f 2049 1878 1880 2051
f 2054 1883 1878 2049
f 2053 1882 1883 2054
f 1882 1880 1878 1883
f 2051 2053 2054 2049
f 2044 1873 1864 2035
f 2048 1877 1873 2044
f 2055 1884 1877 2048
f 2035 1864 1884 2055
f 1864 1873 1877 1884
f 2044 2035 2055 2048
f 2036 1865 1864 2035
f 2056 1885 1865 2036
f 2057 1886 1885 2056
f 2035 1864 1886 2057
f 1864 1865 1885 1886
f 2036 2035 2057 2056
f 2059 1888 1887 2058
f 2060 1889 1888 2059
f 2061 1890 1889 2060
f 2058 1887 1890 2061
f 1887 1888 1889 1890
f 2059 2058 2061 2060
f 2062 1891 1887 2058
f 2047 1876 1891 2062
f 2055 1884 1876 2047
f 2058 1887 1884 2055
f 1887 1891 1876 1884
f 2062 2058 2055 2047
f 2064 1893 1892 2063
f 2065 1894 1893 2064
f 2066 1895 1894 2065
f 2063 1892 1895 2066
f 1892 1893 1894 1895
f 2064 2063 2066 2065
f 2045 2067 1896 1874
f 2068 2045 1874 1897
f 2069 2068 1897 1898
f 2067 2069 1898 1896
f 1897 1874 1896 1898
f 2069 2067 2045 2068
f 2070 2039 1868 1899
f 2066 2070 1899 1895
f 2071 2066 1895 1900
f 2039 2071 1900 1868
f 1895 1899 1868 1900
f 2071 2039 2070 2066
f 2068 2072 1901 1897
f 2065 2068 1897 1894
f 2066 2065 1894 1895
f 2072 2066 1895 1901
f 1894 1897 1901 1895
f 2066 2072 2068 2065
f 2065 1894 1900 2071
f 2044 1873 1894 2065
f 2035 1864 1873 2044
f 2071 1900 1864 2035
f 1900 1894 1873 1864
f 2065 2071 2035 2044
f 2032 1861 1902 2073
f 2065 1894 1861 2032
f 2071 1900 1894 2065
f 2073 1902 1900 2071
f 1902 1861 1894 1900
f 2032 2073 2071 2065
f 2075 1904 1903 2074
f 2064 1893 1904 2075
f 2076 1905 1893 2064
f 2074 1903 1905 2076
f 1903 1904 1893 1905
f 2075 2074 2076 2064
f 2032 1861 1860 2031
f 2075 1904 1861 2032
f 2077 1906 1904 2075
f 2031 1860 1906 2077
f 1860 1861 1904 1906
f 2032 2031 2077 2075
f 2078 2073 1902 1907
f 2079 2078 1907 1908
f 2080 2079 1908 1909
f 2073 2080 1909 1902
f 1908 1907 1902 1909
f 2080 2073 2078 2079
f 2082 1911 1910 2081
f 2066 1895 1911 2082
f 2071 1900 1895 2066
f 2081 1910 1900 2071
f 1910 1911 1895 1900
f 2082 2081 2071 2066
f 2078 1907 1902 2073
f 2083 1912 1907 2078
f 2084 1913 1912 2083
f 2073 1902 1913 2084
f 1902 1907 1912 1913
f 2078 2073 2084 2083
f 2085 1914 1910 2081
f 2086 1915 1914 2085
f 2087 1916 1915 2086
f 2081 1910 1916 2087
f 1910 1914 1915 1916
f 2085 2081 2087 2086
f 2089 1918 1917 2088
f 2090 1919 1918 2089
f 2091 1920 1919 2090
f 2088 1917 1920 2091
f 1917 1918 1919 1920
f 2089 2088 2091 2090
f 2093 1922 1921 2092
f 2094 1923 1922 2093
f 2095 1924 1923 2094
f 2092 1921 1924 2095
f 1921 1922 1923 1924
f 2093 2092 2095 2094
f 2097 1926 1925 2096
f 2098 1927 1926 2097
f 2099 1928 1927 2098
f 2096 1925 1928 2099
f 1925 1926 1927 1928
f 2097 2096 2099 2098
f 2101 2100 1929 1930
f 2102 2101 1930 1931
f 2103 2102 1931 1932
f 2100 2103 1932 1929
f 1931 1930 1929 1932
f 2103 2100 2101 2102
f 2105 2104 1933 1934
f 2106 2105 1934 1935
f 2107 2106 1935 1936
f 2104 2107 1936 1933
f 1935 1934 1933 1936
f 2107 2104 2105 2106
f 2108 2100 1929 1937
f 2107 2108 1937 1936
f 2109 2107 1936 1938
f 2100 2109 1938 1929
f 1936 1937 1929 1938
f 2109 2100 2108 2107
f 2033 2110 1939 1862
f 2105 2033 1862 1934
f 2111 2105 1934 1940
f 2110 2111 1940 1939
f 1934 1862 1939 1940
f 2111 2110 2033 2105
f 2113 1942 1941 2112
f 2106 1935 1942 2113
f 2107 1936 1935 2106
f 2112 1941 1936 2107
f 1941 1942 1935 1936
f 2113 2112 2107 2106
f 2114 1943 1925 2096
f 2107 1936 1943 2114
f 2109 1938 1936 2107
f 2096 1925 1938 2109
f 1925 1943 1936 1938
f 2114 2096 2109 2107
f 2090 1919 1944 2115
f 2113 1942 1919 2090
f 2116 1945 1942 2113
f 2115 1944 1945 2116
f 1944 1919 1942 1945
f 2090 2115 2116 2113
f 2106 1935 1938 2109
f 2032 1861 1935 2106
f 2073 1902 1861 2032
f 2109 1938 1902 2073
f 1938 1935 1861 1902
f 2106 2109 2073 2032
f 2089 1918 1921 2092
f 2106 1935 1918 2089
f 2109 1938 1935 2106
f 2092 1921 1938 2109
f 1921 1918 1935 1938
f 2089 2092 2109 2106
f 2118 1947 1946 2117
f 2119 1948 1947 2118
f 2120 1949 1948 2119
f 2117 1946 1949 2120
f 1948 1949 1946 1947
f 2120 2119 2118 2117
f 2122 2121 1950 1951
f 2123 2122 1951 1952
f 2124 2123 1952 1953
f 2121 2124 1953 1950
f 1950 1953 1952 1951
f 2122 2123 2124 2121
f 2123 2125 1954 1952
f 2119 2123 1952 1948
f 2126 2119 1948 1955
f 2125 2126 1955 1954
f 1954 1955 1948 1952
f 2123 2119 2126 2125
f 2128 2127 1956 1957
f 2129 2128 1957 1958
f 2130 2129 1958 1959
f 2127 2130 1959 1956
f 1956 1959 1958 1957
f 2128 2129 2130 2127
f 2127 1956 1951 2122
f 2131 1960 1956 2127
f 2118 1947 1960 2131
f 2122 1951 1947 2118
f 1951 1956 1960 1947
f 2127 2122 2118 2131
f 2133 2132 1961 1962
f 2134 2133 1962 1963
f 2135 2134 1963 1964
f 2132 2135 1964 1961
f 1961 1964 1963 1962
f 2133 2134 2135 2132
f 2136 2132 1961 1965
f 2117 2136 1965 1946
f 2131 2117 1946 1960
f 2132 2131 1960 1961
f 1961 1960 1946 1965
f 2136 2117 2131 2132
f 2128 1957 1956 2127
f 2137 1966 1957 2128
f 2138 1967 1966 2137
f 2127 1956 1967 2138
f 1966 1967 1956 1957
f 2138 2137 2128 2127
f 2140 1969 1968 2139
f 2141 1970 1969 2140
f 2142 1971 1970 2141
f 2139 1968 1971 2142
f 1970 1971 1968 1969
f 2142 2141 2140 2139
f 2143 1972 1968 2139
f 2144 1973 1972 2143
f 2145 1974 1973 2144
f 2139 1968 1974 2145
f 1973 1974 1968 1972
f 2145 2144 2143 2139
f 2147 1976 1975 2146
f 2148 1977 1976 2147
f 2144 1973 1977 2148
f 2146 1975 1973 2144
f 1977 1973 1975 1976
f 2144 2148 2147 2146
f 2145 1974 1977 2148
f 2127 1956 1974 2145
f 2122 1951 1956 2127
f 2148 1977 1951 2122
f 1977 1974 1956 1951
f 2145 2148 2122 2127
f 2150 1979 1978 2149
f 2147 1976 1979 2150
f 2151 1980 1976 2147
f 2149 1978 1980 2151
f 1976 1980 1978 1979
f 2151 2147 2150 2149
f 2122 1951 1950 2121
f 2150 1979 1951 2122
f 2152 1981 1979 2150
f 2121 1950 1981 2152
f 1979 1981 1950 1951
f 2152 2150 2122 2121
f 2154 2153 1982 1983
f 2155 2154 1983 1984
f 2156 2155 1984 1985
f 2153 2156 1985 1982
f 1982 1985 1984 1983
f 2154 2155 2156 2153
f 2158 2157 1986 1987
f 2144 2158 1987 1973
f 2145 2144 1973 1974
f 2157 2145 1974 1986
f 1986 1974 1973 1987
f 2158 2144 2145 2157
f 2159 2157 1986 1988
f 2160 2159 1988 1989
f 2161 2160 1989 1990
f 2157 2161 1990 1986
f 1986 1990 1989 1988
f 2159 2160 2161 2157
f 2155 2162 1991 1984
f 2163 2155 1984 1992
f 2164 2163 1992 1993
f 2162 2164 1993 1991
f 1991 1993 1992 1984
f 2155 2163 2164 2162
f 2163 2165 1994 1992
f 2148 2163 1992 1977
f 2144 2148 1977 1973
f 2165 2144 1973 1994
f 1994 1973 1977 1992
f 2163 2148 2144 2165
f 2154 1983 1982 2153
f 2166 1995 1983 2154
f 2167 1996 1995 2166
f 2153 1982 1996 2167
f 1995 1996 1982 1983
f 2167 2166 2154 2153
f 2169 2168 1997 1998
f 2170 2169 1998 1999
f 2171 2170 1999 2000
f 2168 2171 2000 1997
f 1997 2000 1999 1998
f 2169 2170 2171 2168
f 2168 1997 1983 2154
f 2145 1974 1997 2168
f 2148 1977 1974 2145
f 2154 1983 1977 2148
f 1983 1997 1974 1977
f 2168 2154 2148 2145
f 2169 1998 1997 2168
f 2172 2001 1998 2169
f 2173 2002 2001 2172
f 2168 1997 2002 2173
f 2001 2002 1997 1998
f 2173 2172 2169 2168
f 2175 2004 2003 2174
f 2176 2005 2004 2175
f 2177 2006 2005 2176
f 2174 2003 2006 2177
f 2005 2006 2003 2004
f 2177 2176 2175 2174
f 2179 2008 2007 2178
f 2180 2009 2008 2179
f 2181 2010 2009 2180
f 2178 2007 2010 2181
f 2009 2010 2007 2008
f 2181 2180 2179 2178
f 2182 2011 2003 2174
f 2181 2010 2011 2182
f 2183 2012 2010 2181
f 2174 2003 2012 2183
f 2010 2012 2003 2011
f 2183 2181 2182 2174
f 2166 1995 2013 2184
f 2179 2008 1995 2166
f 2185 2014 2008 2179
f 2184 2013 2014 2185
f 2008 2014 2013 1995
f 2185 2179 2166 2184
f 2183 2012 2009 2180
f 2168 1997 2012 2183
f 2154 1983 1997 2168
f 2180 2009 1983 2154
f 2009 2012 1997 1983
f 2183 2180 2154 2168
f 2187 2186 2015 2016
f 2188 2187 2016 2017
f 2189 2188 2017 2018
f 2186 2189 2018 2015
f 2015 2018 2017 2016
f 2187 2188 2189 2186
f 2188 2190 2019 2017
f 2191 2188 2017 2020
f 2192 2191 2020 2021
f 2190 2192 2021 2019
f 2019 2021 2020 2017
f 2188 2191 2192 2190
f 2193 2022 2016 2187
f 2183 2012 2022 2193
f 2180 2009 2012 2183
f 2187 2016 2009 2180
f 2016 2022 2012 2009
f 2193 2187 2180 2183
f 2195 2194 2023 2024
f 2196 2195 2024 2025
f 2197 2196 2025 2026
f 2194 2197 2026 2023
f 2023 2026 2025 2024
f 2195 2196 2197 2194
f 2198 2193 2022 2027
f 2199 2198 2027 2028
f 2200 2199 2028 2029
f 2193 2200 2029 2022
f 2022 2029 2028 2027
f 2198 2199 2200 2193
f 2201 2194 2023 2030
f 2181 2201 2030 2010
f 2183 2181 2010 2012
f 2194 2183 2012 2023
f 2023 2012 2010 2030
f 2201 2181 2183 2194
f 2203 2202 2031 2032
f 2204 2203 2032 2033
f 2205 2204 2033 2034
f 2202 2205 2034 2031
f 2033 2032 2031 2034
f 2205 2202 2203 2204
f 2207 2206 2035 2036
f 2208 2207 2036 2037
f 2209 2208 2037 2038
f 2206 2209 2038 2035
f 2037 2036 2035 2038
f 2209 2206 2207 2208
f 2211 2210 2039 2040
f 2212 2211 2040 2041
f 2213 2212 2041 2042
f 2210 2213 2042 2039
f 2041 2040 2039 2042
f 2213 2210 2211 2212
f 2215 2214 2043 2044
f 2216 2215 2044 2045
f 2217 2216 2045 2046
f 2214 2217 2046 2043
f 2045 2044 2043 2046
f 2217 2214 2215 2216
f 2219 2218 2047 2048
f 2220 2219 2048 2049
f 2221 2220 2049 2050
f 2218 2221 2050 2047
f 2049 2048 2047 2050
f 2221 2218 2219 2220
f 2215 2044 2043 2214
f 2222 2051 2044 2215
f 2223 2052 2051 2222
f 2214 2043 2052 2223
f 2043 2044 2051 2052
f 2215 2214 2223 2222
f 2222 2051 2053 2224
f 2220 2049 2051 2222
f 2225 2054 2049 2220
f 2224 2053 2054 2225
f 2053 2051 2049 2054
f 2222 2224 2225 2220
f 2215 2044 2035 2206
f 2219 2048 2044 2215
f 2226 2055 2048 2219
f 2206 2035 2055 2226
f 2035 2044 2048 2055
f 2215 2206 2226 2219
f 2207 2036 2035 2206
f 2227 2056 2036 2207
f 2228 2057 2056 2227
f 2206 2035 2057 2228
f 2035 2036 2056 2057
f 2207 2206 2228 2227
f 2230 2059 2058 2229
f 2231 2060 2059 2230
f 2232 2061 2060 2231
f 2229 2058 2061 2232
f 2058 2059 2060 2061
f 2230 2229 2232 2231
f 2233 2062 2058 2229
f 2218 2047 2062 2233
f 2226 2055 2047 2218
f 2229 2058 2055 2226
f 2058 2062 2047 2055
f 2233 2229 2226 2218
f 2235 2064 2063 2234
f 2236 2065 2064 2235
f 2237 2066 2065 2236
f 2234 2063 2066 2237
f 2063 2064 2065 2066
f 2235 2234 2237 2236
f 2216 2238 2067 2045
f 2239 2216 2045 2068
f 2240 2239 2068 2069
f 2238 2240 2069 2067
f 2068 2045 2067 2069
f 2240 2238 2216 2239
f 2241 2210 2039 2070
f 2237 2241 2070 2066
f 2242 2237 2066 2071
f 2210 2242 2071 2039
f 2066 2070 2039 2071
f 2242 2210 2241 2237
f 2239 2243 2072 2068
f 2236 2239 2068 2065
f 2237 2236 2065 2066
f 2243 2237 2066 2072
f 2065 2068 2072 2066
f 2237 2243 2239 2236
f 2236 2065 2071 2242
f 2215 2044 2065 2236
f 2206 2035 2044 2215
f 2242 2071 2035 2206
f 2071 2065 2044 2035
f 2236 2242 2206 2215
f 2203 2032 2073 2244
f 2236 2065 2032 2203
f 2242 2071 2065 2236
f 2244 2073 2071 2242
f 2073 2032 2065 2071
f 2203 2244 2242 2236
f 2246 2075 2074 2245
f 2235 2064 2075 2246
f 2247 2076 2064 2235
f 2245 2074 2076 2247
f 2074 2075 2064 2076
f 2246 2245 2247 2235
f 2203 2032 2031 2202
f 2246 2075 2032 2203
f 2248 2077 2075 2246
f 2202 2031 2077 2248
f 2031 2032 2075 2077
f 2203 2202 2248 2246
f 2249 2244 2073 2078
f 2250 2249 2078 2079
f 2251 2250 2079 2080
f 2244 2251 2080 2073
f 2079 2078 2073 2080
f 2251 2244 2249 2250
f 2253 2082 2081 2252
f 2237 2066 2082 2253
f 2242 2071 2066 2237
f 2252 2081 2071 2242
f 2081 2082 2066 2071
f 2253 2252 2242 2237
f 2249 2078 2073 2244
f 2254 2083 2078 2249
f 2255 2084 2083 2254
f 2244 2073 2084 2255
f 2073 2078 2083 2084
f 2249 2244 2255 2254
f 2256 2085 2081 2252
f 2257 2086 2085 2256
f 2258 2087 2086 2257
f 2252 2081 2087 2258
f 2081 2085 2086 2087
f 2256 2252 2258 2257
f 2260 2089 2088 2259
f 2261 2090 2089 2260
f 2262 2091 2090 2261
f 2259 2088 2091 2262
f 2088 2089 2090 2091
f 2260 2259 2262 2261
f 2264 2093 2092 2263
f 2265 2094 2093 2264
f 2266 2095 2094 2265
f 2263 2092 2095 2266
f 2092 2093 2094 2095
f 2264 2263 2266 2265
f 2268 2097 2096 2267
f 2269 2098 2097 2268
f 2270 2099 2098 2269
f 2267 2096 2099 2270
f 2096 2097 2098 2099
f 2268 2267 2270 2269
f 2272 2271 2100 2101
f 2273 2272 2101 2102
f 2274 2273 2102 2103
f 2271 2274 2103 2100
f 2102 2101 2100 2103
f 2274 2271 2272 2273
f 2276 2275 2104 2105
f 2277 2276 2105 2106
f 2278 2277 2106 2107
f 2275 2278 2107 2104
f 2106 2105 2104 2107
f 2278 2275 2276 2277
f 2279 2271 2100 2108
f 2278 2279 2108 2107
f 2280 2278 2107 2109
f 2271 2280 2109 2100
f 2107 2108 2100 2109
f 2280 2271 2279 2278
f 2204 2281 2110 2033
f 2276 2204 2033 2105
f 2282 2276 2105 2111
f 2281 2282 2111 2110
f 2105 2033 2110 2111
f 2282 2281 2204 2276
f 2284 2113 2112 2283
f 2277 2106 2113 2284
f 2278 2107 2106 2277
f 2283 2112 2107 2278
f 2112 2113 2106 2107
f 2284 2283 2278 2277
f 2285 2114 2096 2267
f 2278 2107 2114 2285
f 2280 2109 2107 2278
f 2267 2096 2109 2280
f 2096 2114 2107 2109
f 2285 2267 2280 2278
f 2261 2090 2115 2286
f 2284 2113 2090 2261
f 2287 2116 2113 2284
f 2286 2115 2116 2287
f 2115 2090 2113 2116
f 2261 2286 2287 2284
f 2277 2106 2109 2280
f 2203 2032 2106 2277
f 2244 2073 2032 2203
f 2280 2109 2073 2244
f 2109 2106 2032 2073
f 2277 2280 2244 2203
f 2260 2089 2092 2263
f 2277 2106 2089 2260
f 2280 2109 2106 2277
f 2263 2092 2109 2280
f 2092 2089 2106 2109
f 2260 2263 2280 2277
f 2289 2118 2117 2288
f 2290 2119 2118 2289
f 2291 2120 2119 2290
f 2288 2117 2120 2291
f 2119 2120 2117 2118
f 2291 2290 2289 2288
f 2293 2292 2121 2122
f 2294 2293 2122 2123
f 2295 2294 2123 2124
f 2292 2295 2124 2121
f 2121 2124 2123 2122
f 2293 2294 2295 2292
f 2294 2296 2125 2123
f 2290 2294 2123 2119
f 2297 2290 2119 2126
f 2296 2297 2126 2125
f 2125 2126 2119 2123
f 2294 2290 2297 2296
f 2299 2298 2127 2128
f 2300 2299 2128 2129
f 2301 2300 2129 2130
f 2298 2301 2130 2127
f 2127 2130 2129 2128
f 2299 2300 2301 2298
f 2298 2127 2122 2293
f 2302 2131 2127 2298
f 2289 2118 2131 2302
f 2293 2122 2118 2289
f 2122 2127 2131 2118
f 2298 2293 2289 2302
f 2304 2303 2132 2133
f 2305 2304 2133 2134
f 2306 2305 2134 2135
f 2303 2306 2135 2132
f 2132 2135 2134 2133
f 2304 2305 2306 2303
f 2307 2303 2132 2136
f 2288 2307 2136 2117
f 2302 2288 2117 2131
f 2303 2302 2131 2132
f 2132 2131 2117 2136
f 2307 2288 2302 2303
f 2299 2128 2127 2298
f 2308 2137 2128 2299
f 2309 2138 2137 2308
f 2298 2127 2138 2309
f 2137 2138 2127 2128
f 2309 2308 2299 2298
f 2311 2140 2139 2310
f 2312 2141 2140 2311
f 2313 2142 2141 2312
f 2310 2139 2142 2313
f 2141 2142 2139 2140
f 2313 2312 2311 2310
f 2314 2143 2139 2310
f 2315 2144 2143 2314
f 2316 2145 2144 2315
f 2310 2139 2145 2316
f 2144 2145 2139 2143
f 2316 2315 2314 2310
f 2318 2147 2146 2317
f 2319 2148 2147 2318
f 2315 2144 2148 2319
f 2317 2146 2144 2315
f 2148 2144 2146 2147
f 2315 2319 2318 2317
f 2316 2145 2148 2319
f 2298 2127 2145 2316
f 2293 2122 2127 2298
f 2319 2148 2122 2293
f 2148 2145 2127 2122
f 2316 2319 2293 2298
f 2321 2150 2149 2320
f 2318 2147 2150 2321
f 2322 2151 2147 2318
f 2320 2149 2151 2322
f 2147 2151 2149 2150
f 2322 2318 2321 2320
f 2293 2122 2121 2292
f 2321 2150 2122 2293
f 2323 2152 2150 2321
f 2292 2121 2152 2323
f 2150 2152 2121 2122
f 2323 2321 2293 2292
f 2325 2324 2153 2154
f 2326 2325 2154 2155
f 2327 2326 2155 2156
f 2324 2327 2156 2153
f 2153 2156 2155 2154
f 2325 2326 2327 2324
f 2329 2328 2157 2158
f 2315 2329 2158 2144
f 2316 2315 2144 2145
f 2328 2316 2145 2157
f 2157 2145 2144 2158
f 2329 2315 2316 2328
f 2330 2328 2157 2159
f 2331 2330 2159 2160
f 2332 2331 2160 2161
f 2328 2332 2161 2157
f 2157 2161 2160 2159
f 2330 2331 2332 2328
f 2326 2333 2162 2155
f 2334 2326 2155 2163
f 2335 2334 2163 2164
f 2333 2335 2164 2162
f 2162 2164 2163 2155
f 2326 2334 2335 2333
f 2334 2336 2165 2163
f 2319 2334 2163 2148
f 2315 2319 2148 2144
f 2336 2315 2144 2165
f 2165 2144 2148 2163
f 2334 2319 2315 2336
f 2325 2154 2153 2324
f 2337 2166 2154 2325
f 2338 2167 2166 2337
f 2324 2153 2167 2338
f 2166 2167 2153 2154
f 2338 2337 2325 2324
f 2340 2339 2168 2169
f 2341 2340 2169 2170
f 2342 2341 2170 2171
f 2339 2342 2171 2168
f 2168 2171 2170 2169
f 2340 2341 2342 2339
f 2339 2168 2154 2325
f 2316 2145 2168 2339
f 2319 2148 2145 2316
f 2325 2154 2148 2319
f 2154 2168 2145 2148
f 2339 2325 2319 2316
f 2340 2169 2168 2339
f 2343 2172 2169 2340
f 2344 2173 2172 2343
f 2339 2168 2173 2344
f 2172 2173 2168 2169
f 2344 2343 2340 2339
f 2346 2175 2174 2345
f 2347 2176 2175 2346
f 2348 2177 2176 2347
f 2345 2174 2177 2348
f 2176 2177 2174 2175
f 2348 2347 2346 2345
f 2350 2179 2178 2349
f 2351 2180 2179 2350
f 2352 2181 2180 2351
f 2349 2178 2181 2352
f 2180 2181 2178 2179
f 2352 2351 2350 2349
f 2353 2182 2174 2345
f 2352 2181 2182 2353
f 2354 2183 2181 2352
f 2345 2174 2183 2354
f 2181 2183 2174 2182
f 2354 2352 2353 2345
f 2337 2166 2184 2355
f 2350 2179 2166 2337
f 2356 2185 2179 2350
f 2355 2184 2185 2356
f 2179 2185 2184 2166
f 2356 2350 2337 2355
f 2354 2183 2180 2351
f 2339 2168 2183 2354
f 2325 2154 2168 2339
f 2351 2180 2154 2325
f 2180 2183 2168 2154
f 2354 2351 2325 2339
f 2358 2357 2186 2187
f 2359 2358 2187 2188
f 2360 2359 2188 2189
f 2357 2360 2189 2186
f 2186 2189 2188 2187
f 2358 2359 2360 2357
f 2359 2361 2190 2188
f 2362 2359 2188 2191
f 2363 2362 2191 2192
f 2361 2363 2192 2190
f 2190 2192 2191 2188
f 2359 2362 2363 2361
f 2364 2193 2187 2358
f 2354 2183 2193 2364
f 2351 2180 2183 2354
f 2358 2187 2180 2351
f 2187 2193 2183 2180
f 2364 2358 2351 2354
f 2366 2365 2194 2195
f 2367 2366 2195 2196
f 2368 2367 2196 2197
f 2365 2368 2197 2194
f 2194 2197 2196 2195
f 2366 2367 2368 2365
f 2369 2364 2193 2198
f 2370 2369 2198 2199
f 2371 2370 2199 2200
f 2364 2371 2200 2193
f 2193 2200 2199 2198
f 2369 2370 2371 2364
f 2372 2365 2194 2201
f 2352 2372 2201 2181
f 2354 2352 2181 2183
f 2365 2354 2183 2194
f 2194 2183 2181 2201
f 2372 2352 2354 2365
f 2374 2373 2202 2203
f 2375 2374 2203 2204
f 2376 2375 2204 2205
f 2373 2376 2205 2202
f 2204 2203 2202 2205
f 2376 2373 2374 2375
f 2378 2377 2206 2207
f 2379 2378 2207 2208
f 2380 2379 2208 2209
f 2377 2380 2209 2206
f 2208 2207 2206 2209
f 2380 2377 2378 2379
f 2382 2381 2210 2211
f 2383 2382 2211 2212
f 2384 2383 2212 2213
f 2381 2384 2213 2210
f 2212 2211 2210 2213
f 2384 2381 2382 2383
f 2386 2385 2214 2215
f 2387 2386 2215 2216
f 2388 2387 2216 2217
f 2385 2388 2217 2214
f 2216 2215 2214 2217
f 2388 2385 2386 2387
f 2390 2389 2218 2219
f 2391 2390 2219 2220
f 2392 2391 2220 2221
f 2389 2392 2221 2218
f 2220 2219 2218 2221
f 2392 2389 2390 2391
f 2386 2215 2214 2385
f 2393 2222 2215 2386
f 2394 2223 2222 2393
f 2385 2214 2223 2394
f 2214 2215 2222 2223
f 2386 2385 2394 2393
f 2393 2222 2224 2395
f 2391 2220 2222 2393
f 2396 2225 2220 2391
f 2395 2224 2225 2396
f 2224 2222 2220 2225
f 2393 2395 2396 2391
f 2386 2215 2206 2377
f 2390 2219 2215 2386
f 2397 2226 2219 2390
f 2377 2206 2226 2397
f 2206 2215 2219 2226
f 2386 2377 2397 2390
f 2378 2207 2206 2377
f 2398 2227 2207 2378
f 2399 2228 2227 2398
f 2377 2206 2228 2399
f 2206 2207 2227 2228
f 2378 2377 2399 2398
f 2401 2230 2229 2400
f 2402 2231 2230 2401
f 2403 2232 2231 2402
f 2400 2229 2232 2403
f 2229 2230 2231 2232
f 2401 2400 2403 2402
f 2404 2233 2229 2400
f 2389 2218 2233 2404
f 2397 2226 2218 2389
f 2400 2229 2226 2397
f 2229 2233 2218 2226
f 2404 2400 2397 2389
f 2406 2235 2234 2405
f 2407 2236 2235 2406
f 2408 2237 2236 2407
f 2405 2234 2237 2408
f 2234 2235 2236 2237
f 2406 2405 2408 2407
f 2387 2409 2238 2216
f 2410 2387 2216 2239
f 2411 2410 2239 2240
f 2409 2411 2240 2238
f 2239 2216 2238 2240
f 2411 2409 2387 2410
f 2412 2381 2210 2241
f 2408 2412 2241 2237
f 2413 2408 2237 2242
f 2381 2413 2242 2210
f 2237 2241 2210 2242
f 2413 2381 2412 2408
f 2410 2414 2243 2239
f 2407 2410 2239 2236
f 2408 2407 2236 2237
f 2414 2408 2237 2243
f 2236 2239 2243 2237
f 2408 2414 2410 2407
f 2407 2236 2242 2413
f 2386 2215 2236 2407
f 2377 2206 2215 2386
f 2413 2242 2206 2377
f 2242 2236 2215 2206
f 2407 2413 2377 2386
f 2374 2203 2244 2415
f 2407 2236 2203 2374
f 2413 2242 2236 2407
f 2415 2244 2242 2413
f 2244 2203 2236 2242
f 2374 2415 2413 2407
f 2417 2246 2245 2416
f 2406 2235 2246 2417
f 2418 2247 2235 2406
f 2416 2245 2247 2418
f 2245 2246 2235 2247
f 2417 2416 2418 2406
f 2374 2203 2202 2373
f 2417 2246 2203 2374
f 2419 2248 2246 2417
f 2373 2202 2248 2419
f 2202 2203 2246 2248
f 2374 2373 2419 2417
f 2420 2415 2244 2249
f 2421 2420 2249 2250
f 2422 2421 2250 2251
f 2415 2422 2251 2244
f 2250 2249 2244 2251
f 2422 2415 2420 2421
f 2424 2253 2252 2423
f 2408 2237 2253 2424
f 2413 2242 2237 2408
f 2423 2252 2242 2413
f 2252 2253 2237 2242
f 2424 2423 2413 2408
f 2420 2249 2244 2415
f 2425 2254 2249 2420
f 2426 2255 2254 2425
f 2415 2244 2255 2426
f 2244 2249 2254 2255
f 2420 2415 2426 2425
f 2427 2256 2252 2423
f 2428 2257 2256 2427
f 2429 2258 2257 2428
f 2423 2252 2258 2429
f 2252 2256 2257 2258
f 2427 2423 2429 2428
f 2431 2260 2259 2430
f 2432 2261 2260 2431
f 2433 2262 2261 2432
f 2430 2259 2262 2433
f 2259 2260 2261 2262
f 2431 2430 2433 2432
f 2435 2264 2263 2434
f 2436 2265 2264 2435
f 2437 2266 2265 2436
f 2434 2263 2266 2437
f 2263 2264 2265 2266
f 2435 2434 2437 2436
f 2439 2268 2267 2438
f 2440 2269 2268 2439
f 2441 2270 2269 2440
f 2438 2267 2270 2441
f 2267 2268 2269 2270
f 2439 2438 2441 2440
f 2443 2442 2271 2272
f 2444 2443 2272 2273
f 2445 2444 2273 2274
f 2442 2445 2274 2271
f 2273 2272 2271 2274
f 2445 2442 2443 2444
f 2447 2446 2275 2276
f 2448 2447 2276 2277
f 2449 2448 2277 2278
f 2446 2449 2278 2275
f 2277 2276 2275 2278
f 2449 2446 2447 2448
f 2450 2442 2271 2279
f 2449 2450 2279 2278
f 2451 2449 2278 2280
f 2442 2451 2280 2271
f 2278 2279 2271 2280
f 2451 2442 2450 2449
f 2375 2452 2281 2204
f 2447 2375 2204 2276
f 2453 2447 2276 2282
f 2452 2453 2282 2281
f 2276 2204 2281 2282
f 2453 2452 2375 2447
f 2455 2284 2283 2454
f 2448 2277 2284 2455
f 2449 2278 2277 2448
f 2454 2283 2278 2449
f 2283 2284 2277 2278
f 2455 2454 2449 2448
f 2456 2285 2267 2438
f 2449 2278 2285 2456
f 2451 2280 2278 2449
f 2438 2267 2280 2451
f 2267 2285 2278 2280
f 2456 2438 2451 2449
f 2432 2261 2286 2457
f 2455 2284 2261 2432
f 2458 2287 2284 2455
f 2457 2286 2287 2458
f 2286 2261 2284 2287
f 2432 2457 2458 2455
f 2448 2277 2280 2451
f 2374 2203 2277 2448
f 2415 2244 2203 2374
f 2451 2280 2244 2415
f 2280 2277 2203 2244
f 2448 2451 2415 2374
f 2431 2260 2263 2434
f 2448 2277 2260 2431
f 2451 2280 2277 2448
f 2434 2263 2280 2451
f 2263 2260 2277 2280
f 2431 2434 2451 2448
f 2460 2289 2288 2459
f 2461 2290 2289 2460
f 2462 2291 2290 2461
f 2459 2288 2291 2462
f 2290 2291 2288 2289
f 2462 2461 2460 2459
f 2464 2463 2292 2293
f 2465 2464 2293 2294
f 2466 2465 2294 2295
f 2463 2466 2295 2292
f 2292 2295 2294 2293
f 2464 2465 2466 2463
f 2465 2467 2296 2294
f 2461 2465 2294 2290
f 2468 2461 2290 2297
f 2467 2468 2297 2296
f 2296 2297 2290 2294
f 2465 2461 2468 2467
f 2470 2469 2298 2299
f 2471 2470 2299 2300
f 2472 2471 2300 2301
f 2469 2472 2301 2298
f 2298 2301 2300 2299
f 2470 2471 2472 2469
f 2469 2298 2293 2464
f 2473 2302 2298 2469
f 2460 2289 2302 2473
f 2464 2293 2289 2460
f 2293 2298 2302 2289
f 2469 2464 2460 2473
f 2475 2474 2303 2304
f 2476 2475 2304 2305
f 2477 2476 2305 2306
f 2474 2477 2306 2303
f 2303 2306 2305 2304
f 2475 2476 2477 2474
f 2478 2474 2303 2307
f 2459 2478 2307 2288
f 2473 2459 2288 2302
f 2474 2473 2302 2303
f 2303 2302 2288 2307
f 2478 2459 2473 2474
f 2470 2299 2298 2469
f 2479 2308 2299 2470
f 2480 2309 2308 2479
f 2469 2298 2309 2480
f 2308 2309 2298 2299
f 2480 2479 2470 2469
f 2482 2311 2310 2481
f 2483 2312 2311 2482
f 2484 2313 2312 2483
f 2481 2310 2313 2484
f 2312 2313 2310 2311
f 2484 2483 2482 2481
f 2485 2314 2310 2481
f 2486 2315 2314 2485
f 2487 2316 2315 2486
f 2481 2310 2316 2487
f 2315 2316 2310 2314
f 2487 2486 2485 2481
f 2489 2318 2317 2488
f 2490 2319 2318 2489
f 2486 2315 2319 2490
f 2488 2317 2315 2486
f 2319 2315 2317 2318
f 2486 2490 2489 2488
f 2487 2316 2319 2490
f 2469 2298 2316 2487
f 2464 2293 2298 2469
f 2490 2319 2293 2464
f 2319 2316 2298 2293
f 2487 2490 2464 2469
f 2492 2321 2320 2491
f 2489 2318 2321 2492
f 2493 2322 2318 2489
f 2491 2320 2322 2493
f 2318 2322 2320 2321
f 2493 2489 2492 2491
f 2464 2293 2292 2463
f 2492 2321 2293 2464
f 2494 2323 2321 2492
f 2463 2292 2323 2494
f 2321 2323 2292 2293
f 2494 2492 2464 2463
f 2496 2495 2324 2325
f 2497 2496 2325 2326
f 2498 2497 2326 2327
f 2495 2498 2327 2324
f 2324 2327 2326 2325
f 2496 2497 2498 2495
f 2500 2499 2328 2329
f 2486 2500 2329 2315
f 2487 2486 2315 2316
f 2499 2487 2316 2328
f 2328 2316 2315 2329
f 2500 2486 2487 2499
f 2501 2499 2328 2330
f 2502 2501 2330 2331
f 2503 2502 2331 2332
f 2499 2503 2332 2328
f 2328 2332 2331 2330
f 2501 2502 2503 2499
f 2497 2504 2333 2326
f 2505 2497 2326 2334
f 2506 2505 2334 2335
f 2504 2506 2335 2333
f 2333 2335 2334 2326
f 2497 2505 2506 2504
f 2505 2507 2336 2334
f 2490 2505 2334 2319
f 2486 2490 2319 2315
f 2507 2486 2315 2336
f 2336 2315 2319 2334
f 2505 2490 2486 2507
f 2496 2325 2324 2495
f 2508 2337 2325 2496
f 2509 2338 2337 2508
f 2495 2324 2338 2509
f 2337 2338 2324 2325
f 2509 2508 2496 2495
f 2511 2510 2339 2340
f 2512 2511 2340 2341
f 2513 2512 2341 2342
f 2510 2513 2342 2339
f 2339 2342 2341 2340
f 2511 2512 2513 2510
f 2510 2339 2325 2496
f 2487 2316 2339 2510
f 2490 2319 2316 2487
f 2496 2325 2319 2490
f 2325 2339 2316 2319
f 2510 2496 2490 2487
f 2511 2340 2339 2510
f 2514 2343 2340 2511
f 2515 2344 2343 2514
f 2510 2339 2344 2515
f 2343 2344 2339 2340
f 2515 2514 2511 2510
f 2517 2346 2345 2516
f 2518 2347 2346 2517
f 2519 2348 2347 2518
f 2516 2345 2348 2519
f 2347 2348 2345 2346
f 2519 2518 2517 2516
f 2521 2350 2349 2520
f 2522 2351 2350 2521
f 2523 2352 2351 2522
f 2520 2349 2352 2523
f 2351 2352 2349 2350
f 2523 2522 2521 2520
f 2524 2353 2345 2516
f 2523 2352 2353 2524
f 2525 2354 2352 2523
f 2516 2345 2354 2525
f 2352 2354 2345 2353
f 2525 2523 2524 2516
f 2508 2337 2355 2526
f 2521 2350 2337 2508
f 2527 2356 2350 2521
f 2526 2355 2356 2527
f 2350 2356 2355 2337
f 2527 2521 2508 2526
f 2525 2354 2351 2522
f 2510 2339 2354 2525
f 2496 2325 2339 2510
f 2522 2351 2325 2496
f 2351 2354 2339 2325
f 2525 2522 2496 2510
f 2529 2528 2357 2358
f 2530 2529 2358 2359
f 2531 2530 2359 2360
f 2528 2531 2360 2357
f 2357 2360 2359 2358
f 2529 2530 2531 2528
f 2530 2532 2361 2359
f 2533 2530 2359 2362
f 2534 2533 2362 2363
f 2532 2534 2363 2361
f 2361 2363 2362 2359
f 2530 2533 2534 2532
f 2535 2364 2358 2529
f 2525 2354 2364 2535
f 2522 2351 2354 2525
f 2529 2358 2351 2522
f 2358 2364 2354 2351
f 2535 2529 2522 2525
f 2537 2536 2365 2366
f 2538 2537 2366 2367
f 2539 2538 2367 2368
f 2536 2539 2368 2365
f 2365 2368 2367 2366
f 2537 2538 2539 2536
f 2540 2535 2364 2369
f 2541 2540 2369 2370
f 2542 2541 2370 2371
f 2535 2542 2371 2364
f 2364 2371 2370 2369
f 2540 2541 2542 2535
f 2543 2536 2365 2372
f 2523 2543 2372 2352
f 2525 2523 2352 2354
f 2536 2525 2354 2365
f 2365 2354 2352 2372
f 2543 2523 2525 2536
f 2545 2544 2373 2374
f 2546 2545 2374 2375
f 2547 2546 2375 2376
f 2544 2547 2376 2373
f 2375 2374 2373 2376
f 2547 2544 2545 2546
f 2549 2548 2377 2378
f 2550 2549 2378 2379
f 2551 2550 2379 2380
f 2548 2551 2380 2377
f 2379 2378 2377 2380
f 2551 2548 2549 2550
f 2553 2552 2381 2382
f 2554 2553 2382 2383
f 2555 2554 2383 2384
f 2552 2555 2384 2381
f 2383 2382 2381 2384
f 2555 2552 2553 2554
f 2557 2556 2385 2386
f 2558 2557 2386 2387
f 2559 2558 2387 2388
f 2556 2559 2388 2385
f 2387 2386 2385 2388
f 2559 2556 2557 2558
f 2561 2560 2389 2390
f 2562 2561 2390 2391
f 2563 2562 2391 2392
f 2560 2563 2392 2389
f 2391 2390 2389 2392
f 2563 2560 2561 2562
f 2557 2386 2385 2556
f 2564 2393 2386 2557
f 2565 2394 2393 2564
f 2556 2385 2394 2565
f 2385 2386 2393 2394
f 2557 2556 2565 2564
f 2564 2393 2395 2566
f 2562 2391 2393 2564
f 2567 2396 2391 2562
f 2566 2395 2396 2567
f 2395 2393 2391 2396
f 2564 2566 2567 2562
f 2557 2386 2377 2548
f 2561 2390 2386 2557
f 2568 2397 2390 2561
f 2548 2377 2397 2568
f 2377 2386 2390 2397
f 2557 2548 2568 2561
f 2549 2378 2377 2548
f 2569 2398 2378 2549
f 2570 2399 2398 2569
f 2548 2377 2399 2570
f 2377 2378 2398 2399
f 2549 2548 2570 2569
f 2572 2401 2400 2571
f 2573 2402 2401 2572
f 2574 2403 2402 2573
f 2571 2400 2403 2574
f 2400 2401 2402 2403
f 2572 2571 2574 2573
f 2575 2404 2400 2571
f 2560 2389 2404 2575
f 2568 2397 2389 2560
f 2571 2400 2397 2568
f 2400 2404 2389 2397
f 2575 2571 2568 2560
f 2577 2406 2405 2576
f 2578 2407 2406 2577
f 2579 2408 2407 2578
f 2576 2405 2408 2579
f 2405 2406 2407 2408
f 2577 2576 2579 2578
f 2558 2580 2409 2387
f 2581 2558 2387 2410
f 2582 2581 2410 2411
f 2580 2582 2411 2409
f 2410 2387 2409 2411
f 2582 2580 2558 2581
f 2583 2552 2381 2412
f 2579 2583 2412 2408
f 2584 2579 2408 2413
f 2552 2584 2413 2381
f 2408 2412 2381 2413
f 2584 2552 2583 2579
f 2581 2585 2414 2410
f 2578 2581 2410 2407
f 2579 2578 2407 2408
f 2585 2579 2408 2414
f 2407 2410 2414 2408
f 2579 2585 2581 2578
f 2578 2407 2413 2584
f 2557 2386 2407 2578
f 2548 2377 2386 2557
f 2584 2413 2377 2548
f 2413 2407 2386 2377
f 2578 2584 2548 2557
f 2545 2374 2415 2586
f 2578 2407 2374 2545
f 2584 2413 2407 2578
f 2586 2415 2413 2584
f 2415 2374 2407 2413
f 2545 2586 2584 2578
f 2588 2417 2416 2587
f 2577 2406 2417 2588
f 2589 2418 2406 2577
f 2587 2416 2418 2589
f 2416 2417 2406 2418
f 2588 2587 2589 2577
f 2545 2374 2373 2544
f 2588 2417 2374 2545
f 2590 2419 2417 2588
f 2544 2373 2419 2590
f 2373 2374 2417 2419
f 2545 2544 2590 2588
f 2591 2586 2415 2420
f 2592 2591 2420 2421
f 2593 2592 2421 2422
f 2586 2593 2422 2415
f 2421 2420 2415 2422
f 2593 2586 2591 2592
f 2595 2424 2423 2594
f 2579 2408 2424 2595
f 2584 2413 2408 2579
f 2594 2423 2413 2584
f 2423 2424 2408 2413
f 2595 2594 2584 2579
f 2591 2420 2415 2586
f 2596 2425 2420 2591
f 2597 2426 2425 2596
f 2586 2415 2426 2597
f 2415 2420 2425 2426
f 2591 2586 2597 2596
f 2598 2427 2423 2594
f 2599 2428 2427 2598
f 2600 2429 2428 2599
f 2594 2423 2429 2600
f 2423 2427 2428 2429
f 2598 2594 2600 2599
f 2602 2431 2430 2601
f 2603 2432 2431 2602
f 2604 2433 2432 2603
f 2601 2430 2433 2604
f 2430 2431 2432 2433
f 2602 2601 2604 2603
f 2606 2435 2434 2605
f 2607 2436 2435 2606
f 2608 2437 2436 2607
f 2605 2434 2437 2608
f 2434 2435 2436 2437
f 2606 2605 2608 2607
f 2610 2439 2438 2609
f 2611 2440 2439 2610
f 2612 2441 2440 2611
f 2609 2438 2441 2612
f 2438 2439 2440 2441
f 2610 2609 2612 2611
f 2614 2613 2442 2443
f 2615 2614 2443 2444
f 2616 2615 2444 2445
f 2613 2616 2445 2442
f 2444 2443 2442 2445
f 2616 2613 2614 2615
f 2618 2617 2446 2447
f 2619 2618 2447 2448
f 2620 2619 2448 2449
f 2617 2620 2449 2446
f 2448 2447 2446 2449
f 2620 2617 2618 2619
f 2621 2613 2442 2450
f 2620 2621 2450 2449
f 2622 2620 2449 2451
f 2613 2622 2451 2442
f 2449 2450 2442 2451
f 2622 2613 2621 2620
f 2546 2623 2452 2375
f 2618 2546 2375 2447
f 2624 2618 2447 2453
f 2623 2624 2453 2452
f 2447 2375 2452 2453
f 2624 2623 2546 2618
f 2626 2455 2454 2625
f 2619 2448 2455 2626
f 2620 2449 2448 2619
f 2625 2454 2449 2620
f 2454 2455 2448 2449
f 2626 2625 2620 2619
f 2627 2456 2438 2609
f 2620 2449 2456 2627
f 2622 2451 2449 2620
f 2609 2438 2451 2622
f 2438 2456 2449 2451
f 2627 2609 2622 2620
f 2603 2432 2457 2628
f 2626 2455 2432 2603
f 2629 2458 2455 2626
f 2628 2457 2458 2629
f 2457 2432 2455 2458
f 2603 2628 2629 2626
f 2619 2448 2451 2622
f 2545 2374 2448 2619
f 2586 2415 2374 2545
f 2622 2451 2415 2586
f 2451 2448 2374 2415
f 2619 2622 2586 2545
f 2602 2431 2434 2605
f 2619 2448 2431 2602
f 2622 2451 2448 2619
f 2605 2434 2451 2622
f 2434 2431 2448 2451
f 2602 2605 2622 2619
f 2631 2460 2459 2630
f 2632 2461 2460 2631
f 2633 2462 2461 2632
f 2630 2459 2462 2633
f 2461 2462 2459 2460
f 2633 2632 2631 2630
f 2635 2634 2463 2464
f 2636 2635 2464 2465
f 2637 2636 2465 2466
f 2634 2637 2466 2463
f 2463 2466 2465 2464
f 2635 2636 2637 2634
f 2636 2638 2467 2465
f 2632 2636 2465 2461
f 2639 2632 2461 2468
f 2638 2639 2468 2467
f 2467 2468 2461 2465
f 2636 2632 2639 2638
f 2641 2640 2469 2470
f 2642 2641 2470 2471
f 2643 2642 2471 2472
f 2640 2643 2472 2469
f 2469 2472 2471 2470
f 2641 2642 2643 2640
f 2640 2469 2464 2635
f 2644 2473 2469 2640
f 2631 2460 2473 2644
f 2635 2464 2460 2631
f 2464 2469 2473 2460
f 2640 2635 2631 2644
f 2646 2645 2474 2475
f 2647 2646 2475 2476
f 2648 2647 2476 2477
f 2645 2648 2477 2474
f 2474 2477 2476 2475
f 2646 2647 2648 2645
f 2649 2645 2474 2478
f 2630 2649 2478 2459
f 2644 2630 2459 2473
f 2645 2644 2473 2474
f 2474 2473 2459 2478
f 2649 2630 2644 2645
f 2641 2470 2469 2640
f 2650 2479 2470 2641
f 2651 2480 2479 2650
f 2640 2469 2480 2651
f 2479 2480 2469 2470
f 2651 2650 2641 2640
f 2653 2482 2481 2652
f 2654 2483 2482 2653
f 2655 2484 2483 2654
f 2652 2481 2484 2655
f 2483 2484 2481 2482
f 2655 2654 2653 2652
f 2656 2485 2481 2652
f 2657 2486 2485 2656
f 2658 2487 2486 2657
f 2652 2481 2487 2658
f 2486 2487 2481 2485
f 2658 2657 2656 2652
f 2660 2489 2488 2659
f 2661 2490 2489 2660
f 2657 2486 2490 2661
f 2659 2488 2486 2657
f 2490 2486 2488 2489
f 2657 2661 2660 2659
f 2658 2487 2490 2661
f 2640 2469 2487 2658
f 2635 2464 2469 2640
f 2661 2490 2464 2635
f 2490 2487 2469 2464
f 2658 2661 2635 2640
f 2663 2492 2491 2662
f 2660 2489 2492 2663
f 2664 2493 2489 2660
f 2662 2491 2493 2664
f 2489 2493 2491 2492
f 2664 2660 2663 2662
f 2635 2464 2463 2634
f 2663 2492 2464 2635
f 2665 2494 2492 2663
f 2634 2463 2494 2665
f 2492 2494 2463 2464
f 2665 2663 2635 2634
f 2667 2666 2495 2496
f 2668 2667 2496 2497
f 2669 2668 2497 2498
f 2666 2669 2498 2495
f 2495 2498 2497 2496
f 2667 2668 2669 2666
f 2671 2670 2499 2500
f 2657 2671 2500 2486
f 2658 2657 2486 2487
f 2670 2658 2487 2499
f 2499 2487 2486 2500
f 2671 2657 2658 2670
f 2672 2670 2499 2501
f 2673 2672 2501 2502
f 2674 2673 2502 2503
f 2670 2674 2503 2499
f 2499 2503 2502 2501
f 2672 2673 2674 2670
f 2668 2675 2504 2497
f 2676 2668 2497 2505
f 2677 2676 2505 2506
f 2675 2677 2506 2504
f 2504 2506 2505 2497
f 2668 2676 2677 2675
f 2676 2678 2507 2505
f 2661 2676 2505 2490
f 2657 2661 2490 2486
f 2678 2657 2486 2507
f 2507 2486 2490 2505
f 2676 2661 2657 2678
f 2667 2496 2495 2666
f 2679 2508 2496 2667
f 2680 2509 2508 2679
f 2666 2495 2509 2680
f 2508 2509 2495 2496
f 2680 2679 2667 2666
f 2682 2681 2510 2511
f 2683 2682 2511 2512
f 2684 2683 2512 2513
f 2681 2684 2513 2510
f 2510 2513 2512 2511
f 2682 2683 2684 2681
f 2681 2510 2496 2667
f 2658 2487 2510 2681
f 2661 2490 2487 2658
f 2667 2496 2490 2661
f 2496 2510 2487 2490
f 2681 2667 2661 2658
f 2682 2511 2510 2681
f 2685 2514 2511 2682
f 2686 2515 2514 2685
f 2681 2510 2515 2686
f 2514 2515 2510 2511
f 2686 2685 2682 2681
f 2688 2517 2516 2687
f 2689 2518 2517 2688
f 2690 2519 2518 2689
f 2687 2516 2519 2690
f 2518 2519 2516 2517
f 2690 2689 2688 2687
f 2692 2521 2520 2691
f 2693 2522 2521 2692
f 2694 2523 2522 2693
f 2691 2520 2523 2694
f 2522 2523 2520 2521
f 2694 2693 2692 2691
f 2695 2524 2516 2687
f 2694 2523 2524 2695
f 2696 2525 2523 2694
f 2687 2516 2525 2696
f 2523 2525 2516 2524
f 2696 2694 2695 2687
f 2679 2508 2526 2697
f 2692 2521 2508 2679
f 2698 2527 2521 2692
f 2697 2526 2527 2698
f 2521 2527 2526 2508
f 2698 2692 2679 2697
f 2696 2525 2522 2693
f 2681 2510 2525 2696
f 2667 2496 2510 2681
f 2693 2522 2496 2667
f 2522 2525 2510 2496
f 2696 2693 2667 2681
f 2700 2699 2528 2529
f 2701 2700 2529 2530
f 2702 2701 2530 2531
f 2699 2702 2531 2528
f 2528 2531 2530 2529
f 2700 2701 2702 2699
f 2701 2703 2532 2530
f 2704 2701 2530 2533
f 2705 2704 2533 2534
f 2703 2705 2534 2532
f 2532 2534 2533 2530
f 2701 2704 2705 2703
f 2706 2535 2529 2700
f 2696 2525 2535 2706
f 2693 2522 2525 2696
f 2700 2529 2522 2693
f 2529 2535 2525 2522
f 2706 2700 2693 2696
f 2708 2707 2536 2537
f 2709 2708 2537 2538
f 2710 2709 2538 2539
f 2707 2710 2539 2536
f 2536 2539 2538 2537
f 2708 2709 2710 2707
f 2711 2706 2535 2540
f 2712 2711 2540 2541
f 2713 2712 2541 2542
f 2706 2713 2542 2535
f 2535 2542 2541 2540
f 2711 2712 2713 2706
f 2714 2707 2536 2543
f 2694 2714 2543 2523
f 2696 2694 2523 2525
f 2707 2696 2525 2536
f 2536 2525 2523 2543
f 2714 2694 2696 2707
f 2716 2715 2544 2545
f 2717 2716 2545 2546
f 2718 2717 2546 2547
f 2715 2718 2547 2544
f 2546 2545 2544 2547
f 2718 2715 2716 2717
f 2720 2719 2548 2549
f 2721 2720 2549 2550
f 2722 2721 2550 2551
f 2719 2722 2551 2548
f 2550 2549 2548 2551
f 2722 2719 2720 2721
f 2724 2723 2552 2553
f 2725 2724 2553 2554
f 2726 2725 2554 2555
f 2723 2726 2555 2552
f 2554 2553 2552 2555
f 2726 2723 2724 2725
f 2728 2727 2556 2557
f 2729 2728 2557 2558
f 2730 2729 2558 2559
f 2727 2730 2559 2556
f 2558 2557 2556 2559
f 2730 2727 2728 2729
f 2732 2731 2560 2561
f 2733 2732 2561 2562
f 2734 2733 2562 2563
f 2731 2734 2563 2560
f 2562 2561 2560 2563
f 2734 2731 2732 2733
f 2728 2557 2556 2727
f 2735 2564 2557 2728
f 2736 2565 2564 2735
f 2727 2556 2565 2736
f 2556 2557 2564 2565
f 2728 2727 2736 2735
f 2735 2564 2566 2737
f 2733 2562 2564 2735
f 2738 2567 2562 2733
f 2737 2566 2567 2738
f 2566 2564 2562 2567
f 2735 2737 2738 2733
f 2728 2557 2548 2719
f 2732 2561 2557 2728
f 2739 2568 2561 2732
f 2719 2548 2568 2739
f 2548 2557 2561 2568
f 2728 2719 2739 2732
f 2720 2549 2548 2719
f 2740 2569 2549 2720
f 2741 2570 2569 2740
f 2719 2548 2570 2741
f 2548 2549 2569 2570
f 2720 2719 2741 2740
f 2743 2572 2571 2742
f 2744 2573 2572 2743
f 2745 2574 2573 2744
f 2742 2571 2574 2745
f 2571 2572 2573 2574
f 2743 2742 2745 2744
f 2746 2575 2571 2742
f 2731 2560 2575 2746
f 2739 2568 2560 2731
f 2742 2571 2568 2739
f 2571 2575 2560 2568
f 2746 2742 2739 2731
f 2748 2577 2576 2747
f 2749 2578 2577 2748
f 2750 2579 2578 2749
f 2747 2576 2579 2750
f 2576 2577 2578 2579
f 2748 2747 2750 2749
f 2729 2751 2580 2558
f 2752 2729 2558 2581
f 2753 2752 2581 2582
f 2751 2753 2582 2580
f 2581 2558 2580 2582
f 2753 2751 2729 2752
f 2754 2723 2552 2583
f 2750 2754 2583 2579
f 2755 2750 2579 2584
f 2723 2755 2584 2552
f 2579 2583 2552 2584
f 2755 2723 2754 2750
f 2752 2756 2585 2581
f 2749 2752 2581 2578
f 2750 2749 2578 2579
f 2756 2750 2579 2585
f 2578 2581 2585 2579
f 2750 2756 2752 2749
f 2749 2578 2584 2755
f 2728 2557 2578 2749
f 2719 2548 2557 2728
f 2755 2584 2548 2719
f 2584 2578 2557 2548
f 2749 2755 2719 2728
f 2716 2545 2586 2757
f 2749 2578 2545 2716
f 2755 2584 2578 2749
f 2757 2586 2584 2755
f 2586 2545 2578 2584
f 2716 2757 2755 2749
f 2759 2588 2587 2758
f 2748 2577 2588 2759
f 2760 2589 2577 2748
f 2758 2587 2589 2760
f 2587 2588 2577 2589
f 2759 2758 2760 2748
f 2716 2545 2544 2715
f 2759 2588 2545 2716
f 2761 2590 2588 2759
f 2715 2544 2590 2761
f 2544 2545 2588 2590
f 2716 2715 2761 2759
f 2762 2757 2586 2591
f 2763 2762 2591 2592
f 2764 2763 2592 2593
f 2757 2764 2593 2586
f 2592 2591 2586 2593
f 2764 2757 2762 2763
f 2766 2595 2594 2765
f 2750 2579 2595 2766
f 2755 2584 2579 2750
f 2765 2594 2584 2755
f 2594 2595 2579 2584
f 2766 2765 2755 2750
f 2762 2591 2586 2757
f 2767 2596 2591 2762
f 2768 2597 2596 2767
f 2757 2586 2597 2768
f 2586 2591 2596 2597
f 2762 2757 2768 2767
f 2769 2598 2594 2765
f 2770 2599 2598 2769
f 2771 2600 2599 2770
f 2765 2594 2600 2771
f 2594 2598 2599 2600
f 2769 2765 2771 2770
f 2773 2602 2601 2772
f 2774 2603 2602 2773
f 2775 2604 2603 2774
f 2772 2601 2604 2775
f 2601 2602 2603 2604
f 2773 2772 2775 2774
f 2777 2606 2605 2776
f 2778 2607 2606 2777
f 2779 2608 2607 2778
f 2776 2605 2608 2779
f 2605 2606 2607 2608
f 2777 2776 2779 2778
f 2781 2610 2609 2780
f 2782 2611 2610 2781
f 2783 2612 2611 2782
f 2780 2609 2612 2783
f 2609 2610 2611 2612
f 2781 2780 2783 2782
f 2785 2784 2613 2614
f 2786 2785 2614 2615
f 2787 2786 2615 2616
f 2784 2787 2616 2613
f 2615 2614 2613 2616
f 2787 2784 2785 2786
f 2789 2788 2617 2618
f 2790 2789 2618 2619
f 2791 2790 2619 2620
f 2788 2791 2620 2617
f 2619 2618 2617 2620
f 2791 2788 2789 2790
f 2792 2784 2613 2621
f 2791 2792 2621 2620
f 2793 2791 2620 2622
f 2784 2793 2622 2613
f 2620 2621 2613 2622
f 2793 2784 2792 2791
f 2717 2794 2623 2546
f 2789 2717 2546 2618
f 2795 2789 2618 2624
f 2794 2795 2624 2623
f 2618 2546 2623 2624
f 2795 2794 2717 2789
f 2797 2626 2625 2796
f 2790 2619 2626 2797
f 2791 2620 2619 2790
f 2796 2625 2620 2791
f 2625 2626 2619 2620
f 2797 2796 2791 2790
f 2798 2627 2609 2780
f 2791 2620 2627 2798
f 2793 2622 2620 2791
f 2780 2609 2622 2793
f 2609 2627 2620 2622
f 2798 2780 2793 2791
f 2774 2603 2628 2799
f 2797 2626 2603 2774
f 2800 2629 2626 2797
f 2799 2628 2629 2800
f 2628 2603 2626 2629
f 2774 2799 2800 2797
f 2790 2619 2622 2793
f 2716 2545 2619 2790
f 2757 2586 2545 2716
f 2793 2622 2586 2757
f 2622 2619 2545 2586
f 2790 2793 2757 2716
f 2773 2602 2605 2776
f 2790 2619 2602 2773
f 2793 2622 2619 2790
f 2776 2605 2622 2793
f 2605 2602 2619 2622
f 2773 2776 2793 2790
f 2802 2631 2630 2801
f 2803 2632 2631 2802
f 2804 2633 2632 2803
f 2801 2630 2633 2804
f 2632 2633 2630 2631
f 2804 2803 2802 2801
f 2806 2805 2634 2635
f 2807 2806 2635 2636
f 2808 2807 2636 2637
f 2805 2808 2637 2634
f 2634 2637 2636 2635
f 2806 2807 2808 2805
f 2807 2809 2638 2636
f 2803 2807 2636 2632
f 2810 2803 2632 2639
f 2809 2810 2639 2638
f 2638 2639 2632 2636
f 2807 2803 2810 2809
f 2812 2811 2640 2641
f 2813 2812 2641 2642
f 2814 2813 2642 2643
f 2811 2814 2643 2640
f 2640 2643 2642 2641
f 2812 2813 2814 2811
f 2811 2640 2635 2806
f 2815 2644 2640 2811
f 2802 2631 2644 2815
f 2806 2635 2631 2802
f 2635 2640 2644 2631
f 2811 2806 2802 2815
f 2817 2816 2645 2646
f 2818 2817 2646 2647
f 2819 2818 2647 2648
f 2816 2819 2648 2645
f 2645 2648 2647 2646
f 2817 2818 2819 2816
f 2820 2816 2645 2649
f 2801 2820 2649 2630
f 2815 2801 2630 2644
f 2816 2815 2644 2645
f 2645 2644 2630 2649
f 2820 2801 2815 2816
f 2812 2641 2640 2811
f 2821 2650 2641 2812
f 2822 2651 2650 2821
f 2811 2640 2651 2822
f 2650 2651 2640 2641
f 2822 2821 2812 2811
f 2824 2653 2652 2823
f 2825 2654 2653 2824
f 2826 2655 2654 2825
f 2823 2652 2655 2826
f 2654 2655 2652 2653
f 2826 2825 2824 2823
f 2827 2656 2652 2823
f 2828 2657 2656 2827
f 2829 2658 2657 2828
f 2823 2652 2658 2829
f 2657 2658 2652 2656
f 2829 2828 2827 2823
f 2831 2660 2659 2830
f 2832 2661 2660 2831
f 2828 2657 2661 2832
f 2830 2659 2657 2828
f 2661 2657 2659 2660
f 2828 2832 2831 2830
f 2829 2658 2661 2832
f 2811 2640 2658 2829
f 2806 2635 2640 2811
f 2832 2661 2635 2806
f 2661 2658 2640 2635
f 2829 2832 2806 2811
f 2834 2663 2662 2833
f 2831 2660 2663 2834
f 2835 2664 2660 2831
f 2833 2662 2664 2835
f 2660 2664 2662 2663
f 2835 2831 2834 2833
f 2806 2635 2634 2805
f 2834 2663 2635 2806
f 2836 2665 2663 2834
f 2805 2634 2665 2836
f 2663 2665 2634 2635
f 2836 2834 2806 2805
f 2838 2837 2666 2667
f 2839 2838 2667 2668
f 2840 2839 2668 2669
f 2837 2840 2669 2666
f 2666 2669 2668 2667
f 2838 2839 2840 2837
f 2842 2841 2670 2671
f 2828 2842 2671 2657
f 2829 2828 2657 2658
f 2841 2829 2658 2670
f 2670 2658 2657 2671
f 2842 2828 2829 2841
f 2843 2841 2670 2672
f 2844 2843 2672 2673
f 2845 2844 2673 2674
f 2841 2845 2674 2670
f 2670 2674 2673 2672
f 2843 2844 2845 2841
f 2839 2846 2675 2668
f 2847 2839 2668 2676
f 2848 2847 2676 2677
f 2846 2848 2677 2675
f 2675 2677 2676 2668
f 2839 2847 2848 2846
f 2847 2849 2678 2676
f 2832 2847 2676 2661
f 2828 2832 2661 2657
f 2849 2828 2657 2678
f 2678 2657 2661 2676
f 2847 2832 2828 2849
f 2838 2667 2666 2837
f 2850 2679 2667 2838
f 2851 2680 2679 2850
f 2837 2666 2680 2851
f 2679 2680 2666 2667
f 2851 2850 2838 2837
f 2853 2852 2681 2682
f 2854 2853 2682 2683
f 2855 2854 2683 2684
f 2852 2855 2684 2681
f 2681 2684 2683 2682
f 2853 2854 2855 2852
f 2852 2681 2667 2838
f 2829 2658 2681 2852
f 2832 2661 2658 2829
f 2838 2667 2661 2832
f 2667 2681 2658 2661
f 2852 2838 2832 2829
f 2853 2682 2681 2852
f 2856 2685 2682 2853
f 2857 2686 2685 2856
f 2852 2681 2686 2857
f 2685 2686 2681 2682
f 2857 2856 2853 2852
f 2859 2688 2687 2858
f 2860 2689 2688 2859
f 2861 2690 2689 2860
f 2858 2687 2690 2861
f 2689 2690 2687 2688
f 2861 2860 2859 2858
f 2863 2692 2691 2862
f 2864 2693 2692 2863
f 2865 2694 2693 2864
f 2862 2691 2694 2865
f 2693 2694 2691 2692
f 2865 2864 2863 2862
f 2866 2695 2687 2858
f 2865 2694 2695 2866
f 2867 2696 2694 2865
f 2858 2687 2696 2867
f 2694 2696 2687 2695
f 2867 2865 2866 2858
f 2850 2679 2697 2868
f 2863 2692 2679 2850
f 2869 2698 2692 2863
f 2868 2697 2698 2869
f 2692 2698 2697 2679
f 2869 2863 2850 2868
f 2867 2696 2693 2864
f 2852 2681 2696 2867
f 2838 2667 2681 2852
f 2864 2693 2667 2838
f 2693 2696 2681 2667
f 2867 2864 2838 2852
f 2871 2870 2699 2700
f 2872 2871 2700 2701
f 2873 2872 2701 2702
f 2870 2873 2702 2699
f 2699 2702 2701 2700
f 2871 2872 2873 2870
f 2872 2874 2703 2701
f 2875 2872 2701 2704
f 2876 2875 2704 2705
f 2874 2876 2705 2703
f 2703 2705 2704 2701
f 2872 2875 2876 2874
f 2877 2706 2700 2871
f 2867 2696 2706 2877
f 2864 2693 2696 2867
f 2871 2700 2693 2864
f 2700 2706 2696 2693
f 2877 2871 2864 2867
f 2879 2878 2707 2708
f 2880 2879 2708 2709
f 2881 2880 2709 2710
f 2878 2881 2710 2707
f 2707 2710 2709 2708
f 2879 2880 2881 2878
f 2882 2877 2706 2711
f 2883 2882 2711 2712
f 2884 2883 2712 2713
f 2877 2884 2713 2706
f 2706 2713 2712 2711
f 2882 2883 2884 2877
f 2885 2878 2707 2714
f 2865 2885 2714 2694
f 2867 2865 2694 2696
f 2878 2867 2696 2707
f 2707 2696 2694 2714
f 2885 2865 2867 2878
f 2887 2886 2715 2716
f 2888 2887 2716 2717
f 2889 2888 2717 2718
f 2886 2889 2718 2715
f 2717 2716 2715 2718
f 2889 2886 2887 2888
f 2891 2890 2719 2720
f 2892 2891 2720 2721
f 2893 2892 2721 2722
f 2890 2893 2722 2719
f 2721 2720 2719 2722
f 2893 2890 2891 2892
f 2895 2894 2723 2724
f 2896 2895 2724 2725
f 2897 2896 2725 2726
f 2894 2897 2726 2723
f 2725 2724 2723 2726
f 2897 2894 2895 2896
f 2899 2898 2727 2728
f 2900 2899 2728 2729
f 2901 2900 2729 2730
f 2898 2901 2730 2727
f 2729 2728 2727 2730
f 2901 2898 2899 2900
f 2903 2902 2731 2732
f 2904 2903 2732 2733
f 2905 2904 2733 2734
f 2902 2905 2734 2731
f 2733 2732 2731 2734
f 2905 2902 2903 2904
f 2899 2728 2727 2898
f 2906 2735 2728 2899
f 2907 2736 2735 2906
f 2898 2727 2736 2907
f 2727 2728 2735 2736
f 2899 2898 2907 2906
f 2906 2735 2737 2908
f 2904 2733 2735 2906
f 2909 2738 2733 2904
f 2908 2737 2738 2909
f 2737 2735 2733 2738
f 2906 2908 2909 2904
f 2899 2728 2719 2890
f 2903 2732 2728 2899
f 2910 2739 2732 2903
f 2890 2719 2739 2910
f 2719 2728 2732 2739
f 2899 2890 2910 2903
f 2891 2720 2719 2890
f 2911 2740 2720 2891
f 2912 2741 2740 2911
f 2890 2719 2741 2912
f 2719 2720 2740 2741
f 2891 2890 2912 2911
f 2914 2743 2742 2913
f 2915 2744 2743 2914
f 2916 2745 2744 2915
f 2913 2742 2745 2916
f 2742 2743 2744 2745
f 2914 2913 2916 2915
f 2917 2746 2742 2913
f 2902 2731 2746 2917
f 2910 2739 2731 2902
f 2913 2742 2739 2910
f 2742 2746 2731 2739
f 2917 2913 2910 2902
f 2919 2748 2747 2918
f 2920 2749 2748 2919
f 2921 2750 2749 2920
f 2918 2747 2750 2921
f 2747 2748 2749 2750
f 2919 2918 2921 2920
f 2900 2922 2751 2729
f 2923 2900 2729 2752
f 2924 2923 2752 2753
f 2922 2924 2753 2751
f 2752 2729 2751 2753
f 2924 2922 2900 2923
f 2925 2894 2723 2754
f 2921 2925 2754 2750
f 2926 2921 2750 2755
f 2894 2926 2755 2723
f 2750 2754 2723 2755
f 2926 2894 2925 2921
f 2923 2927 2756 2752
f 2920 2923 2752 2749
f 2921 2920 2749 2750
f 2927 2921 2750 2756
f 2749 2752 2756 2750
f 2921 2927 2923 2920
f 2920 2749 2755 2926
f 2899 2728 2749 2920
f 2890 2719 2728 2899
f 2926 2755 2719 2890
f 2755 2749 2728 2719
f 2920 2926 2890 2899
f 2887 2716 2757 2928
f 2920 2749 2716 2887
f 2926 2755 2749 2920
f 2928 2757 2755 2926
f 2757 2716 2749 2755
f 2887 2928 2926 2920
f 2930 2759 2758 2929
f 2919 2748 2759 2930
f 2931 2760 2748 2919
f 2929 2758 2760 2931
f 2758 2759 2748 2760
f 2930 2929 2931 2919
f 2887 2716 2715 2886
f 2930 2759 2716 2887
f 2932 2761 2759 2930
f 2886 2715 2761 2932
f 2715 2716 2759 2761
f 2887 2886 2932 2930
f 2933 2928 2757 2762
f 2934 2933 2762 2763
f 2935 2934 2763 2764
f 2928 2935 2764 2757
f 2763 2762 2757 2764
f 2935 2928 2933 2934
f 2937 2766 2765 2936
f 2921 2750 2766 2937
f 2926 2755 2750 2921
f 2936 2765 2755 2926
f 2765 2766 2750 2755
f 2937 2936 2926 2921
f 2933 2762 2757 2928
f 2938 2767 2762 2933
f 2939 2768 2767 2938
f 2928 2757 2768 2939
f 2757 2762 2767 2768
f 2933 2928 2939 2938
f 2940 2769 2765 2936
f 2941 2770 2769 2940
f 2942 2771 2770 2941
f 2936 2765 2771 2942
f 2765 2769 2770 2771
f 2940 2936 2942 2941
f 2944 2773 2772 2943
f 2945 2774 2773 2944
f 2946 2775 2774 2945
f 2943 2772 2775 2946
f 2772 2773 2774 2775
f 2944 2943 2946 2945
f 2948 2777 2776 2947
f 2949 2778 2777 2948
f 2950 2779 2778 2949
f 2947 2776 2779 2950
f 2776 2777 2778 2779
f 2948 2947 2950 2949
f 2952 2781 2780 2951
f 2953 2782 2781 2952
f 2954 2783 2782 2953
f 2951 2780 2783 2954
f 2780 2781 2782 2783
f 2952 2951 2954 2953
f 2956 2955 2784 2785
f 2957 2956 2785 2786
f 2958 2957 2786 2787
f 2955 2958 2787 2784
f 2786 2785 2784 2787
f 2958 2955 2956 2957
f 2960 2959 2788 2789
f 2961 2960 2789 2790
f 2962 2961 2790 2791
f 2959 2962 2791 2788
f 2790 2789 2788 2791
f 2962 2959 2960 2961
f 2963 2955 2784 2792
f 2962 2963 2792 2791
f 2964 2962 2791 2793
f 2955 2964 2793 2784
f 2791 2792 2784 2793
f 2964 2955 2963 2962
f 2888 2965 2794 2717
f 2960 2888 2717 2789
f 2966 2960 2789 2795
f 2965 2966 2795 2794
f 2789 2717 2794 2795
f 2966 2965 2888 2960
f 2968 2797 2796 2967
f 2961 2790 2797 2968
f 2962 2791 2790 2961
f 2967 2796 2791 2962
f 2796 2797 2790 2791
f 2968 2967 2962 2961
f 2969 2798 2780 2951
f 2962 2791 2798 2969
f 2964 2793 2791 2962
f 2951 2780 2793 2964
f 2780 2798 2791 2793
f 2969 2951 2964 2962
f 2945 2774 2799 2970
f 2968 2797 2774 2945
f 2971 2800 2797 2968
f 2970 2799 2800 2971
f 2799 2774 2797 2800
f 2945 2970 2971 2968
f 2961 2790 2793 2964
f 2887 2716 2790 2961
f 2928 2757 2716 2887
f 2964 2793 2757 2928
f 2793 2790 2716 2757
f 2961 2964 2928 2887
f 2944 2773 2776 2947
f 2961 2790 2773 2944
f 2964 2793 2790 2961
f 2947 2776 2793 2964
f 2776 2773 2790 2793
f 2944 2947 2964 2961
f 2973 2802 2801 2972
f 2974 2803 2802 2973
f 2975 2804 2803 2974
f 2972 2801 2804 2975
f 2803 2804 2801 2802
f 2975 2974 2973 2972
f 2977 2976 2805 2806
f 2978 2977 2806 2807
f 2979 2978 2807 2808
f 2976 2979 2808 2805
f 2805 2808 2807 2806
f 2977 2978 2979 2976
f 2978 2980 2809 2807
f 2974 2978 2807 2803
f 2981 2974 2803 2810
f 2980 2981 2810 2809
f 2809 2810 2803 2807
f 2978 2974 2981 2980
f 2983 2982 2811 2812
f 2984 2983 2812 2813
f 2985 2984 2813 2814
f 2982 2985 2814 2811
f 2811 2814 2813 2812
f 2983 2984 2985 2982
f 2982 2811 2806 2977
f 2986 2815 2811 2982
f 2973 2802 2815 2986
f 2977 2806 2802 2973
f 2806 2811 2815 2802
f 2982 2977 2973 2986
f 2988 2987 2816 2817
f 2989 2988 2817 2818
f 2990 2989 2818 2819
f 2987 2990 2819 2816
f 2816 2819 2818 2817
f 2988 2989 2990 2987
f 2991 2987 2816 2820
f 2972 2991 2820 2801
f 2986 2972 2801 2815
f 2987 2986 2815 2816
f 2816 2815 2801 2820
f 2991 2972 2986 2987
f 2983 2812 2811 2982
f 2992 2821 2812 2983
f 2993 2822 2821 2992
f 2982 2811 2822 2993
f 2821 2822 2811 2812
f 2993 2992 2983 2982
f 2995 2824 2823 2994
f 2996 2825 2824 2995
f 2997 2826 2825 2996
f 2994 2823 2826 2997
f 2825 2826 2823 2824
f 2997 2996 2995 2994
f 2998 2827 2823 2994
f 2999 2828 2827 2998
f 3000 2829 2828 2999
f 2994 2823 2829 3000
f 2828 2829 2823 2827
f 3000 2999 2998 2994
f 3002 2831 2830 3001
f 3003 2832 2831 3002
f 2999 2828 2832 3003
f 3001 2830 2828 2999
f 2832 2828 2830 2831
f 2999 3003 3002 3001
f 3000 2829 2832 3003
f 2982 2811 2829 3000
f 2977 2806 2811 2982
f 3003 2832 2806 2977
f 2832 2829 2811 2806
f 3000 3003 2977 2982
f 3005 2834 2833 3004
f 3002 2831 2834 3005
f 3006 2835 2831 3002
f 3004 2833 2835 3006
f 2831 2835 2833 2834
f 3006 3002 3005 3004
f 2977 2806 2805 2976
f 3005 2834 2806 2977
f 3007 2836 2834 3005
f 2976 2805 2836 3007
f 2834 2836 2805 2806
f 3007 3005 2977 2976
f 3009 3008 2837 2838
f 3010 3009 2838 2839
f 3011 3010 2839 2840
f 3008 3011 2840 2837
f 2837 2840 2839 2838
f 3009 3010 3011 3008
f 3013 3012 2841 2842
f 2999 3013 2842 2828
f 3000 2999 2828 2829
f 3012 3000 2829 2841
f 2841 2829 2828 2842
f 3013 2999 3000 3012
f 3014 3012 2841 2843
f 3015 3014 2843 2844
f 3016 3015 2844 2845
f 3012 3016 2845 2841
f 2841 2845 2844 2843
f 3014 3015 3016 3012
f 3010 3017 2846 2839
f 3018 3010 2839 2847
f 3019 3018 2847 2848
f 3017 3019 2848 2846
f 2846 2848 2847 2839
f 3010 3018 3019 3017
f 3018 3020 2849 2847
f 3003 3018 2847 2832
f 2999 3003 2832 2828
f 3020 2999 2828 2849
f 2849 2828 2832 2847
f 3018 3003 2999 3020
f 3009 2838 2837 3008
f 3021 2850 2838 3009
f 3022 2851 2850 3021
f 3008 2837 2851 3022
f 2850 2851 2837 2838
f 3022 3021 3009 3008
f 3024 3023 2852 2853
f 3025 3024 2853 2854
f 3026 3025 2854 2855
f 3023 3026 2855 2852
f 2852 2855 2854 2853
f 3024 3025 3026 3023
f 3023 2852 2838 3009
f 3000 2829 2852 3023
f 3003 2832 2829 3000
f 3009 2838 2832 3003
f 2838 2852 2829 2832
f 3023 3009 3003 3000
f 3024 2853 2852 3023
f 3027 2856 2853 3024
f 3028 2857 2856 3027
f 3023 2852 2857 3028
f 2856 2857 2852 2853
f 3028 3027 3024 3023
f 3030 2859 2858 3029
f 3031 2860 2859 3030
f 3032 2861 2860 3031
f 3029 2858 2861 3032
f 2860 2861 2858 2859
f 3032 3031 3030 3029
f 3034 2863 2862 3033
f 3035 2864 2863 3034
f 3036 2865 2864 3035
f 3033 2862 2865 3036
f 2864 2865 2862 2863
f 3036 3035 3034 3033
f 3037 2866 2858 3029
f 3036 2865 2866 3037
f 3038 2867 2865 3036
f 3029 2858 2867 3038
f 2865 2867 2858 2866
f 3038 3036 3037 3029
f 3021 2850 2868 3039
f 3034 2863 2850 3021
f 3040 2869 2863 3034
f 3039 2868 2869 3040
f 2863 2869 2868 2850
f 3040 3034 3021 3039
f 3038 2867 2864 3035
f 3023 2852 2867 3038
f 3009 2838 2852 3023
f 3035 2864 2838 3009
f 2864 2867 2852 2838
f 3038 3035 3009 3023
f 3042 3041 2870 2871
f 3043 3042 2871 2872
f 3044 3043 2872 2873
f 3041 3044 2873 2870
f 2870 2873 2872 2871
f 3042 3043 3044 3041
f 3043 3045 2874 2872
f 3046 3043 2872 2875
f 3047 3046 2875 2876
f 3045 3047 2876 2874
f 2874 2876 2875 2872
f 3043 3046 3047 3045
f 3048 2877 2871 3042
f 3038 2867 2877 3048
f 3035 2864 2867 3038
f 3042 2871 2864 3035
f 2871 2877 2867 2864
f 3048 3042 3035 3038
f 3050 3049 2878 2879
f 3051 3050 2879 2880
f 3052 3051 2880 2881
f 3049 3052 2881 2878
f 2878 2881 2880 2879
f 3050 3051 3052 3049
f 3053 3048 2877 2882
f 3054 3053 2882 2883
f 3055 3054 2883 2884
f 3048 3055 2884 2877
f 2877 2884 2883 2882
f 3053 3054 3055 3048
f 3056 3049 2878 2885
f 3036 3056 2885 2865
f 3038 3036 2865 2867
f 3049 3038 2867 2878
f 2878 2867 2865 2885
f 3056 3036 3038 3049
f 3058 3057 2886 2887
f 3059 3058 2887 2888
f 3060 3059 2888 2889
f 3057 3060 2889 2886
f 2888 2887 2886 2889
f 3060 3057 3058 3059
f 3062 3061 2890 2891
f 3063 3062 2891 2892
f 3064 3063 2892 2893
f 3061 3064 2893 2890
f 2892 2891 2890 2893
f 3064 3061 3062 3063
f 3066 3065 2894 2895
f 3067 3066 2895 2896
f 3068 3067 2896 2897
f 3065 3068 2897 2894
f 2896 2895 2894 2897
f 3068 3065 3066 3067
f 3070 3069 2898 2899
f 3071 3070 2899 2900
f 3072 3071 2900 2901
f 3069 3072 2901 2898
f 2900 2899 2898 2901
f 3072 3069 3070 3071
f 3074 3073 2902 2903
f 3075 3074 2903 2904
f 3076 3075 2904 2905
f 3073 3076 2905 2902
f 2904 2903 2902 2905
f 3076 3073 3074 3075
f 3070 2899 2898 3069
f 3077 2906 2899 3070
f 3078 2907 2906 3077
f 3069 2898 2907 3078
f 2898 2899 2906 2907
f 3070 3069 3078 3077
f 3077 2906 2908 3079
f 3075 2904 2906 3077
f 3080 2909 2904 3075
f 3079 2908 2909 3080
f 2908 2906 2904 2909
f 3077 3079 3080 3075
f 3070 2899 2890 3061
f 3074 2903 2899 3070
f 3081 2910 2903 3074
f 3061 2890 2910 3081
f 2890 2899 2903 2910
f 3070 3061 3081 3074
f 3062 2891 2890 3061
f 3082 2911 2891 3062
f 3083 2912 2911 3082
f 3061 2890 2912 3083
f 2890 2891 2911 2912
f 3062 3061 3083 3082
f 3085 2914 2913 3084
f 3086 2915 2914 3085
f 3087 2916 2915 3086
f 3084 2913 2916 3087
f 2913 2914 2915 2916
f 3085 3084 3087 3086
f 3088 2917 2913 3084
f 3073 2902 2917 3088
f 3081 2910 2902 3073
f 3084 2913 2910 3081
f 2913 2917 2902 2910
f 3088 3084 3081 3073
f 3090 2919 2918 3089
f 3091 2920 2919 3090
f 3092 2921 2920 3091
f 3089 2918 2921 3092
f 2918 2919 2920 2921
f 3090 3089 3092 3091
f 3071 3093 2922 2900
f 3094 3071 2900 2923
f 3095 3094 2923 2924
f 3093 3095 2924 2922
f 2923 2900 2922 2924
f 3095 3093 3071 3094
f 3096 3065 2894 2925
f 3092 3096 2925 2921
f 3097 3092 2921 2926
f 3065 3097 2926 2894
f 2921 2925 2894 2926
f 3097 3065 3096 3092
f 3094 3098 2927 2923
f 3091 3094 2923 2920
f 3092 3091 2920 2921
f 3098 3092 2921 2927
f 2920 2923 2927 2921
f 3092 3098 3094 3091
f 3091 2920 2926 3097
f 3070 2899 2920 3091
f 3061 2890 2899 3070
f 3097 2926 2890 3061
f 2926 2920 2899 2890
f 3091 3097 3061 3070
f 3058 2887 2928 3099
f 3091 2920 2887 3058
f 3097 2926 2920 3091
f 3099 2928 2926 3097
f 2928 2887 2920 2926
f 3058 3099 3097 3091
f 3101 2930 2929 3100
f 3090 2919 2930 3101
f 3102 2931 2919 3090
f 3100 2929 2931 3102
f 2929 2930 2919 2931
f 3101 3100 3102 3090
f 3058 2887 2886 3057
f 3101 2930 2887 3058
f 3103 2932 2930 3101
f 3057 2886 2932 3103
f 2886 2887 2930 2932
f 3058 3057 3103 3101
f 3104 3099 2928 2933
f 3105 3104 2933 2934
f 3106 3105 2934 2935
f 3099 3106 2935 2928
f 2934 2933 2928 2935
f 3106 3099 3104 3105
f 3108 2937 2936 3107
f 3092 2921 2937 3108
f 3097 2926 2921 3092
f 3107 2936 2926 3097
f 2936 2937 2921 2926
f 3108 3107 3097 3092
f 3104 2933 2928 3099
f 3109 2938 2933 3104
f 3110 2939 2938 3109
f 3099 2928 2939 3110
f 2928 2933 2938 2939
f 3104 3099 3110 3109
f 3111 2940 2936 3107
f 3112 2941 2940 3111
f 3113 2942 2941 3112
f 3107 2936 2942 3113
f 2936 2940 2941 2942
f 3111 3107 3113 3112
f 3115 2944 2943 3114
f 3116 2945 2944 3115
f 3117 2946 2945 3116
f 3114 2943 2946 3117
f 2943 2944 2945 2946
f 3115 3114 3117 3116
f 3119 2948 2947 3118
f 3120 2949 2948 3119
f 3121 2950 2949 3120
f 3118 2947 2950 3121
f 2947 2948 2949 2950
f 3119 3118 3121 3120
f 3123 2952 2951 3122
f 3124 2953 2952 3123
f 3125 2954 2953 3124
f 3122 2951 2954 3125
f 2951 2952 2953 2954
f 3123 3122 3125 3124
f 3127 3126 2955 2956
f 3128 3127 2956 2957
f 3129 3128 2957 2958
f 3126 3129 2958 2955
f 2957 2956 2955 2958
f 3129 3126 3127 3128
f 3131 3130 2959 2960
f 3132 3131 2960 2961
f 3133 3132 2961 2962
f 3130 3133 2962 2959
f 2961 2960 2959 2962
f 3133 3130 3131 3132
f 3134 3126 2955 2963
f 3133 3134 2963 2962
f 3135 3133 2962 2964
f 3126 3135 2964 2955
f 2962 2963 2955 2964
f 3135 3126 3134 3133
f 3059 3136 2965 2888
f 3131 3059 2888 2960
f 3137 3131 2960 2966
f 3136 3137 2966 2965
f 2960 2888 2965 2966
f 3137 3136 3059 3131
f 3139 2968 2967 3138
f 3132 2961 2968 3139
f 3133 2962 2961 3132
f 3138 2967 2962 3133
f 2967 2968 2961 2962
f 3139 3138 3133 3132
f 3140 2969 2951 3122
f 3133 2962 2969 3140
f 3135 2964 2962 3133
f 3122 2951 2964 3135
f 2951 2969 2962 2964
f 3140 3122 3135 3133
f 3116 2945 2970 3141
f 3139 2968 2945 3116
f 3142 2971 2968 3139
f 3141 2970 2971 3142
f 2970 2945 2968 2971
f 3116 3141 3142 3139
f 3132 2961 2964 3135
f 3058 2887 2961 3132
f 3099 2928 2887 3058
f 3135 2964 2928 3099
f 2964 2961 2887 2928
f 3132 3135 3099 3058
f 3115 2944 2947 3118
f 3132 2961 2944 3115
f 3135 2964 2961 3132
f 3118 2947 2964 3135
f 2947 2944 2961 2964
f 3115 3118 3135 3132
f 3144 2973 2972 3143
f 3145 2974 2973 3144
f 3146 2975 2974 3145
f 3143 2972 2975 3146
f 2974 2975 2972 2973
f 3146 3145 3144 3143
f 3148 3147 2976 2977
f 3149 3148 2977 2978
f 3150 3149 2978 2979
f 3147 3150 2979 2976
f 2976 2979 2978 2977
f 3148 3149 3150 3147
f 3149 3151 2980 2978
f 3145 3149 2978 2974
f 3152 3145 2974 2981
f 3151 3152 2981 2980
f 2980 2981 2974 2978
f 3149 3145 3152 3151
f 3154 3153 2982 2983
f 3155 3154 2983 2984
f 3156 3155 2984 2985
f 3153 3156 2985 2982
f 2982 2985 2984 2983
f 3154 3155 3156 3153
f 3153 2982 2977 3148
f 3157 2986 2982 3153
f 3144 2973 2986 3157
f 3148 2977 2973 3144
f 2977 2982 2986 2973
f 3153 3148 3144 3157
f 3159 3158 2987 2988
f 3160 3159 2988 2989
f 3161 3160 2989 2990
f 3158 3161 2990 2987
f 2987 2990 2989 2988
f 3159 3160 3161 3158
f 3162 3158 2987 2991
f 3143 3162 2991 2972
f 3157 3143 2972 2986
f 3158 3157 2986 2987
f 2987 2986 2972 2991
f 3162 3143 3157 3158
f 3154 2983 2982 3153
f 3163 2992 2983 3154
f 3164 2993 2992 3163
f 3153 2982 2993 3164
f 2992 2993 2982 2983
f 3164 3163 3154 3153
f 3166 2995 2994 3165
f 3167 2996 2995 3166
f 3168 2997 2996 3167
f 3165 2994 2997 3168
f 2996 2997 2994 2995
f 3168 3167 3166 3165
f 3169 2998 2994 3165
f 3170 2999 2998 3169
f 3171 3000 2999 3170
f 3165 2994 3000 3171
f 2999 3000 2994 2998
f 3171 3170 3169 3165
f 3173 3002 3001 3172
f 3174 3003 3002 3173
f 3170 2999 3003 3174
f 3172 3001 2999 3170
f 3003 2999 3001 3002
f 3170 3174 3173 3172
f 3171 3000 3003 3174
f 3153 2982 3000 3171
f 3148 2977 2982 3153
f 3174 3003 2977 3148
f 3003 3000 2982 2977
f 3171 3174 3148 3153
f 3176 3005 3004 3175
f 3173 3002 3005 3176
f 3177 3006 3002 3173
f 3175 3004 3006 3177
f 3002 3006 3004 3005
f 3177 3173 3176 3175
f 3148 2977 2976 3147
f 3176 3005 2977 3148
f 3178 3007 3005 3176
f 3147 2976 3007 3178
f 3005 3007 2976 2977
f 3178 3176 3148 3147
f 3180 3179 3008 3009
f 3181 3180 3009 3010
f 3182 3181 3010 3011
f 3179 3182 3011 3008
f 3008 3011 3010 3009
f 3180 3181 3182 3179
f 3184 3183 3012 3013
f 3170 3184 3013 2999
f 3171 3170 2999 3000
f 3183 3171 3000 3012
f 3012 3000 2999 3013
f 3184 3170 3171 3183
f 3185 3183 3012 3014
f 3186 3185 3014 3015
f 3187 3186 3015 3016
f 3183 3187 3016 3012
f 3012 3016 3015 3014
f 3185 3186 3187 3183
f 3181 3188 3017 3010
f 3189 3181 3010 3018
f 3190 3189 3018 3019
f 3188 3190 3019 3017
f 3017 3019 3018 3010
f 3181 3189 3190 3188
f 3189 3191 3020 3018
f 3174 3189 3018 3003
f 3170 3174 3003 2999
f 3191 3170 2999 3020
f 3020 2999 3003 3018
f 3189 3174 3170 3191
f 3180 3009 3008 3179
f 3192 3021 3009 3180
f 3193 3022 3021 3192
f 3179 3008 3022 3193
f 3021 3022 3008 3009
f 3193 3192 3180 3179
f 3195 3194 3023 3024
f 3196 3195 3024 3025
f 3197 3196 3025 3026
f 3194 3197 3026 3023
f 3023 3026 3025 3024
f 3195 3196 3197 3194
f 3194 3023 3009 3180
f 3171 3000 3023 3194
f 3174 3003 3000 3171
f 3180 3009 3003 3174
f 3009 3023 3000 3003
f 3194 3180 3174 3171
f 3195 3024 3023 3194
f 3198 3027 3024 3195
f 3199 3028 3027 3198
f 3194 3023 3028 3199
f 3027 3028 3023 3024
f 3199 3198 3195 3194
f 3201 3030 3029 3200
f 3202 3031 3030 3201
f 3203 3032 3031 3202
f 3200 3029 3032 3203
f 3031 3032 3029 3030
f 3203 3202 3201 3200
f 3205 3034 3033 3204
f 3206 3035 3034 3205
f 3207 3036 3035 3206
f 3204 3033 3036 3207
f 3035 3036 3033 3034
f 3207 3206 3205 3204
f 3208 3037 3029 3200
f 3207 3036 3037 3208
f 3209 3038 3036 3207
f 3200 3029 3038 3209
f 3036 3038 3029 3037
f 3209 3207 3208 3200
f 3192 3021 3039 3210
f 3205 3034 3021 3192
f 3211 3040 3034 3205
f 3210 3039 3040 3211
f 3034 3040 3039 3021
f 3211 3205 3192 3210
f 3209 3038 3035 3206
f 3194 3023 3038 3209
f 3180 3009 3023 3194
f 3206 3035 3009 3180
f 3035 3038 3023 3009
f 3209 3206 3180 3194
f 3213 3212 3041 3042
f 3214 3213 3042 3043
f 3215 3214 3043 3044
f 3212 3215 3044 3041
f 3041 3044 3043 3042
f 3213 3214 3215 3212
f 3214 3216 3045 3043
f 3217 3214 3043 3046
f 3218 3217 3046 3047
f 3216 3218 3047 3045
f 3045 3047 3046 3043
f 3214 3217 3218 3216
f 3219 3048 3042 3213
f 3209 3038 3048 3219
f 3206 3035 3038 3209
f 3213 3042 3035 3206
f 3042 3048 3038 3035
f 3219 3213 3206 3209
f 3221 3220 3049 3050
f 3222 3221 3050 3051
f 3223 3222 3051 3052
f 3220 3223 3052 3049
f 3049 3052 3051 3050
f 3221 3222 3223 3220
f 3224 3219 3048 3053
f 3225 3224 3053 3054
f 3226 3225 3054 3055
f 3219 3226 3055 3048
f 3048 3055 3054 3053
f 3224 3225 3226 3219
f 3227 3220 3049 3056
f 3207 3227 3056 3036
f 3209 3207 3036 3038
f 3220 3209 3038 3049
f 3049 3038 3036 3056
f 3227 3207 3209 3220
f 3229 3228 3057 3058
f 3230 3229 3058 3059
f 3231 3230 3059 3060
f 3228 3231 3060 3057
f 3059 3058 3057 3060
f 3231 3228 3229 3230
f 3233 3232 3061 3062
f 3234 3233 3062 3063
f 3235 3234 3063 3064
f 3232 3235 3064 3061
f 3063 3062 3061 3064
f 3235 3232 3233 3234
f 3237 3236 3065 3066
f 3238 3237 3066 3067
f 3239 3238 3067 3068
f 3236 3239 3068 3065
f 3067 3066 3065 3068
f 3239 3236 3237 3238
f 3241 3240 3069 3070
f 3242 3241 3070 3071
f 3243 3242 3071 3072
f 3240 3243 3072 3069
f 3071 3070 3069 3072
f 3243 3240 3241 3242
f 3245 3244 3073 3074
f 3246 3245 3074 3075
f 3247 3246 3075 3076
f 3244 3247 3076 3073
f 3075 3074 3073 3076
f 3247 3244 3245 3246
f 3241 3070 3069 3240
f 3248 3077 3070 3241
f 3249 3078 3077 3248
f 3240 3069 3078 3249
f 3069 3070 3077 3078
f 3241 3240 3249 3248
f 3248 3077 3079 3250
f 3246 3075 3077 3248
f 3251 3080 3075 3246
f 3250 3079 3080 3251
f 3079 3077 3075 3080
f 3248 3250 3251 3246
f 3241 3070 3061 3232
f 3245 3074 3070 3241
f 3252 3081 3074 3245
f 3232 3061 3081 3252
f 3061 3070 3074 3081
f 3241 3232 3252 3245
f 3233 3062 3061 3232
f 3253 3082 3062 3233
f 3254 3083 3082 3253
f 3232 3061 3083 3254
f 3061 3062 3082 3083
f 3233 3232 3254 3253
f 3256 3085 3084 3255
f 3257 3086 3085 3256
f 3258 3087 3086 3257
f 3255 3084 3087 3258
f 3084 3085 3086 3087
f 3256 3255 3258 3257
f 3259 3088 3084 3255
f 3244 3073 3088 3259
f 3252 3081 3073 3244
f 3255 3084 3081 3252
f 3084 3088 3073 3081
f 3259 3255 3252 3244
f 3261 3090 3089 3260
f 3262 3091 3090 3261
f 3263 3092 3091 3262
f 3260 3089 3092 3263
f 3089 3090 3091 3092
f 3261 3260 3263 3262
f 3242 3264 3093 3071
f 3265 3242 3071 3094
f 3266 3265 3094 3095
f 3264 3266 3095 3093
f 3094 3071 3093 3095
f 3266 3264 3242 3265
f 3267 3236 3065 3096
f 3263 3267 3096 3092
f 3268 3263 3092 3097
f 3236 3268 3097 3065
f 3092 3096 3065 3097
f 3268 3236 3267 3263
f 3265 3269 3098 3094
f 3262 3265 3094 3091
f 3263 3262 3091 3092
f 3269 3263 3092 3098
f 3091 3094 3098 3092
f 3263 3269 3265 3262
f 3262 3091 3097 3268
f 3241 3070 3091 3262
f 3232 3061 3070 3241
f 3268 3097 3061 3232
f 3097 3091 3070 3061
f 3262 3268 3232 3241
f 3229 3058 3099 3270
f 3262 3091 3058 3229
f 3268 3097 3091 3262
f 3270 3099 3097 3268
f 3099 3058 3091 3097
f 3229 3270 3268 3262
f 3272 3101 3100 3271
f 3261 3090 3101 3272
f 3273 3102 3090 3261
f 3271 3100 3102 3273
f 3100 3101 3090 3102
f 3272 3271 3273 3261
f 3229 3058 3057 3228
f 3272 3101 3058 3229
f 3274 3103 3101 3272
f 3228 3057 3103 3274
f 3057 3058 3101 3103
f 3229 3228 3274 3272
f 3275 3270 3099 3104
f 3276 3275 3104 3105
f 3277 3276 3105 3106
f 3270 3277 3106 3099
f 3105 3104 3099 3106
f 3277 3270 3275 3276
f 3279 3108 3107 3278
f 3263 3092 3108 3279
f 3268 3097 3092 3263
f 3278 3107 3097 3268
f 3107 3108 3092 3097
f 3279 3278 3268 3263
f 3275 3104 3099 3270
f 3280 3109 3104 3275
f 3281 3110 3109 3280
f 3270 3099 3110 3281
f 3099 3104 3109 3110
f 3275 3270 3281 3280
f 3282 3111 3107 3278
f 3283 3112 3111 3282
f 3284 3113 3112 3283
f 3278 3107 3113 3284
f 3107 3111 3112 3113
f 3282 3278 3284 3283
f 3286 3115 3114 3285
f 3287 3116 3115 3286
f 3288 3117 3116 3287
f 3285 3114 3117 3288
f 3114 3115 3116 3117
f 3286 3285 3288 3287
f 3290 3119 3118 3289
f 3291 3120 3119 3290
f 3292 3121 3120 3291
f 3289 3118 3121 3292
f 3118 3119 3120 3121
f 3290 3289 3292 3291
f 3294 3123 3122 3293
f 3295 3124 3123 3294
f 3296 3125 3124 3295
f 3293 3122 3125 3296
f 3122 3123 3124 3125
f 3294 3293 3296 3295
f 3298 3297 3126 3127
f 3299 3298 3127 3128
f 3300 3299 3128 3129
f 3297 3300 3129 3126
f 3128 3127 3126 3129
f 3300 3297 3298 3299
f 3302 3301 3130 3131
f 3303 3302 3131 3132
f 3304 3303 3132 3133
f 3301 3304 3133 3130
f 3132 3131 3130 3133
f 3304 3301 3302 3303
f 3305 3297 3126 3134
f 3304 3305 3134 3133
f 3306 3304 3133 3135
f 3297 3306 3135 3126
f 3133 3134 3126 3135
f 3306 3297 3305 3304
f 3230 3307 3136 3059
f 3302 3230 3059 3131
f 3308 3302 3131 3137
f 3307 3308 3137 3136
f 3131 3059 3136 3137
f 3308 3307 3230 3302
f 3310 3139 3138 3309
f 3303 3132 3139 3310
f 3304 3133 3132 3303
f 3309 3138 3133 3304
f 3138 3139 3132 3133
f 3310 3309 3304 3303
f 3311 3140 3122 3293
f 3304 3133 3140 3311
f 3306 3135 3133 3304
f 3293 3122 3135 3306
f 3122 3140 3133 3135
f 3311 3293 3306 3304
f 3287 3116 3141 3312
f 3310 3139 3116 3287
f 3313 3142 3139 3310
f 3312 3141 3142 3313
f 3141 3116 3139 3142
f 3287 3312 3313 3310
f 3303 3132 3135 3306
f 3229 3058 3132 3303
f 3270 3099 3058 3229
f 3306 3135 3099 3270
f 3135 3132 3058 3099
f 3303 3306 3270 3229
f 3286 3115 3118 3289
f 3303 3132 3115 3286
f 3306 3135 3132 3303
f 3289 3118 3135 3306
f 3118 3115 3132 3135
f 3286 3289 3306 3303
f 3315 3144 3143 3314
f 3316 3145 3144 3315
f 3317 3146 3145 3316
f 3314 3143 3146 3317
f 3145 3146 3143 3144
f 3317 3316 3315 3314
f 3319 3318 3147 3148
f 3320 3319 3148 3149
f 3321 3320 3149 3150
f 3318 3321 3150 3147
f 3147 3150 3149 3148
f 3319 3320 3321 3318
f 3320 3322 3151 3149
f 3316 3320 3149 3145
f 3323 3316 3145 3152
f 3322 3323 3152 3151
f 3151 3152 3145 3149
f 3320 3316 3323 3322
f 3325 3324 3153 3154
f 3326 3325 3154 3155
f 3327 3326 3155 3156
f 3324 3327 3156 3153
f 3153 3156 3155 3154
f 3325 3326 3327 3324
f 3324 3153 3148 3319
f 3328 3157 3153 3324
f 3315 3144 3157 3328
f 3319 3148 3144 3315
f 3148 3153 3157 3144
f 3324 3319 3315 3328
f 3330 3329 3158 3159
f 3331 3330 3159 3160
f 3332 3331 3160 3161
f 3329 3332 3161 3158
f 3158 3161 3160 3159
f 3330 3331 3332 3329
f 3333 3329 3158 3162
f 3314 3333 3162 3143
f 3328 3314 3143 3157
f 3329 3328 3157 3158
f 3158 3157 3143 3162
f 3333 3314 3328 3329
f 3325 3154 3153 3324
f 3334 3163 3154 3325
f 3335 3164 3163 3334
f 3324 3153 3164 3335
f 3163 3164 3153 3154
f 3335 3334 3325 3324
f 3337 3166 3165 3336
f 3338 3167 3166 3337
f 3339 3168 3167 3338
f 3336 3165 3168 3339
f 3167 3168 3165 3166
f 3339 3338 3337 3336
f 3340 3169 3165 3336
f 3341 3170 3169 3340
f 3342 3171 3170 3341
f 3336 3165 3171 3342
f 3170 3171 3165 3169
f 3342 3341 3340 3336
f 3344 3173 3172 3343
f 3345 3174 3173 3344
f 3341 3170 3174 3345
f 3343 3172 3170 3341
f 3174 3170 3172 3173
f 3341 3345 3344 3343
f 3342 3171 3174 3345
f 3324 3153 3171 3342
f 3319 3148 3153 3324
f 3345 3174 3148 3319
f 3174 3171 3153 3148
f 3342 3345 3319 3324
f 3347 3176 3175 3346
f 3344 3173 3176 3347
f 3348 3177 3173 3344
f 3346 3175 3177 3348
f 3173 3177 3175 3176
f 3348 3344 3347 3346
f 3319 3148 3147 3318
f 3347 3176 3148 3319
f 3349 3178 3176 3347
f 3318 3147 3178 3349
f 3176 3178 3147 3148
f 3349 3347 3319 3318
f 3351 3350 3179 3180
f 3352 3351 3180 3181
f 3353 3352 3181 3182
f 3350 3353 3182 3179
f 3179 3182 3181 3180
f 3351 3352 3353 3350
f 3355 3354 3183 3184
f 3341 3355 3184 3170
f 3342 3341 3170 3171
f 3354 3342 3171 3183
f 3183 3171 3170 3184
f 3355 3341 3342 3354
f 3356 3354 3183 3185
f 3357 3356 3185 3186
f 3358 3357 3186 3187
f 3354 3358 3187 3183
f 3183 3187 3186 3185
f 3356 3357 3358 3354
f 3352 3359 3188 3181
f 3360 3352 3181 3189
f 3361 3360 3189 3190
f 3359 3361 3190 3188
f 3188 3190 3189 3181
f 3352 3360 3361 3359
f 3360 3362 3191 3189
f 3345 3360 3189 3174
f 3341 3345 3174 3170
f 3362 3341 3170 3191
f 3191 3170 3174 3189
f 3360 3345 3341 3362
f 3351 3180 3179 3350
f 3363 3192 3180 3351
f 3364 3193 3192 3363
f 3350 3179 3193 3364
f 3192 3193 3179 3180
f 3364 3363 3351 3350
f 3366 3365 3194 3195
f 3367 3366 3195 3196
f 3368 3367 3196 3197
f 3365 3368 3197 3194
f 3194 3197 3196 3195
f 3366 3367 3368 3365
f 3365 3194 3180 3351
f 3342 3171 3194 3365
f 3345 3174 3171 3342
f 3351 3180 3174 3345
f 3180 3194 3171 3174
f 3365 3351 3345 3342
f 3366 3195 3194 3365
f 3369 3198 3195 3366
f 3370 3199 3198 3369
f 3365 3194 3199 3370
f 3198 3199 3194 3195
f 3370 3369 3366 3365
f 3372 3201 3200 3371
f 3373 3202 3201 3372
f 3374 3203 3202 3373
f 3371 3200 3203 3374
f 3202 3203 3200 3201
f 3374 3373 3372 3371
f 3376 3205 3204 3375
f 3377 3206 3205 3376
f 3378 3207 3206 3377
f 3375 3204 3207 3378
f 3206 3207 3204 3205
f 3378 3377 3376 3375
f 3379 3208 3200 3371
f 3378 3207 3208 3379
f 3380 3209 3207 3378
f 3371 3200 3209 3380
f 3207 3209 3200 3208
f 3380 3378 3379 3371
f 3363 3192 3210 3381
f 3376 3205 3192 3363
f 3382 3211 3205 3376
f 3381 3210 3211 3382
f 3205 3211 3210 3192
f 3382 3376 3363 3381
f 3380 3209 3206 3377
f 3365 3194 3209 3380
f 3351 3180 3194 3365
f 3377 3206 3180 3351
f 3206 3209 3194 3180
f 3380 3377 3351 3365
f 3384 3383 3212 3213
f 3385 3384 3213 3214
f 3386 3385 3214 3215
f 3383 3386 3215 3212
f 3212 3215 3214 3213
f 3384 3385 3386 3383
f 3385 3387 3216 3214
f 3388 3385 3214 3217
f 3389 3388 3217 3218
f 3387 3389 3218 3216
f 3216 3218 3217 3214
f 3385 3388 3389 3387
f 3390 3219 3213 3384
f 3380 3209 3219 3390
f 3377 3206 3209 3380
f 3384 3213 3206 3377
f 3213 3219 3209 3206
f 3390 3384 3377 3380
f 3392 3391 3220 3221
f 3393 3392 3221 3222
f 3394 3393 3222 3223
f 3391 3394 3223 3220
f 3220 3223 3222 3221
f 3392 3393 3394 3391
f 3395 3390 3219 3224
f 3396 3395 3224 3225
f 3397 3396 3225 3226
f 3390 3397 3226 3219
f 3219 3226 3225 3224
f 3395 3396 3397 3390
f 3398 3391 3220 3227
f 3378 3398 3227 3207
f 3380 3378 3207 3209
f 3391 3380 3209 3220
f 3220 3209 3207 3227
f 3398 3378 3380 3391
f 3400 3399 3228 3229
f 3401 3400 3229 3230
f 3402 3401 3230 3231
f 3399 3402 3231 3228
f 3230 3229 3228 3231
f 3402 3399 3400 3401
f 3404 3403 3232 3233
f 3405 3404 3233 3234
f 3406 3405 3234 3235
f 3403 3406 3235 3232
f 3234 3233 3232 3235
f 3406 3403 3404 3405
f 3408 3407 3236 3237
f 3409 3408 3237 3238
f 3410 3409 3238 3239
f 3407 3410 3239 3236
f 3238 3237 3236 3239
f 3410 3407 3408 3409
f 3412 3411 3240 3241
f 3413 3412 3241 3242
f 3414 3413 3242 3243
f 3411 3414 3243 3240
f 3242 3241 3240 3243
f 3414 3411 3412 3413
f 3416 3415 3244 3245
f 3417 3416 3245 3246
f 3418 3417 3246 3247
f 3415 3418 3247 3244
f 3246 3245 3244 3247
f 3418 3415 3416 3417
f 3412 3241 3240 3411
f 3419 3248 3241 3412
f 3420 3249 3248 3419
f 3411 3240 3249 3420
f 3240 3241 3248 3249
f 3412 3411 3420 3419
f 3419 3248 3250 3421
f 3417 3246 3248 3419
f 3422 3251 3246 3417
f 3421 3250 3251 3422
f 3250 3248 3246 3251
f 3419 3421 3422 3417
f 3412 3241 3232 3403
f 3416 3245 3241 3412
f 3423 3252 3245 3416
f 3403 3232 3252 3423
f 3232 3241 3245 3252
f 3412 3403 3423 3416
f 3404 3233 3232 3403
f 3424 3253 3233 3404
f 3425 3254 3253 3424
f 3403 3232 3254 3425
f 3232 3233 3253 3254
f 3404 3403 3425 3424
f 3427 3256 3255 3426
f 3428 3257 3256 3427
f 3429 3258 3257 3428
f 3426 3255 3258 3429
f 3255 3256 3257 3258
f 3427 3426 3429 3428
f 3430 3259 3255 3426
f 3415 3244 3259 3430
f 3423 3252 3244 3415
f 3426 3255 3252 3423
f 3255 3259 3244 3252
f 3430 3426 3423 3415
f 3432 3261 3260 3431
f 3433 3262 3261 3432
f 3434 3263 3262 3433
f 3431 3260 3263 3434
f 3260 3261 3262 3263
f 3432 3431 3434 3433
f 3413 3435 3264 3242
f 3436 3413 3242 3265
f 3437 3436 3265 3266
f 3435 3437 3266 3264
f 3265 3242 3264 3266
f 3437 3435 3413 3436
f 3438 3407 3236 3267
f 3434 3438 3267 3263
f 3439 3434 3263 3268
f 3407 3439 3268 3236
f 3263 3267 3236 3268
f 3439 3407 3438 3434
f 3436 3440 3269 3265
f 3433 3436 3265 3262
f 3434 3433 3262 3263
f 3440 3434 3263 3269
f 3262 3265 3269 3263
f 3434 3440 3436 3433
f 3433 3262 3268 3439
f 3412 3241 3262 3433
f 3403 3232 3241 3412
f 3439 3268 3232 3403
f 3268 3262 3241 3232
f 3433 3439 3403 3412
f 3400 3229 3270 3441
f 3433 3262 3229 3400
f 3439 3268 3262 3433
f 3441 3270 3268 3439
f 3270 3229 3262 3268
f 3400 3441 3439 3433
f 3443 3272 3271 3442
f 3432 3261 3272 3443
f 3444 3273 3261 3432
f 3442 3271 3273 3444
f 3271 3272 3261 3273
f 3443 3442 3444 3432
f 3400 3229 3228 3399
f 3443 3272 3229 3400
f 3445 3274 3272 3443
f 3399 3228 3274 3445
f 3228 3229 3272 3274
f 3400 3399 3445 3443
f 3446 3441 3270 3275
f 3447 3446 3275 3276
f 3448 3447 3276 3277
f 3441 3448 3277 3270
f 3276 3275 3270 3277
f 3448 3441 3446 3447
f 3450 3279 3278 3449
f 3434 3263 3279 3450
f 3439 3268 3263 3434
f 3449 3278 3268 3439
f 3278 3279 3263 3268
f 3450 3449 3439 3434
f 3446 3275 3270 3441
f 3451 3280 3275 3446
f 3452 3281 3280 3451
f 3441 3270 3281 3452
f 3270 3275 3280 3281
f 3446 3441 3452 3451
f 3453 3282 3278 3449
f 3454 3283 3282 3453
f 3455 3284 3283 3454
f 3449 3278 3284 3455
f 3278 3282 3283 3284
f 3453 3449 3455 3454
f 3457 3286 3285 3456
f 3458 3287 3286 3457
f 3459 3288 3287 3458
f 3456 3285 3288 3459
f 3285 3286 3287 3288
f 3457 3456 3459 3458
f 3461 3290 3289 3460
f 3462 3291 3290 3461
f 3463 3292 3291 3462
f 3460 3289 3292 3463
f 3289 3290 3291 3292
f 3461 3460 3463 3462
f 3465 3294 3293 3464
f 3466 3295 3294 3465
f 3467 3296 3295 3466
f 3464 3293 3296 3467
f 3293 3294 3295 3296
f 3465 3464 3467 3466
f 3469 3468 3297 3298
f 3470 3469 3298 3299
f 3471 3470 3299 3300
f 3468 3471 3300 3297
f 3299 3298 3297 3300
f 3471 3468 3469 3470
f 3473 3472 3301 3302
f 3474 3473 3302 3303
f 3475 3474 3303 3304
f 3472 3475 3304 3301
f 3303 3302 3301 3304
f 3475 3472 3473 3474
f 3476 3468 3297 3305
f 3475 3476 3305 3304
f 3477 3475 3304 3306
f 3468 3477 3306 3297
f 3304 3305 3297 3306
f 3477 3468 3476 3475
f 3401 3478 3307 3230
f 3473 3401 3230 3302
f 3479 3473 3302 3308
f 3478 3479 3308 3307
f 3302 3230 3307 3308
f 3479 3478 3401 3473
f 3481 3310 3309 3480
f 3474 3303 3310 3481
f 3475 3304 3303 3474
f 3480 3309 3304 3475
f 3309 3310 3303 3304
f 3481 3480 3475 3474
f 3482 3311 3293 3464
f 3475 3304 3311 3482
f 3477 3306 3304 3475
f 3464 3293 3306 3477
f 3293 3311 3304 3306
f 3482 3464 3477 3475
f 3458 3287 3312 3483
f 3481 3310 3287 3458
f 3484 3313 3310 3481
f 3483 3312 3313 3484
f 3312 3287 3310 3313
f 3458 3483 3484 3481
f 3474 3303 3306 3477
f 3400 3229 3303 3474
f 3441 3270 3229 3400
f 3477 3306 3270 3441
f 3306 3303 3229 3270
f 3474 3477 3441 3400
f 3457 3286 3289 3460
f 3474 3303 3286 3457
f 3477 3306 3303 3474
f 3460 3289 3306 3477
f 3289 3286 3303 3306
f 3457 3460 3477 3474
f 3486 3315 3314 3485
f 3487 3316 3315 3486
f 3488 3317 3316 3487
f 3485 3314 3317 3488
f 3316 3317 3314 3315
f 3488 3487 3486 3485
f 3490 3489 3318 3319
f 3491 3490 3319 3320
f 3492 3491 3320 3321
f 3489 3492 3321 3318
f 3318 3321 3320 3319
f 3490 3491 3492 3489
f 3491 3493 3322 3320
f 3487 3491 3320 3316
f 3494 3487 3316 3323
f 3493 3494 3323 3322
f 3322 3323 3316 3320
f 3491 3487 3494 3493
f 3496 3495 3324 3325
f 3497 3496 3325 3326
f 3498 3497 3326 3327
f 3495 3498 3327 3324
f 3324 3327 3326 3325
f 3496 3497 3498 3495
f 3495 3324 3319 3490
f 3499 3328 3324 3495
f 3486 3315 3328 3499
f 3490 3319 3315 3486
f 3319 3324 3328 3315
f 3495 3490 3486 3499
f 3501 3500 3329 3330
f 3502 3501 3330 3331
f 3503 3502 3331 3332
f 3500 3503 3332 3329
f 3329 3332 3331 3330
f 3501 3502 3503 3500
f 3504 3500 3329 3333
f 3485 3504 3333 3314
f 3499 3485 3314 3328
f 3500 3499 3328 3329
f 3329 3328 3314 3333
f 3504 3485 3499 3500
f 3496 3325 3324 3495
f 3505 3334 3325 3496
f 3506 3335 3334 3505
f 3495 3324 3335 3506
f 3334 3335 3324 3325
f 3506 3505 3496 3495
f 3508 3337 3336 3507
f 3509 3338 3337 3508
f 3510 3339 3338 3509
f 3507 3336 3339 3510
f 3338 3339 3336 3337
f 3510 3509 3508 3507
f 3511 3340 3336 3507
f 3512 3341 3340 3511
f 3513 3342 3341 3512
f 3507 3336 3342 3513
f 3341 3342 3336 3340
f 3513 3512 3511 3507
f 3515 3344 3343 3514
f 3516 3345 3344 3515
f 3512 3341 3345 3516
f 3514 3343 3341 3512
f 3345 3341 3343 3344
f 3512 3516 3515 3514
f 3513 3342 3345 3516
f 3495 3324 3342 3513
f 3490 3319 3324 3495
f 3516 3345 3319 3490
f 3345 3342 3324 3319
f 3513 3516 3490 3495
f 3518 3347 3346 3517
f 3515 3344 3347 3518
f 3519 3348 3344 3515
f 3517 3346 3348 3519
f 3344 3348 3346 3347
f 3519 3515 3518 3517
f 3490 3319 3318 3489
f 3518 3347 3319 3490
f 3520 3349 3347 3518
f 3489 3318 3349 3520
f 3347 3349 3318 3319
f 3520 3518 3490 3489
f 3522 3521 3350 3351
f 3523 3522 3351 3352
f 3524 3523 3352 3353
f 3521 3524 3353 3350
f 3350 3353 3352 3351
f 3522 3523 3524 3521
f 3526 3525 3354 3355
f 3512 3526 3355 3341
f 3513 3512 3341 3342
f 3525 3513 3342 3354
f 3354 3342 3341 3355
f 3526 3512 3513 3525
f 3527 3525 3354 3356
f 3528 3527 3356 3357
f 3529 3528 3357 3358
f 3525 3529 3358 3354
f 3354 3358 3357 3356
f 3527 3528 3529 3525
f 3523 3530 3359 3352
f 3531 3523 3352 3360
f 3532 3531 3360 3361
f 3530 3532 3361 3359
f 3359 3361 3360 3352
f 3523 3531 3532 3530
f 3531 3533 3362 3360
f 3516 3531 3360 3345
f 3512 3516 3345 3341
f 3533 3512 3341 3362
f 3362 3341 3345 3360
f 3531 3516 3512 3533
f 3522 3351 3350 3521
f 3534 3363 3351 3522
f 3535 3364 3363 3534
f 3521 3350 3364 3535
f 3363 3364 3350 3351
f 3535 3534 3522 3521
f 3537 3536 3365 3366
f 3538 3537 3366 3367
f 3539 3538 3367 3368
f 3536 3539 3368 3365
f 3365 3368 3367 3366
f 3537 3538 3539 3536
f 3536 3365 3351 3522
f 3513 3342 3365 3536
f 3516 3345 3342 3513
f 3522 3351 3345 3516
f 3351 3365 3342 3345
f 3536 3522 3516 3513
f 3537 3366 3365 3536
f 3540 3369 3366 3537
f 3541 3370 3369 3540
f 3536 3365 3370 3541
f 3369 3370 3365 3366
f 3541 3540 3537 3536
f 3543 3372 3371 3542
f 3544 3373 3372 3543
f 3545 3374 3373 3544
f 3542 3371 3374 3545
f 3373 3374 3371 3372
f 3545 3544 3543 3542
f 3547 3376 3375 3546
f 3548 3377 3376 3547
f 3549 3378 3377 3548
f 3546 3375 3378 3549
f 3377 3378 3375 3376
f 3549 3548 3547 3546
f 3550 3379 3371 3542
f 3549 3378 3379 3550
f 3551 3380 3378 3549
f 3542 3371 3380 3551
f 3378 3380 3371 3379
f 3551 3549 3550 3542
f 3534 3363 3381 3552
f 3547 3376 3363 3534
f 3553 3382 3376 3547
f 3552 3381 3382 3553
f 3376 3382 3381 3363
f 3553 3547 3534 3552
f 3551 3380 3377 3548
f 3536 3365 3380 3551
f 3522 3351 3365 3536
f 3548 3377 3351 3522
f 3377 3380 3365 3351
f 3551 3548 3522 3536
f 3555 3554 3383 3384
f 3556 3555 3384 3385
f 3557 3556 3385 3386
f 3554 3557 3386 3383
f 3383 3386 3385 3384
f 3555 3556 3557 3554
f 3556 3558 3387 3385
f 3559 3556 3385 3388
f 3560 3559 3388 3389
f 3558 3560 3389 3387
f 3387 3389 3388 3385
f 3556 3559 3560 3558
f 3561 3390 3384 3555
f 3551 3380 3390 3561
f 3548 3377 3380 3551
f 3555 3384 3377 3548
f 3384 3390 3380 3377
f 3561 3555 3548 3551
f 3563 3562 3391 3392
f 3564 3563 3392 3393
f 3565 3564 3393 3394
f 3562 3565 3394 3391
f 3391 3394 3393 3392
f 3563 3564 3565 3562
f 3566 3561 3390 3395
f 3567 3566 3395 3396
f 3568 3567 3396 3397
f 3561 3568 3397 3390
f 3390 3397 3396 3395
f 3566 3567 3568 3561
f 3569 3562 3391 3398
f 3549 3569 3398 3378
f 3551 3549 3378 3380
f 3562 3551 3380 3391
f 3391 3380 3378 3398
f 3569 3549 3551 3562
f 3571 3570 3399 3400
f 3572 3571 3400 3401
f 3573 3572 3401 3402
f 3570 3573 3402 3399
f 3401 3400 3399 3402
f 3573 3570 3571 3572
f 3575 3574 3403 3404
f 3576 3575 3404 3405
f 3577 3576 3405 3406
f 3574 3577 3406 3403
f 3405 3404 3403 3406
f 3577 3574 3575 3576
f 3579 3578 3407 3408
f 3580 3579 3408 3409
f 3581 3580 3409 3410
f 3578 3581 3410 3407
f 3409 3408 3407 3410
f 3581 3578 3579 3580
f 3583 3582 3411 3412
f 3584 3583 3412 3413
f 3585 3584 3413 3414
f 3582 3585 3414 3411
f 3413 3412 3411 3414
f 3585 3582 3583 3584
f 3587 3586 3415 3416
f 3588 3587 3416 3417
f 3589 3588 3417 3418
f 3586 3589 3418 3415
f 3417 3416 3415 3418
f 3589 3586 3587 3588
f 3583 3412 3411 3582
f 3590 3419 3412 3583
f 3591 3420 3419 3590
f 3582 3411 3420 3591
f 3411 3412 3419 3420
f 3583 3582 3591 3590
f 3590 3419 3421 3592
f 3588 3417 3419 3590
f 3593 3422 3417 3588
f 3592 3421 3422 3593
f 3421 3419 3417 3422
f 3590 3592 3593 3588
f 3583 3412 3403 3574
f 3587 3416 3412 3583
f 3594 3423 3416 3587
f 3574 3403 3423 3594
f 3403 3412 3416 3423
f 3583 3574 3594 3587
f 3575 3404 3403 3574
f 3595 3424 3404 3575
f 3596 3425 3424 3595
f 3574 3403 3425 3596
f 3403 3404 3424 3425
f 3575 3574 3596 3595
f 3598 3427 3426 3597
f 3599 3428 3427 3598
f 3600 3429 3428 3599
f 3597 3426 3429 3600
f 3426 3427 3428 3429
f 3598 3597 3600 3599
f 3601 3430 3426 3597
f 3586 3415 3430 3601
f 3594 3423 3415 3586
f 3597 3426 3423 3594
f 3426 3430 3415 3423
f 3601 3597 3594 3586
f 3603 3432 3431 3602
f 3604 3433 3432 3603
f 3605 3434 3433 3604
f 3602 3431 3434 3605
f 3431 3432 3433 3434
f 3603 3602 3605 3604
f 3584 3606 3435 3413
f 3607 3584 3413 3436
f 3608 3607 3436 3437
f 3606 3608 3437 3435
f 3436 3413 3435 3437
f 3608 3606 3584 3607
f 3609 3578 3407 3438
f 3605 3609 3438 3434
f 3610 3605 3434 3439
f 3578 3610 3439 3407
f 3434 3438 3407 3439
f 3610 3578 3609 3605
f 3607 3611 3440 3436
f 3604 3607 3436 3433
f 3605 3604 3433 3434
f 3611 3605 3434 3440
f 3433 3436 3440 3434
f 3605 3611 3607 3604
f 3604 3433 3439 3610
f 3583 3412 3433 3604
f 3574 3403 3412 3583
f 3610 3439 3403 3574
f 3439 3433 3412 3403
f 3604 3610 3574 3583
f 3571 3400 3441 3612
f 3604 3433 3400 3571
f 3610 3439 3433 3604
f 3612 3441 3439 3610
f 3441 3400 3433 3439
f 3571 3612 3610 3604
f 3614 3443 3442 3613
f 3603 3432 3443 3614
f 3615 3444 3432 3603
f 3613 3442 3444 3615
f 3442 3443 3432 3444
f 3614 3613 3615 3603
f 3571 3400 3399 3570
f 3614 3443 3400 3571
f 3616 3445 3443 3614
f 3570 3399 3445 3616
f 3399 3400 3443 3445
f 3571 3570 3616 3614
f 3617 3612 3441 3446
f 3618 3617 3446 3447
f 3619 3618 3447 3448
f 3612 3619 3448 3441
f 3447 3446 3441 3448
f 3619 3612 3617 3618
f 3621 3450 3449 3620
f 3605 3434 3450 3621
f 3610 3439 3434 3605
f 3620 3449 3439 3610
f 3449 3450 3434 3439
f 3621 3620 3610 3605
f 3617 3446 3441 3612
f 3622 3451 3446 3617
f 3623 3452 3451 3622
f 3612 3441 3452 3623
f 3441 3446 3451 3452
f 3617 3612 3623 3622
f 3624 3453 3449 3620
f 3625 3454 3453 3624
f 3626 3455 3454 3625
f 3620 3449 3455 3626
f 3449 3453 3454 3455
f 3624 3620 3626 3625
f 3628 3457 3456 3627
f 3629 3458 3457 3628
f 3630 3459 3458 3629
f 3627 3456 3459 3630
f 3456 3457 3458 3459
f 3628 3627 3630 3629
f 3632 3461 3460 3631
f 3633 3462 3461 3632
f 3634 3463 3462 3633
f 3631 3460 3463 3634
f 3460 3461 3462 3463
f 3632 3631 3634 3633
f 3636 3465 3464 3635
f 3637 3466 3465 3636
f 3638 3467 3466 3637
f 3635 3464 3467 3638
f 3464 3465 3466 3467
f 3636 3635 3638 3637
f 3640 3639 3468 3469
f 3641 3640 3469 3470
f 3642 3641 3470 3471
f 3639 3642 3471 3468
f 3470 3469 3468 3471
f 3642 3639 3640 3641
f 3644 3643 3472 3473
f 3645 3644 3473 3474
f 3646 3645 3474 3475
f 3643 3646 3475 3472
f 3474 3473 3472 3475
f 3646 3643 3644 3645
f 3647 3639 3468 3476
f 3646 3647 3476 3475
f 3648 3646 3475 3477
f 3639 3648 3477 3468
f 3475 3476 3468 3477
f 3648 3639 3647 3646
f 3572 3649 3478 3401
f 3644 3572 3401 3473
f 3650 3644 3473 3479
f 3649 3650 3479 3478
f 3473 3401 3478 3479
f 3650 3649 3572 3644
f 3652 3481 3480 3651
f 3645 3474 3481 3652
f 3646 3475 3474 3645
f 3651 3480 3475 3646
f 3480 3481 3474 3475
f 3652 3651 3646 3645
f 3653 3482 3464 3635
f 3646 3475 3482 3653
f 3648 3477 3475 3646
f 3635 3464 3477 3648
f 3464 3482 3475 3477
f 3653 3635 3648 3646
f 3629 3458 3483 3654
f 3652 3481 3458 3629
f 3655 3484 3481 3652
f 3654 3483 3484 3655
f 3483 3458 3481 3484
f 3629 3654 3655 3652
f 3645 3474 3477 3648
f 3571 3400 3474 3645
f 3612 3441 3400 3571
f 3648 3477 3441 3612
f 3477 3474 3400 3441
f 3645 3648 3612 3571
f 3628 3457 3460 3631
f 3645 3474 3457 3628
f 3648 3477 3474 3645
f 3631 3460 3477 3648
f 3460 3457 3474 3477
f 3628 3631 3648 3645
f 3657 3486 3485 3656
f 3658 3487 3486 3657
f 3659 3488 3487 3658
f 3656 3485 3488 3659
f 3487 3488 3485 3486
f 3659 3658 3657 3656
f 3661 3660 3489 3490
f 3662 3661 3490 3491
f 3663 3662 3491 3492
f 3660 3663 3492 3489
f 3489 3492 3491 3490
f 3661 3662 3663 3660
f 3662 3664 3493 3491
f 3658 3662 3491 3487
f 3665 3658 3487 3494
f 3664 3665 3494 3493
f 3493 3494 3487 3491
f 3662 3658 3665 3664
f 3667 3666 3495 3496
f 3668 3667 3496 3497
f 3669 3668 3497 3498
f 3666 3669 3498 3495
f 3495 3498 3497 3496
f 3667 3668 3669 3666
f 3666 3495 3490 3661
f 3670 3499 3495 3666
f 3657 3486 3499 3670
f 3661 3490 3486 3657
f 3490 3495 3499 3486
f 3666 3661 3657 3670
f 3672 3671 3500 3501
f 3673 3672 3501 3502
f 3674 3673 3502 3503
f 3671 3674 3503 3500
f 3500 3503 3502 3501
f 3672 3673 3674 3671
f 3675 3671 3500 3504
f 3656 3675 3504 3485
f 3670 3656 3485 3499
f 3671 3670 3499 3500
f 3500 3499 3485 3504
f 3675 3656 3670 3671
f 3667 3496 3495 3666
f 3676 3505 3496 3667
f 3677 3506 3505 3676
f 3666 3495 3506 3677
f 3505 3506 3495 3496
f 3677 3676 3667 3666
f 3679 3508 3507 3678
f 3680 3509 3508 3679
f 3681 3510 3509 3680
f 3678 3507 3510 3681
f 3509 3510 3507 3508
f 3681 3680 3679 3678
f 3682 3511 3507 3678
f 3683 3512 3511 3682
f 3684 3513 3512 3683
f 3678 3507 3513 3684
f 3512 3513 3507 3511
f 3684 3683 3682 3678
f 3686 3515 3514 3685
f 3687 3516 3515 3686
f 3683 3512 3516 3687
f 3685 3514 3512 3683
f 3516 3512 3514 3515
f 3683 3687 3686 3685
f 3684 3513 3516 3687
f 3666 3495 3513 3684
f 3661 3490 3495 3666
f 3687 3516 3490 3661
f 3516 3513 3495 3490
f 3684 3687 3661 3666
f 3689 3518 3517 3688
f 3686 3515 3518 3689
f 3690 3519 3515 3686
f 3688 3517 3519 3690
f 3515 3519 3517 3518
f 3690 3686 3689 3688
f 3661 3490 3489 3660
f 3689 3518 3490 3661
f 3691 3520 3518 3689
f 3660 3489 3520 3691
f 3518 3520 3489 3490
f 3691 3689 3661 3660
f 3693 3692 3521 3522
f 3694 3693 3522 3523
f 3695 3694 3523 3524
f 3692 3695 3524 3521
f 3521 3524 3523 3522
f 3693 3694 3695 3692
f 3697 3696 3525 3526
f 3683 3697 3526 3512
f 3684 3683 3512 3513
f 3696 3684 3513 3525
f 3525 3513 3512 3526
f 3697 3683 3684 3696
f 3698 3696 3525 3527
f 3699 3698 3527 3528
f 3700 3699 3528 3529
f 3696 3700 3529 3525
f 3525 3529 3528 3527
f 3698 3699 3700 3696
f 3694 3701 3530 3523
f 3702 3694 3523 3531
f 3703 3702 3531 3532
f 3701 3703 3532 3530
f 3530 3532 3531 3523
f 3694 3702 3703 3701
f 3702 3704 3533 3531
f 3687 3702 3531 3516
f 3683 3687 3516 3512
f 3704 3683 3512 3533
f 3533 3512 3516 3531
f 3702 3687 3683 3704
f 3693 3522 3521 3692
f 3705 3534 3522 3693
f 3706 3535 3534 3705
f 3692 3521 3535 3706
f 3534 3535 3521 3522
f 3706 3705 3693 3692
f 3708 3707 3536 3537
f 3709 3708 3537 3538
f 3710 3709 3538 3539
f 3707 3710 3539 3536
f 3536 3539 3538 3537
f 3708 3709 3710 3707
f 3707 3536 3522 3693
f 3684 3513 3536 3707
f 3687 3516 3513 3684
f 3693 3522 3516 3687
f 3522 3536 3513 3516
f 3707 3693 3687 3684
f 3708 3537 3536 3707
f 3711 3540 3537 3708
f 3712 3541 3540 3711
f 3707 3536 3541 3712
f 3540 3541 3536 3537
f 3712 3711 3708 3707
f 3714 3543 3542 3713
f 3715 3544 3543 3714
f 3716 3545 3544 3715
f 3713 3542 3545 3716
f 3544 3545 3542 3543
f 3716 3715 3714 3713
f 3718 3547 3546 3717
f 3719 3548 3547 3718
f 3720 3549 3548 3719
f 3717 3546 3549 3720
f 3548 3549 3546 3547
f 3720 3719 3718 3717
f 3721 3550 3542 3713
f 3720 3549 3550 3721
f 3722 3551 3549 3720
f 3713 3542 3551 3722
f 3549 3551 3542 3550
f 3722 3720 3721 3713
f 3705 3534 3552 3723
f 3718 3547 3534 3705
f 3724 3553 3547 3718
f 3723 3552 3553 3724
f 3547 3553 3552 3534
f 3724 3718 3705 3723
f 3722 3551 3548 3719
f 3707 3536 3551 3722
f 3693 3522 3536 3707
f 3719 3548 3522 3693
f 3548 3551 3536 3522
f 3722 3719 3693 3707
f 3726 3725 3554 3555
f 3727 3726 3555 3556
f 3728 3727 3556 3557
f 3725 3728 3557 3554
f 3554 3557 3556 3555
f 3726 3727 3728 3725
f 3727 3729 3558 3556
f 3730 3727 3556 3559
f 3731 3730 3559 3560
f 3729 3731 3560 3558
f 3558 3560 3559 3556
f 3727 3730 3731 3729
f 3732 3561 3555 3726
f 3722 3551 3561 3732
f 3719 3548 3551 3722
f 3726 3555 3548 3719
f 3555 3561 3551 3548
f 3732 3726 3719 3722
f 3734 3733 3562 3563
f 3735 3734 3563 3564
f 3736 3735 3564 3565
f 3733 3736 3565 3562
f 3562 3565 3564 3563
f 3734 3735 3736 3733
f 3737 3732 3561 3566
f 3738 3737 3566 3567
f 3739 3738 3567 3568
f 3732 3739 3568 3561
f 3561 3568 3567 3566
f 3737 3738 3739 3732
f 3740 3733 3562 3569
f 3720 3740 3569 3549
f 3722 3720 3549 3551
f 3733 3722 3551 3562
f 3562 3551 3549 3569
f 3740 3720 3722 3733
f 3742 3741 3570 3571
f 3743 3742 3571 3572
f 3744 3743 3572 3573
f 3741 3744 3573 3570
f 3572 3571 3570 3573
f 3744 3741 3742 3743
f 3746 3745 3574 3575
f 3747 3746 3575 3576
f 3748 3747 3576 3577
f 3745 3748 3577 3574
f 3576 3575 3574 3577
f 3748 3745 3746 3747
f 3750 3749 3578 3579
f 3751 3750 3579 3580
f 3752 3751 3580 3581
f 3749 3752 3581 3578
f 3580 3579 3578 3581
f 3752 3749 3750 3751
f 3754 3753 3582 3583
f 3755 3754 3583 3584
f 3756 3755 3584 3585
f 3753 3756 3585 3582
f 3584 3583 3582 3585
f 3756 3753 3754 3755
f 3758 3757 3586 3587
f 3759 3758 3587 3588
f 3760 3759 3588 3589
f 3757 3760 3589 3586
f 3588 3587 3586 3589
f 3760 3757 3758 3759
f 3754 3583 3582 3753
f 3761 3590 3583 3754
f 3762 3591 3590 3761
f 3753 3582 3591 3762
f 3582 3583 3590 3591
f 3754 3753 3762 3761
f 3761 3590 3592 3763
f 3759 3588 3590 3761
f 3764 3593 3588 3759
f 3763 3592 3593 3764
f 3592 3590 3588 3593
f 3761 3763 3764 3759
f 3754 3583 3574 3745
f 3758 3587 3583 3754
f 3765 3594 3587 3758
f 3745 3574 3594 3765
f 3574 3583 3587 3594
f 3754 3745 3765 3758
f 3746 3575 3574 3745
f 3766 3595 3575 3746
f 3767 3596 3595 3766
f 3745 3574 3596 3767
f 3574 3575 3595 3596
f 3746 3745 3767 3766
f 3769 3598 3597 3768
f 3770 3599 3598 3769
f 3771 3600 3599 3770
f 3768 3597 3600 3771
f 3597 3598 3599 3600
f 3769 3768 3771 3770
f 3772 3601 3597 3768
f 3757 3586 3601 3772
f 3765 3594 3586 3757
f 3768 3597 3594 3765
f 3597 3601 3586 3594
f 3772 3768 3765 3757
f 3774 3603 3602 3773
f 3775 3604 3603 3774
f 3776 3605 3604 3775
f 3773 3602 3605 3776
f 3602 3603 3604 3605
f 3774 3773 3776 3775
f 3755 3777 3606 3584
f 3778 3755 3584 3607
f 3779 3778 3607 3608
f 3777 3779 3608 3606
f 3607 3584 3606 3608
f 3779 3777 3755 3778
f 3780 3749 3578 3609
f 3776 3780 3609 3605
f 3781 3776 3605 3610
f 3749 3781 3610 3578
f 3605 3609 3578 3610
f 3781 3749 3780 3776
f 3778 3782 3611 3607
f 3775 3778 3607 3604
f 3776 3775 3604 3605
f 3782 3776 3605 3611
f 3604 3607 3611 3605
f 3776 3782 3778 3775
f 3775 3604 3610 3781
f 3754 3583 3604 3775
f 3745 3574 3583 3754
f 3781 3610 3574 3745
f 3610 3604 3583 3574
f 3775 3781 3745 3754
f 3742 3571 3612 3783
f 3775 3604 3571 3742
f 3781 3610 3604 3775
f 3783 3612 3610 3781
f 3612 3571 3604 3610
f 3742 3783 3781 3775
f 3785 3614 3613 3784
f 3774 3603 3614 3785
f 3786 3615 3603 3774
f 3784 3613 3615 3786
f 3613 3614 3603 3615
f 3785 3784 3786 3774
f 3742 3571 3570 3741
f 3785 3614 3571 3742
f 3787 3616 3614 3785
f 3741 3570 3616 3787
f 3570 3571 3614 3616
f 3742 3741 3787 3785
f 3788 3783 3612 3617
f 3789 3788 3617 3618
f 3790 3789 3618 3619
f 3783 3790 3619 3612
f 3618 3617 3612 3619
f 3790 3783 3788 3789
f 3792 3621 3620 3791
f 3776 3605 3621 3792
f 3781 3610 3605 3776
f 3791 3620 3610 3781
f 3620 3621 3605 3610
f 3792 3791 3781 3776
f 3788 3617 3612 3783
f 3793 3622 3617 3788
f 3794 3623 3622 3793
f 3783 3612 3623 3794
f 3612 3617 3622 3623
f 3788 3783 3794 3793
f 3795 3624 3620 3791
f 3796 3625 3624 3795
f 3797 3626 3625 3796
f 3791 3620 3626 3797
f 3620 3624 3625 3626
f 3795 3791 3797 3796
f 3799 3628 3627 3798
f 3800 3629 3628 3799
f 3801 3630 3629 3800
f 3798 3627 3630 3801
f 3627 3628 3629 3630
f 3799 3798 3801 3800
f 3803 3632 3631 3802
f 3804 3633 3632 3803
f 3805 3634 3633 3804
f 3802 3631 3634 3805
f 3631 3632 3633 3634
f 3803 3802 3805 3804
f 3807 3636 3635 3806
f 3808 3637 3636 3807
f 3809 3638 3637 3808
f 3806 3635 3638 3809
f 3635 3636 3637 3638
f 3807 3806 3809 3808
f 3811 3810 3639 3640
f 3812 3811 3640 3641
f 3813 3812 3641 3642
f 3810 3813 3642 3639
f 3641 3640 3639 3642
f 3813 3810 3811 3812
f 3815 3814 3643 3644
f 3816 3815 3644 3645
f 3817 3816 3645 3646
f 3814 3817 3646 3643
f 3645 3644 3643 3646
f 3817 3814 3815 3816
f 3818 3810 3639 3647
f 3817 3818 3647 3646
f 3819 3817 3646 3648
f 3810 3819 3648 3639
f 3646 3647 3639 3648
f 3819 3810 3818 3817
f 3743 3820 3649 3572
f 3815 3743 3572 3644
f 3821 3815 3644 3650
f 3820 3821 3650 3649
f 3644 3572 3649 3650
f 3821 3820 3743 3815
f 3823 3652 3651 3822
f 3816 3645 3652 3823
f 3817 3646 3645 3816
f 3822 3651 3646 3817
f 3651 3652 3645 3646
f 3823 3822 3817 3816
f 3824 3653 3635 3806
f 3817 3646 3653 3824
f 3819 3648 3646 3817
f 3806 3635 3648 3819
f 3635 3653 3646 3648
f 3824 3806 3819 3817
f 3800 3629 3654 3825
f 3823 3652 3629 3800
f 3826 3655 3652 3823
f 3825 3654 3655 3826
f 3654 3629 3652 3655
f 3800 3825 3826 3823
f 3816 3645 3648 3819
f 3742 3571 3645 3816
f 3783 3612 3571 3742
f 3819 3648 3612 3783
f 3648 3645 3571 3612
f 3816 3819 3783 3742
f 3799 3628 3631 3802
f 3816 3645 3628 3799
f 3819 3648 3645 3816
f 3802 3631 3648 3819
f 3631 3628 3645 3648
f 3799 3802 3819 3816
f 3827 3657 3656 225
f 3828 3658 3657 3827
f 3829 3659 3658 3828
f 225 3656 3659 3829
f 3658 3659 3656 3657
f 3829 3828 3827 225
f 3831 3830 3660 3661
f 3832 3831 3661 3662
f 3833 3832 3662 3663
f 3830 3833 3663 3660
f 3660 3663 3662 3661
f 3831 3832 3833 3830
f 3832 3834 3664 3662
f 3828 3832 3662 3658
f 3835 3828 3658 3665
f 3834 3835 3665 3664
f 3664 3665 3658 3662
f 3832 3828 3835 3834
f 3837 3836 3666 3667
f 3838 3837 3667 3668
f 3839 3838 3668 3669
f 3836 3839 3669 3666
f 3666 3669 3668 3667
f 3837 3838 3839 3836
f 3836 3666 3661 3831
f 424 3670 3666 3836
f 3827 3657 3670 424
f 3831 3661 3657 3827
f 3661 3666 3670 3657
f 3836 3831 3827 424
f 3841 3840 3671 3672
f 3842 3841 3672 3673
f 3843 3842 3673 3674
f 3840 3843 3674 3671
f 3671 3674 3673 3672
f 3841 3842 3843 3840
f 3844 3840 3671 3675
f 225 3844 3675 3656
f 424 225 3656 3670
f 3840 424 3670 3671
f 3671 3670 3656 3675
f 3844 225 424 3840
f 3837 3667 3666 3836
f 3845 3676 3667 3837
f 3846 3677 3676 3845
f 3836 3666 3677 3846
f 3676 3677 3666 3667
f 3846 3845 3837 3836
f 3848 3679 3678 3847
f 3849 3680 3679 3848
f 3850 3681 3680 3849
f 3847 3678 3681 3850
f 3680 3681 3678 3679
f 3850 3849 3848 3847
f 3851 3682 3678 3847
f 3852 3683 3682 3851
f 3853 3684 3683 3852
f 3847 3678 3684 3853
f 3683 3684 3678 3682
f 3853 3852 3851 3847
f 3855 3686 3685 3854
f 3856 3687 3686 3855
f 3852 3683 3687 3856
f 3854 3685 3683 3852
f 3687 3683 3685 3686
f 3852 3856 3855 3854
f 3853 3684 3687 3856
f 3836 3666 3684 3853
f 3831 3661 3666 3836
f 3856 3687 3661 3831
f 3687 3684 3666 3661
f 3853 3856 3831 3836
f 3858 3689 3688 3857
f 3855 3686 3689 3858
f 3859 3690 3686 3855
f 3857 3688 3690 3859
f 3686 3690 3688 3689
f 3859 3855 3858 3857
f 3831 3661 3660 3830
f 3858 3689 3661 3831
f 3860 3691 3689 3858
f 3830 3660 3691 3860
f 3689 3691 3660 3661
f 3860 3858 3831 3830
f 3862 3861 3692 3693
f 3863 3862 3693 3694
f 3864 3863 3694 3695
f 3861 3864 3695 3692
f 3692 3695 3694 3693
f 3862 3863 3864 3861
f 3866 3865 3696 3697
f 3852 3866 3697 3683
f 3853 3852 3683 3684
f 3865 3853 3684 3696
f 3696 3684 3683 3697
f 3866 3852 3853 3865
f 3867 3865 3696 3698
f 3868 3867 3698 3699
f 3869 3868 3699 3700
f 3865 3869 3700 3696
f 3696 3700 3699 3698
f 3867 3868 3869 3865
f 3863 3870 3701 3694
f 3871 3863 3694 3702
f 3872 3871 3702 3703
f 3870 3872 3703 3701
f 3701 3703 3702 3694
f 3863 3871 3872 3870
f 3871 3873 3704 3702
f 3856 3871 3702 3687
f 3852 3856 3687 3683
f 3873 3852 3683 3704
f 3704 3683 3687 3702
f 3871 3856 3852 3873
f 3862 3693 3692 3861
f 3874 3705 3693 3862
f 3875 3706 3705 3874
f 3861 3692 3706 3875
f 3705 3706 3692 3693
f 3875 3874 3862 3861
f 3877 3876 3707 3708
f 3878 3877 3708 3709
f 3879 3878 3709 3710
f 3876 3879 3710 3707
f 3707 3710 3709 3708
f 3877 3878 3879 3876
f 3876 3707 3693 3862
f 3853 3684 3707 3876
f 3856 3687 3684 3853
f 3862 3693 3687 3856
f 3693 3707 3684 3687
f 3876 3862 3856 3853
f 3877 3708 3707 3876
f 3880 3711 3708 3877
f 3881 3712 3711 3880
f 3876 3707 3712 3881
f 3711 3712 3707 3708
f 3881 3880 3877 3876
f 3883 3714 3713 3882
f 3884 3715 3714 3883
f 3885 3716 3715 3884
f 3882 3713 3716 3885
f 3715 3716 3713 3714
f 3885 3884 3883 3882
f 3887 3718 3717 3886
f 3888 3719 3718 3887
f 3889 3720 3719 3888
f 3886 3717 3720 3889
f 3719 3720 3717 3718
f 3889 3888 3887 3886
f 3890 3721 3713 3882
f 3889 3720 3721 3890
f 3891 3722 3720 3889
f 3882 3713 3722 3891
f 3720 3722 3713 3721
f 3891 3889 3890 3882
f 3874 3705 3723 3892
f 3887 3718 3705 3874
f 3893 3724 3718 3887
f 3892 3723 3724 3893
f 3718 3724 3723 3705
f 3893 3887 3874 3892
f 3891 3722 3719 3888
f 3876 3707 3722 3891
f 3862 3693 3707 3876
f 3888 3719 3693 3862
f 3719 3722 3707 3693
f 3891 3888 3862 3876
f 3895 3894 3725 3726
f 3896 3895 3726 3727
f 3897 3896 3727 3728
f 3894 3897 3728 3725
f 3725 3728 3727 3726
f 3895 3896 3897 3894
f 3896 3898 3729 3727
f 3899 3896 3727 3730
f 3900 3899 3730 3731
f 3898 3900 3731 3729
f 3729 3731 3730 3727
f 3896 3899 3900 3898
f 419 3732 3726 3895
f 3891 3722 3732 419
f 3888 3719 3722 3891
f 3895 3726 3719 3888
f 3726 3732 3722 3719
f 419 3895 3888 3891
f 3902 3901 3733 3734
f 3903 3902 3734 3735
f 3904 3903 3735 3736
f 3901 3904 3736 3733
f 3733 3736 3735 3734
f 3902 3903 3904 3901
f 3905 419 3732 3737
f 3906 3905 3737 3738
f 3907 3906 3738 3739
f 419 3907 3739 3732
f 3732 3739 3738 3737
f 3905 3906 3907 419
f 3908 3901 3733 3740
f 3889 3908 3740 3720
f 3891 3889 3720 3722
f 3901 3891 3722 3733
f 3733 3722 3720 3740
f 3908 3889 3891 3901
f 3910 3909 3741 3742
f 3911 3910 3742 3743
f 3912 3911 3743 3744
f 3909 3912 3744 3741
f 3743 3742 3741 3744
f 3912 3909 3910 3911
f 3914 3913 3745 3746
f 3915 3914 3746 3747
f 3916 3915 3747 3748
f 3913 3916 3748 3745
f 3747 3746 3745 3748
f 3916 3913 3914 3915
f 3918 3917 3749 3750
f 3919 3918 3750 3751
f 3920 3919 3751 3752
f 3917 3920 3752 3749
f 3751 3750 3749 3752
f 3920 3917 3918 3919
f 3922 3921 3753 3754
f 3923 3922 3754 3755
f 3924 3923 3755 3756
f 3921 3924 3756 3753
f 3755 3754 3753 3756
f 3924 3921 3922 3923
f 3925 399 3757 3758
f 3926 3925 3758 3759
f 3927 3926 3759 3760
f 399 3927 3760 3757
f 3759 3758 3757 3760
f 3927 399 3925 3926
f 3922 3754 3753 3921
f 3928 3761 3754 3922
f 3929 3762 3761 3928
f 3921 3753 3762 3929
f 3753 3754 3761 3762
f 3922 3921 3929 3928
f 3928 3761 3763 3930
f 3926 3759 3761 3928
f 3931 3764 3759 3926
f 3930 3763 3764 3931
f 3763 3761 3759 3764
f 3928 3930 3931 3926
f 3922 3754 3745 3913
f 3925 3758 3754 3922
f 422 3765 3758 3925
f 3913 3745 3765 422
f 3745 3754 3758 3765
f 3922 3913 422 3925
f 3914 3746 3745 3913
f 3932 3766 3746 3914
f 3933 3767 3766 3932
f 3913 3745 3767 3933
f 3745 3746 3766 3767
f 3914 3913 3933 3932
f 3935 3769 3768 3934
f 3936 3770 3769 3935
f 3937 3771 3770 3936
f 3934 3768 3771 3937
f 3768 3769 3770 3771
f 3935 3934 3937 3936
f 3938 3772 3768 3934
f 399 3757 3772 3938
f 422 3765 3757 399
f 3934 3768 3765 422
f 3768 3772 3757 3765
f 3938 3934 422 399
f 3940 3774 3773 3939
f 3941 3775 3774 3940
f 3942 3776 3775 3941
f 3939 3773 3776 3942
f 3773 3774 3775 3776
f 3940 3939 3942 3941
f 3923 3943 3777 3755
f 3944 3923 3755 3778
f 3945 3944 3778 3779
f 3943 3945 3779 3777
f 3778 3755 3777 3779
f 3945 3943 3923 3944
f 3946 3917 3749 3780
f 3942 3946 3780 3776
f 3947 3942 3776 3781
f 3917 3947 3781 3749
f 3776 3780 3749 3781
f 3947 3917 3946 3942
f 3944 3948 3782 3778
f 3941 3944 3778 3775
f 3942 3941 3775 3776
f 3948 3942 3776 3782
f 3775 3778 3782 3776
f 3942 3948 3944 3941
f 3941 3775 3781 3947
f 3922 3754 3775 3941
f 3913 3745 3754 3922
f 3947 3781 3745 3913
f 3781 3775 3754 3745
f 3941 3947 3913 3922
f 3910 3742 3783 3949
f 3941 3775 3742 3910
f 3947 3781 3775 3941
f 3949 3783 3781 3947
f 3783 3742 3775 3781
f 3910 3949 3947 3941
f 3951 3785 3784 3950
f 3940 3774 3785 3951
f 3952 3786 3774 3940
f 3950 3784 3786 3952
f 3784 3785 3774 3786
f 3951 3950 3952 3940
f 3910 3742 3741 3909
f 3951 3785 3742 3910
f 3953 3787 3785 3951
f 3909 3741 3787 3953
f 3741 3742 3785 3787
f 3910 3909 3953 3951
f 3954 3949 3783 3788
f 3955 3954 3788 3789
f 3956 3955 3789 3790
f 3949 3956 3790 3783
f 3789 3788 3783 3790
f 3956 3949 3954 3955
f 3958 3792 3791 3957
f 3942 3776 3792 3958
f 3947 3781 3776 3942
f 3957 3791 3781 3947
f 3791 3792 3776 3781
f 3958 3957 3947 3942
f 3954 3788 3783 3949
f 3959 3793 3788 3954
f 3960 3794 3793 3959
f 3949 3783 3794 3960
f 3783 3788 3793 3794
f 3954 3949 3960 3959
f 3961 3795 3791 3957
f 3962 3796 3795 3961
f 3963 3797 3796 3962
f 3957 3791 3797 3963
f 3791 3795 3796 3797
f 3961 3957 3963 3962
f 3965 3799 3798 3964
f 3966 3800 3799 3965
f 3967 3801 3800 3966
f 3964 3798 3801 3967
f 3798 3799 3800 3801
f 3965 3964 3967 3966
f 3968 3803 3802 420
f 3969 3804 3803 3968
f 3970 3805 3804 3969
f 420 3802 3805 3970
f 3802 3803 3804 3805
f 3968 420 3970 3969
f 3972 3807 3806 3971
f 3973 3808 3807 3972
f 3974 3809 3808 3973
f 3971 3806 3809 3974
f 3806 3807 3808 3809
f 3972 3971 3974 3973
f 3976 3975 3810 3811
f 3977 3976 3811 3812
f 3978 3977 3812 3813
f 3975 3978 3813 3810
f 3812 3811 3810 3813
f 3978 3975 3976 3977
f 3980 3979 3814 3815
f 3981 3980 3815 3816
f 3982 3981 3816 3817
f 3979 3982 3817 3814
f 3816 3815 3814 3817
f 3982 3979 3980 3981
f 3983 3975 3810 3818
f 3982 3983 3818 3817
f 3984 3982 3817 3819
f 3975 3984 3819 3810
f 3817 3818 3810 3819
f 3984 3975 3983 3982
f 3911 3985 3820 3743
f 3980 3911 3743 3815
f 3986 3980 3815 3821
f 3985 3986 3821 3820
f 3815 3743 3820 3821
f 3986 3985 3911 3980
f 3988 3823 3822 3987
f 3981 3816 3823 3988
f 3982 3817 3816 3981
f 3987 3822 3817 3982
f 3822 3823 3816 3817
f 3988 3987 3982 3981
f 3989 3824 3806 3971
f 3982 3817 3824 3989
f 3984 3819 3817 3982
f 3971 3806 3819 3984
f 3806 3824 3817 3819
f 3989 3971 3984 3982
f 3966 3800 3825 3990
f 3988 3823 3800 3966
f 3991 3826 3823 3988
f 3990 3825 3826 3991
f 3825 3800 3823 3826
f 3966 3990 3991 3988
f 3981 3816 3819 3984
f 3910 3742 3816 3981
f 3949 3783 3742 3910
f 3984 3819 3783 3949
f 3819 3816 3742 3783
f 3981 3984 3949 3910
f 3965 3799 3802 420
f 3981 3816 3799 3965
f 3984 3819 3816 3981
f 420 3802 3819 3984
f 3802 3799 3816 3819
f 3965 420 3984 3981
