# Rhino

o object_1
v 30 10 -90
v 30 10 -50
v 30 15 -90
v 30 15 -50
v 30 10 -50
v 60 10 -50
v 30 15 -50
v 60 15 -50
v 60 10 -50
v 60 10 -90
v 60 15 -50
v 60 15 -90
v 60 10 -90
v 30 10 -90
v 60 15 -90
v 30 15 -90
v 30 15 -50
v 30 15 -90
v 60 15 -50
v 60 15 -90
v 30 10 -90
v 30 10 -50
v 60 10 -90
v 60 10 -50
vt 0.25 0
vt 0.25 0.66666668653488159
vt 0.3318684995174408 0
vt 0.3318684995174408 0.66666668653488159
vt 0.083333335816860199 0
vt 0.083333335816860199 0.5
vt 0.1652018278837204 0
vt 0.1652018278837204 0.5
vt 0.1666666716337204 0
vt 0.1666666716337204 0.66666668653488159
vt 0.24853515625 0
vt 0.24853515625 0.66666668653488159
vt 0 0
vt 0 0.5
vt 0.081868492066860199 0
vt 0.081868492066860199 0.5
vt 0.99853515625 0.5
vt 0.3333333432674408 0.5
vt 0.99853515625 0.99853515625
vt 0.3333333432674408 0.99853515625
vt 0.99853515625 0
vt 0.3333333432674408 0
vt 0.99853515625 0.49853515625
vt 0.3333333432674408 0.49853515625
vn -1 0 0
vn -1 0 0
vn -1 0 0
vn -1 0 0
vn 0 0 1
vn 0 0 1
vn 0 0 1
vn 0 0 1
vn 1 0 0
vn 1 0 0
vn 1 0 0
vn 1 0 0
vn 0 0 -1
vn 0 0 -1
vn 0 0 -1
vn 0 0 -1
vn 0 1 0
vn 0 1 0
vn 0 1 0
vn 0 1 0
vn 0 -1 0
vn 0 -1 0
vn 0 -1 0
vn 0 -1 0
f 2/2/2 4/4/4 3/3/3 1/1/1
f 6/6/6 8/8/8 7/7/7 5/5/5
f 10/10/10 12/12/12 11/11/11 9/9/9
f 14/14/14 16/16/16 15/15/15 13/13/13
f 18/18/18 17/17/17 19/19/19 20/20/20
f 22/22/22 21/21/21 23/23/23 24/24/24
o object_2
v 30 0 -38
v 30 0 -52
v 30 15 -38
v 30 15 -52
v 30 0 -52
v 8 0 -52
v 30 15 -52
v 8 15 -52
v 8 0 -52
v 8 0 -70
v 8 15 -52
v 8 15 -70
v 8 0 -70
v 0 0 -70
v 8 15 -70
v 0 15 -70
v 0 0 -70
v 0 0 -20
v 0 15 -70
v 0 15 -20
v 0 0 -20
v 15 0 -20
v 0 15 -20
v 15 15 -20
v 15 0 -20
v 15 0 -29
v 15 15 -20
v 15 15 -29
v 15 0 -29
v 6 0 -29
v 15 15 -29
v 6 15 -29
v 6 0 -29
v 6 0 -38
v 6 15 -29
v 6 15 -38
v 6 0 -38
v 30 0 -38
v 6 15 -38
v 30 15 -38
v 30 15 -52
v 8 15 -52
v 30 15 -38
v 6 15 -38
v 6 15 -29
v 15 15 -29
v 15 15 -20
v 0 15 -20
v 0 15 -70
v 8 15 -70
v 30 0 -52
v 30 0 -38
v 8 0 -52
v 8 0 -70
v 0 0 -70
v 0 0 -20
v 15 0 -20
v 15 0 -29
v 6 0 -29
v 6 0 -38
vt 0.16447368264198303 0.61986750364303589
vt 0.16447368264198303 0.77337628602981567
vt 0.32748252153396606 0.61986750364303589
vt 0.32748252153396606 0.77337628602981567
vt 0.33223685622215271 0
vt 0.33223685622215271 0.23976323008537292
vt 0.49671053886413574 0
vt 0.49671053886413574 0.23976323008537292
vt 0 0
vt 0 0.19736842811107635
vt 0.16447368264198303 0
vt 0.16447368264198303 0.19736842811107635
vt 0 0.40570175647735596
vt 0 0.4934210479259491
vt 0.16300883889198303 0.40570175647735596
vt 0.16300883889198303 0.4934210479259491
vt 0.54824560880661011 0.24122807383537292
vt 0 0.24122807383537292
vt 0.54824560880661011 0.40423691272735596
vt 0 0.40423691272735596
vt 0.32748252153396606 0.78644084930419922
vt 0.16447368264198303 0.78644084930419922
vt 0.32748252153396606 0.95091450214385986
vt 0.16447368264198303 0.95091450214385986
vt 0.16447368264198303 0.51278460025787354
vt 0.16447368264198303 0.6114688515663147
vt 0.32748252153396606 0.51278460025787354
vt 0.32748252153396606 0.6114688515663147
vt 0.16447368264198303 0.40570175647735596
vt 0.16447368264198303 0.50438594818115234
vt 0.32748252153396606 0.40570175647735596
vt 0.32748252153396606 0.50438594818115234
vt 0 0.50648564100265503
vt 0 0.60516983270645142
vt 0.16300883889198303 0.50648564100265503
vt 0.16300883889198303 0.60516983270645142
vt 0 0.61986750364303589
vt 0 0.8830254077911377
vt 0.16300883889198303 0.61986750364303589
vt 0.16300883889198303 0.8830254077911377
vt 0.99526005983352661 0.35635963082313538
vt 0.75508511066436768 0.35635963082313538
vt 0.99526005983352661 0.20285087823867798
vt 0.73325103521347046 0.20285087823867798
vt 0.73325103521347046 0.1041666716337204
vt 0.83150440454483032 0.1041666716337204
vt 0.83150440454483032 0.0054824561811983585
vt 0.66774880886077881 0.0054824561811983585
vt 0.66774880886077881 0.55372804403305054
vt 0.75508511066436768 0.55372804403305054
vt 0.65973371267318726 0.60802125930786133
vt 0.65973371267318726 0.76112794876098633
vt 0.4195588231086731 0.60802125930786133
vt 0.4195588231086731 0.41116985678672791
vt 0.33222249150276184 0.41116985678672791
vt 0.33222249150276184 0.95797932147979736
vt 0.49597811698913574 0.95797932147979736
vt 0.49597811698913574 0.85955363512039185
vt 0.39772471785545349 0.85955363512039185
vt 0.39772471785545349 0.76112794876098633
vn 1 0 0
vn 1 0 0
vn 1 0 0
vn 1 0 0
vn 0 0 -1
vn 0 0 -1
vn 0 0 -1
vn 0 0 -1
vn 1 0 0
vn 1 0 0
vn 1 0 0
vn 1 0 0
vn 0 0 -1
vn 0 0 -1
vn 0 0 -1
vn 0 0 -1
vn -1 0 0
vn -1 0 0
vn -1 0 0
vn -1 0 0
vn 0 0 1
vn 0 0 1
vn 0 0 1
vn 0 0 1
vn 1 0 0
vn 1 0 0
vn 1 0 0
vn 1 0 0
vn 0 0 -1
vn 0 0 -1
vn 0 0 -1
vn 0 0 -1
vn 1 0 0
vn 1 0 0
vn 1 0 0
vn 1 0 0
vn 0 0 1
vn 0 0 1
vn 0 0 1
vn 0 0 1
vn 0 1 0
vn 0 1 0
vn 0 1 0
vn 0 1 0
vn 0 1 0
vn 0 1 0
vn 0 1 0
vn 0 1 0
vn 0 1 0
vn 0 1 0
vn 0 -1 0
vn 0 -1 0
vn 0 -1 0
vn 0 -1 0
vn 0 -1 0
vn 0 -1 0
vn 0 -1 0
vn 0 -1 0
vn 0 -1 0
vn 0 -1 0
f 26/26/26 28/28/28 27/27/27 25/25/25
f 30/30/30 32/32/32 31/31/31 29/29/29
f 34/34/34 36/36/36 35/35/35 33/33/33
f 38/38/38 40/40/40 39/39/39 37/37/37
f 42/42/42 44/44/44 43/43/43 41/41/41
f 46/46/46 48/48/48 47/47/47 45/45/45
f 50/50/50 52/52/52 51/51/51 49/49/49
f 54/54/54 56/56/56 55/55/55 53/53/53
f 58/58/58 60/60/60 59/59/59 57/57/57
f 62/62/62 64/64/64 63/63/63 61/61/61
f 68/68/68 72/72/72 69/69/69
f 72/72/72 71/71/71 70/70/70 69/69/69
f 66/66/66 73/73/73 68/68/68
f 72/72/72 68/68/68 73/73/73
f 74/74/74 73/73/73 66/66/66
f 68/68/68 67/67/67 65/65/65 66/66/66
f 77/77/77 84/84/84 79/79/79
f 83/83/83 80/80/80 84/84/84
f 79/79/79 84/84/84 80/80/80
f 81/81/81 80/80/80 83/83/83 82/82/82
f 78/78/78 77/77/77 79/79/79
f 77/77/77 75/75/75 76/76/76 84/84/84
o object_3
v 180 0 -52
v 180 0 -38
v 180 15 -52
v 180 15 -38
v 180 0 -38
v 202 0 -38
v 180 15 -38
v 202 15 -38
v 202 0 -38
v 202 0 -20
v 202 15 -38
v 202 15 -20
v 202 0 -20
v 210 0 -20
v 202 15 -20
v 210 15 -20
v 210 0 -20
v 210 0 -70
v 210 15 -20
v 210 15 -70
v 210 0 -70
v 195 0 -70
v 210 15 -70
v 195 15 -70
v 195 0 -70
v 195 0 -61
v 195 15 -70
v 195 15 -61
v 195 0 -61
v 204 0 -61
v 195 15 -61
v 204 15 -61
v 204 0 -61
v 204 0 -52
v 204 15 -61
v 204 15 -52
v 204 0 -52
v 180 0 -52
v 204 15 -52
v 180 15 -52
v 180 15 -38
v 202 15 -38
v 180 15 -52
v 204 15 -52
v 204 15 -61
v 195 15 -61
v 195 15 -70
v 210 15 -70
v 210 15 -20
v 202 15 -20
v 180 0 -38
v 180 0 -52
v 202 0 -38
v 202 0 -20
v 210 0 -20
v 210 0 -70
v 195 0 -70
v 195 0 -61
v 204 0 -61
v 204 0 -52
vt 0.16447368264198303 0.61986750364303589
vt 0.16447368264198303 0.77337628602981567
vt 0.32748252153396606 0.61986750364303589
vt 0.32748252153396606 0.77337628602981567
vt 0.33223685622215271 0
vt 0.33223685622215271 0.23976323008537292
vt 0.49671053886413574 0
vt 0.49671053886413574 0.23976323008537292
vt 0 0
vt 0 0.19736842811107635
vt 0.16447368264198303 0
vt 0.16447368264198303 0.19736842811107635
vt 0 0.40570175647735596
vt 0 0.4934210479259491
vt 0.16300883889198303 0.40570175647735596
vt 0.16300883889198303 0.4934210479259491
vt 0.54824560880661011 0.24122807383537292
vt 0 0.24122807383537292
vt 0.54824560880661011 0.40423691272735596
vt 0 0.40423691272735596
vt 0.32748252153396606 0.78644084930419922
vt 0.16447368264198303 0.78644084930419922
vt 0.32748252153396606 0.95091450214385986
vt 0.16447368264198303 0.95091450214385986
vt 0.16447368264198303 0.51278460025787354
vt 0.16447368264198303 0.6114688515663147
vt 0.32748252153396606 0.51278460025787354
vt 0.32748252153396606 0.6114688515663147
vt 0.16447368264198303 0.40570175647735596
vt 0.16447368264198303 0.50438594818115234
vt 0.32748252153396606 0.40570175647735596
vt 0.32748252153396606 0.50438594818115234
vt 0 0.50648564100265503
vt 0 0.60516983270645142
vt 0.16300883889198303 0.50648564100265503
vt 0.16300883889198303 0.60516983270645142
vt 0 0.61986750364303589
vt 0 0.8830254077911377
vt 0.16300883889198303 0.61986750364303589
vt 0.16300883889198303 0.8830254077911377
vt 0.66774880886077881 0.20285087823867798
vt 0.90792369842529297 0.20285087823867798
vt 0.66774880886077881 0.35635963082313538
vt 0.92975777387619019 0.35635963082313538
vt 0.92975777387619019 0.45504385232925415
vt 0.83150440454483032 0.45504385232925415
vt 0.83150440454483032 0.55372804403305054
vt 0.99526005983352661 0.55372804403305054
vt 0.99526005983352661 0.0054824561811983585
vt 0.90792369842529297 0.0054824561811983585
vt 0.33222249150276184 0.76112794876098633
vt 0.33222249150276184 0.60802125930786133
vt 0.57239741086959839 0.76112794876098633
vt 0.57239741086959839 0.95797932147979736
vt 0.65973371267318726 0.95797932147979736
vt 0.65973371267318726 0.41116985678672791
vt 0.49597811698913574 0.41116985678672791
vt 0.49597811698913574 0.50959557294845581
vt 0.59423148632049561 0.50959557294845581
vt 0.59423148632049561 0.60802125930786133
vn -1 0 0
vn -1 0 0
vn -1 0 0
vn -1 0 0
vn 0 0 1
vn 0 0 1
vn 0 0 1
vn 0 0 1
vn -1 0 0
vn -1 0 0
vn -1 0 0
vn -1 0 0
vn 0 0 1
vn 0 0 1
vn 0 0 1
vn 0 0 1
vn 1 0 0
vn 1 0 0
vn 1 0 0
vn 1 0 0
vn 0 0 -1
vn 0 0 -1
vn 0 0 -1
vn 0 0 -1
vn -1 0 0
vn -1 0 0
vn -1 0 0
vn -1 0 0
vn 0 0 1
vn 0 0 1
vn 0 0 1
vn 0 0 1
vn -1 0 0
vn -1 0 0
vn -1 0 0
vn -1 0 0
vn 0 0 -1
vn 0 0 -1
vn 0 0 -1
vn 0 0 -1
vn 0 1 0
vn 0 1 0
vn 0 1 0
vn 0 1 0
vn 0 1 0
vn 0 1 0
vn 0 1 0
vn 0 1 0
vn 0 1 0
vn 0 1 0
vn 0 -1 0
vn 0 -1 0
vn 0 -1 0
vn 0 -1 0
vn 0 -1 0
vn 0 -1 0
vn 0 -1 0
vn 0 -1 0
vn 0 -1 0
vn 0 -1 0
f 86/86/86 88/88/88 87/87/87 85/85/85
f 90/90/90 92/92/92 91/91/91 89/89/89
f 94/94/94 96/96/96 95/95/95 93/93/93
f 98/98/98 100/100/100 99/99/99 97/97/97
f 102/102/102 104/104/104 103/103/103 101/101/101
f 106/106/106 108/108/108 107/107/107 105/105/105
f 110/110/110 112/112/112 111/111/111 109/109/109
f 114/114/114 116/116/116 115/115/115 113/113/113
f 118/118/118 120/120/120 119/119/119 117/117/117
f 122/122/122 124/124/124 123/123/123 121/121/121
f 128/128/128 127/127/127 125/125/125 126/126/126
f 130/130/130 129/129/129 131/131/131
f 128/128/128 126/126/126 133/133/133
f 134/134/134 133/133/133 126/126/126
f 129/129/129 128/128/128 132/132/132
f 133/133/133 132/132/132 128/128/128
f 131/131/131 129/129/129 132/132/132
f 136/136/136 144/144/144 137/137/137 135/135/135
f 143/143/143 142/142/142 141/141/141
f 144/144/144 143/143/143 140/140/140
f 141/141/141 140/140/140 143/143/143
f 138/138/138 137/137/137 139/139/139
f 139/139/139 137/137/137 144/144/144
f 140/140/140 139/139/139 144/144/144
o object_4
v 180 10 -38
v 180 10 -30
v 180 15 -38
v 180 15 -30
v 180 10 -30
v 187 10 -30
v 180 15 -30
v 187 15 -30
v 187 10 -30
v 187 10 -38
v 187 15 -30
v 187 15 -38
v 187 10 -38
v 180 10 -38
v 187 15 -38
v 180 15 -38
v 180 15 -30
v 180 15 -38
v 187 15 -30
v 187 15 -38
v 180 10 -38
v 180 10 -30
v 187 10 -38
v 187 10 -30
vt 0.72222220897674561 0.3888888955116272
vt 0.72222220897674561 0.83186846971511841
vt 0.99853515625 0.3888888955116272
vt 0.99853515625 0.83186846971511841
vt 0.72222220897674561 0
vt 0.72222220897674561 0.3874240517616272
vt 0.99853515625 0
vt 0.99853515625 0.3874240517616272
vt 0.4444444477558136 0.3888888955116272
vt 0.4444444477558136 0.83186846971511841
vt 0.72075736522674561 0.3888888955116272
vt 0.72075736522674561 0.83186846971511841
vt 0.4444444477558136 0
vt 0.4444444477558136 0.3874240517616272
vt 0.72075736522674561 0
vt 0.72075736522674561 0.3874240517616272
vt 0.4429796040058136 0.4166666567325592
vt 0 0.4166666567325592
vt 0.4429796040058136 0.80555558204650879
vt 0 0.80555558204650879
vt 0.4429796040058136 0
vt 0 0
vt 0.4429796040058136 0.3888888955116272
vt 0 0.3888888955116272
vn -1 0 0
vn -1 0 0
vn -1 0 0
vn -1 0 0
vn 0 0 1
vn 0 0 1
vn 0 0 1
vn 0 0 1
vn 1 0 0
vn 1 0 0
vn 1 0 0
vn 1 0 0
vn 0 0 -1
vn 0 0 -1
vn 0 0 -1
vn 0 0 -1
vn 0 1 0
vn 0 1 0
vn 0 1 0
vn 0 1 0
vn 0 -1 0
vn 0 -1 0
vn 0 -1 0
vn 0 -1 0
f 146/146/146 148/148/148 147/147/147 145/145/145
f 150/150/150 152/152/152 151/151/151 149/149/149
f 154/154/154 156/156/156 155/155/155 153/153/153
f 158/158/158 160/160/160 159/159/159 157/157/157
f 162/162/162 161/161/161 163/163/163 164/164/164
f 166/166/166 165/165/165 167/167/167 168/168/168
o object_5
v 30 10 -52
v 30 10 -60
v 30 15 -52
v 30 15 -60
v 30 10 -60
v 23 10 -60
v 30 15 -60
v 23 15 -60
v 23 10 -60
v 23 10 -52
v 23 15 -60
v 23 15 -52
v 23 10 -52
v 30 10 -52
v 23 15 -52
v 30 15 -52
v 23 15 -52
v 23 15 -60
v 30 15 -52
v 30 15 -60
v 23 10 -60
v 23 10 -52
v 30 10 -60
v 30 10 -52
vt 0.72222220897674561 0.3888888955116272
vt 0.72222220897674561 0.83186846971511841
vt 0.99853515625 0.3888888955116272
vt 0.99853515625 0.83186846971511841
vt 0.72222220897674561 0
vt 0.72222220897674561 0.3874240517616272
vt 0.99853515625 0
vt 0.99853515625 0.3874240517616272
vt 0.4444444477558136 0.3888888955116272
vt 0.4444444477558136 0.83186846971511841
vt 0.72075736522674561 0.3888888955116272
vt 0.72075736522674561 0.83186846971511841
vt 0.4444444477558136 0
vt 0.4444444477558136 0.3874240517616272
vt 0.72075736522674561 0
vt 0.72075736522674561 0.3874240517616272
vt 0.4429796040058136 0.4166666567325592
vt 0 0.4166666567325592
vt 0.4429796040058136 0.80555558204650879
vt 0 0.80555558204650879
vt 0.4429796040058136 0
vt 0 0
vt 0.4429796040058136 0.3888888955116272
vt 0 0.3888888955116272
vn 1 0 0
vn 1 0 0
vn 1 0 0
vn 1 0 0
vn 0 0 -1
vn 0 0 -1
vn 0 0 -1
vn 0 0 -1
vn -1 0 0
vn -1 0 0
vn -1 0 0
vn -1 0 0
vn 0 0 1
vn 0 0 1
vn 0 0 1
vn 0 0 1
vn 0 1 0
vn 0 1 0
vn 0 1 0
vn 0 1 0
vn 0 -1 0
vn 0 -1 0
vn 0 -1 0
vn 0 -1 0
f 170/170/170 172/172/172 171/171/171 169/169/169
f 174/174/174 176/176/176 175/175/175 173/173/173
f 178/178/178 180/180/180 179/179/179 177/177/177
f 182/182/182 184/184/184 183/183/183 181/181/181
f 186/186/186 185/185/185 187/187/187 188/188/188
f 190/190/190 189/189/189 191/191/191 192/192/192
o object_6
v 180 5 -38
v 180 5 -30
v 180 10 -38
v 180 10 -30
v 180 5 -30
v 187 5 -30
v 180 10 -30
v 187 10 -30
v 187 5 -30
v 187 5 -38
v 187 10 -30
v 187 10 -38
v 187 5 -38
v 180 5 -38
v 187 10 -38
v 180 10 -38
v 180 10 -30
v 180 10 -38
v 187 10 -30
v 187 10 -38
v 180 5 -38
v 180 5 -30
v 187 5 -38
v 187 5 -30
vt 0.72222220897674561 0.3888888955116272
vt 0.72222220897674561 0.83186846971511841
vt 0.99853515625 0.3888888955116272
vt 0.99853515625 0.83186846971511841
vt 0.72222220897674561 0
vt 0.72222220897674561 0.3874240517616272
vt 0.99853515625 0
vt 0.99853515625 0.3874240517616272
vt 0.4444444477558136 0.3888888955116272
vt 0.4444444477558136 0.83186846971511841
vt 0.72075736522674561 0.3888888955116272
vt 0.72075736522674561 0.83186846971511841
vt 0.4444444477558136 0
vt 0.4444444477558136 0.3874240517616272
vt 0.72075736522674561 0
vt 0.72075736522674561 0.3874240517616272
vt 0.4429796040058136 0.4166666567325592
vt 0 0.4166666567325592
vt 0.4429796040058136 0.80555558204650879
vt 0 0.80555558204650879
vt 0.4429796040058136 0
vt 0 0
vt 0.4429796040058136 0.3888888955116272
vt 0 0.3888888955116272
vn -1 0 0
vn -1 0 0
vn -1 0 0
vn -1 0 0
vn 0 0 1
vn 0 0 1
vn 0 0 1
vn 0 0 1
vn 1 0 0
vn 1 0 0
vn 1 0 0
vn 1 0 0
vn 0 0 -1
vn 0 0 -1
vn 0 0 -1
vn 0 0 -1
vn 0 1 0
vn 0 1 0
vn 0 1 0
vn 0 1 0
vn 0 -1 0
vn 0 -1 0
vn 0 -1 0
vn 0 -1 0
f 194/194/194 196/196/196 195/195/195 193/193/193
f 198/198/198 200/200/200 199/199/199 197/197/197
f 202/202/202 204/204/204 203/203/203 201/201/201
f 206/206/206 208/208/208 207/207/207 205/205/205
f 210/210/210 209/209/209 211/211/211 212/212/212
f 214/214/214 213/213/213 215/215/215 216/216/216
o object_7
v 30 5 -52
v 30 5 -60
v 30 10 -52
v 30 10 -60
v 30 5 -60
v 23 5 -60
v 30 10 -60
v 23 10 -60
v 23 5 -60
v 23 5 -52
v 23 10 -60
v 23 10 -52
v 23 5 -52
v 30 5 -52
v 23 10 -52
v 30 10 -52
v 23 10 -52
v 23 10 -60
v 30 10 -52
v 30 10 -60
v 23 5 -60
v 23 5 -52
v 30 5 -60
v 30 5 -52
vt 0.72222220897674561 0.3888888955116272
vt 0.72222220897674561 0.83186846971511841
vt 0.99853515625 0.3888888955116272
vt 0.99853515625 0.83186846971511841
vt 0.72222220897674561 0
vt 0.72222220897674561 0.3874240517616272
vt 0.99853515625 0
vt 0.99853515625 0.3874240517616272
vt 0.4444444477558136 0.3888888955116272
vt 0.4444444477558136 0.83186846971511841
vt 0.72075736522674561 0.3888888955116272
vt 0.72075736522674561 0.83186846971511841
vt 0.4444444477558136 0
vt 0.4444444477558136 0.3874240517616272
vt 0.72075736522674561 0
vt 0.72075736522674561 0.3874240517616272
vt 0.4429796040058136 0.4166666567325592
vt 0 0.4166666567325592
vt 0.4429796040058136 0.80555558204650879
vt 0 0.80555558204650879
vt 0.4429796040058136 0
vt 0 0
vt 0.4429796040058136 0.3888888955116272
vt 0 0.3888888955116272
vn 1 0 0
vn 1 0 0
vn 1 0 0
vn 1 0 0
vn 0 0 -1
vn 0 0 -1
vn 0 0 -1
vn 0 0 -1
vn -1 0 0
vn -1 0 0
vn -1 0 0
vn -1 0 0
vn 0 0 1
vn 0 0 1
vn 0 0 1
vn 0 0 1
vn 0 1 0
vn 0 1 0
vn 0 1 0
vn 0 1 0
vn 0 -1 0
vn 0 -1 0
vn 0 -1 0
vn 0 -1 0
f 218/218/218 220/220/220 219/219/219 217/217/217
f 222/222/222 224/224/224 223/223/223 221/221/221
f 226/226/226 228/228/228 227/227/227 225/225/225
f 230/230/230 232/232/232 231/231/231 229/229/229
f 234/234/234 233/233/233 235/235/235 236/236/236
f 238/238/238 237/237/237 239/239/239 240/240/240
o object_8
v 180 0 -38
v 180 0 -30
v 180 5 -38
v 180 5 -30
v 180 0 -30
v 187 0 -30
v 180 5 -30
v 187 5 -30
v 187 0 -30
v 187 0 -38
v 187 5 -30
v 187 5 -38
v 187 0 -38
v 180 0 -38
v 187 5 -38
v 180 5 -38
v 180 5 -30
v 180 5 -38
v 187 5 -30
v 187 5 -38
v 180 0 -38
v 180 0 -30
v 187 0 -38
v 187 0 -30
vt 0.72222220897674561 0.3888888955116272
vt 0.72222220897674561 0.83186846971511841
vt 0.99853515625 0.3888888955116272
vt 0.99853515625 0.83186846971511841
vt 0.72222220897674561 0
vt 0.72222220897674561 0.3874240517616272
vt 0.99853515625 0
vt 0.99853515625 0.3874240517616272
vt 0.4444444477558136 0.3888888955116272
vt 0.4444444477558136 0.83186846971511841
vt 0.72075736522674561 0.3888888955116272
vt 0.72075736522674561 0.83186846971511841
vt 0.4444444477558136 0
vt 0.4444444477558136 0.3874240517616272
vt 0.72075736522674561 0
vt 0.72075736522674561 0.3874240517616272
vt 0.4429796040058136 0.4166666567325592
vt 0 0.4166666567325592
vt 0.4429796040058136 0.80555558204650879
vt 0 0.80555558204650879
vt 0.4429796040058136 0
vt 0 0
vt 0.4429796040058136 0.3888888955116272
vt 0 0.3888888955116272
vn -1 0 0
vn -1 0 0
vn -1 0 0
vn -1 0 0
vn 0 0 1
vn 0 0 1
vn 0 0 1
vn 0 0 1
vn 1 0 0
vn 1 0 0
vn 1 0 0
vn 1 0 0
vn 0 0 -1
vn 0 0 -1
vn 0 0 -1
vn 0 0 -1
vn 0 1 0
vn 0 1 0
vn 0 1 0
vn 0 1 0
vn 0 -1 0
vn 0 -1 0
vn 0 -1 0
vn 0 -1 0
f 242/242/242 244/244/244 243/243/243 241/241/241
f 246/246/246 248/248/248 247/247/247 245/245/245
f 250/250/250 252/252/252 251/251/251 249/249/249
f 254/254/254 256/256/256 255/255/255 253/253/253
f 258/258/258 257/257/257 259/259/259 260/260/260
f 262/262/262 261/261/261 263/263/263 264/264/264
o object_9
v 30 0 -52
v 30 0 -60
v 30 5 -52
v 30 5 -60
v 30 0 -60
v 23 0 -60
v 30 5 -60
v 23 5 -60
v 23 0 -60
v 23 0 -52
v 23 5 -60
v 23 5 -52
v 23 0 -52
v 30 0 -52
v 23 5 -52
v 30 5 -52
v 23 5 -52
v 23 5 -60
v 30 5 -52
v 30 5 -60
v 23 0 -60
v 23 0 -52
v 30 0 -60
v 30 0 -52
vt 0.72222220897674561 0.3888888955116272
vt 0.72222220897674561 0.83186846971511841
vt 0.99853515625 0.3888888955116272
vt 0.99853515625 0.83186846971511841
vt 0.72222220897674561 0
vt 0.72222220897674561 0.3874240517616272
vt 0.99853515625 0
vt 0.99853515625 0.3874240517616272
vt 0.4444444477558136 0.3888888955116272
vt 0.4444444477558136 0.83186846971511841
vt 0.72075736522674561 0.3888888955116272
vt 0.72075736522674561 0.83186846971511841
vt 0.4444444477558136 0
vt 0.4444444477558136 0.3874240517616272
vt 0.72075736522674561 0
vt 0.72075736522674561 0.3874240517616272
vt 0.4429796040058136 0.4166666567325592
vt 0 0.4166666567325592
vt 0.4429796040058136 0.80555558204650879
vt 0 0.80555558204650879
vt 0.4429796040058136 0
vt 0 0
vt 0.4429796040058136 0.3888888955116272
vt 0 0.3888888955116272
vn 1 0 0
vn 1 0 0
vn 1 0 0
vn 1 0 0
vn 0 0 -1
vn 0 0 -1
vn 0 0 -1
vn 0 0 -1
vn -1 0 0
vn -1 0 0
vn -1 0 0
vn -1 0 0
vn 0 0 1
vn 0 0 1
vn 0 0 1
vn 0 0 1
vn 0 1 0
vn 0 1 0
vn 0 1 0
vn 0 1 0
vn 0 -1 0
vn 0 -1 0
vn 0 -1 0
vn 0 -1 0
f 266/266/266 268/268/268 267/267/267 265/265/265
f 270/270/270 272/272/272 271/271/271 269/269/269
f 274/274/274 276/276/276 275/275/275 273/273/273
f 278/278/278 280/280/280 279/279/279 277/277/277
f 282/282/282 281/281/281 283/283/283 284/284/284
f 286/286/286 285/285/285 287/287/287 288/288/288
o object_10
v 187 0 -29
v 187 0 -20
v 187 15 -29
v 187 15 -20
v 187 0 -20
v 202 0 -20
v 187 15 -20
v 202 15 -20
v 202 0 -20
v 202 0 -29
v 202 15 -20
v 202 15 -29
v 202 0 -29
v 187 0 -29
v 202 15 -29
v 187 15 -29
v 187 15 -20
v 187 15 -29
v 202 15 -20
v 202 15 -29
v 187 0 -29
v 187 0 -20
v 202 0 -29
v 202 0 -20
vt 0.99853515625 0
vt 0.72727274894714355 0
vt 0.99853515625 0.45308062434196472
vt 0.72727274894714355 0.45308062434196472
vt 0.45308062434196472 0.45454546809196472
vt 0 0.45454546809196472
vt 0.45308062434196472 0.90762609243392944
vt 0 0.90762609243392944
vt 0.72580790519714355 0
vt 0.45454546809196472 0
vt 0.72580790519714355 0.45308062434196472
vt 0.45454546809196472 0.45308062434196472
vt 0.45308062434196472 0
vt 0 0
vt 0.45308062434196472 0.45308062434196472
vt 0 0.45308062434196472
vt 0.99853515625 0.45454546809196472
vt 0.72727274894714355 0.45454546809196472
vt 0.99853515625 0.90762609243392944
vt 0.72727274894714355 0.90762609243392944
vt 0.72580790519714355 0.45454546809196472
vt 0.45454546809196472 0.45454546809196472
vt 0.72580790519714355 0.90762609243392944
vt 0.45454546809196472 0.90762609243392944
vn -1 0 0
vn -1 0 0
vn -1 0 0
vn -1 0 0
vn 0 0 1
vn 0 0 1
vn 0 0 1
vn 0 0 1
vn 1 0 0
vn 1 0 0
vn 1 0 0
vn 1 0 0
vn 0 0 -1
vn 0 0 -1
vn 0 0 -1
vn 0 0 -1
vn 0 1 0
vn 0 1 0
vn 0 1 0
vn 0 1 0
vn 0 -1 0
vn 0 -1 0
vn 0 -1 0
vn 0 -1 0
f 290/290/290 292/292/292 291/291/291 289/289/289
f 294/294/294 296/296/296 295/295/295 293/293/293
f 298/298/298 300/300/300 299/299/299 297/297/297
f 302/302/302 304/304/304 303/303/303 301/301/301
f 306/306/306 305/305/305 307/307/307 308/308/308
f 310/310/310 309/309/309 311/311/311 312/312/312
o object_11
v 180 0 -70
v 180 0 -61
v 180 15 -70
v 180 15 -61
v 180 0 -61
v 195 0 -61
v 180 15 -61
v 195 15 -61
v 195 0 -61
v 195 0 -70
v 195 15 -61
v 195 15 -70
v 195 0 -70
v 180 0 -70
v 195 15 -70
v 180 15 -70
v 180 15 -61
v 180 15 -70
v 195 15 -61
v 195 15 -70
v 180 0 -70
v 180 0 -61
v 195 0 -70
v 195 0 -61
vt 0.99853515625 0
vt 0.72727274894714355 0
vt 0.99853515625 0.45308062434196472
vt 0.72727274894714355 0.45308062434196472
vt 0.45308062434196472 0.45454546809196472
vt 0 0.45454546809196472
vt 0.45308062434196472 0.90762609243392944
vt 0 0.90762609243392944
vt 0.72580790519714355 0
vt 0.45454546809196472 0
vt 0.72580790519714355 0.45308062434196472
vt 0.45454546809196472 0.45308062434196472
vt 0.45308062434196472 0
vt 0 0
vt 0.45308062434196472 0.45308062434196472
vt 0 0.45308062434196472
vt 0.99853515625 0.45454546809196472
vt 0.72727274894714355 0.45454546809196472
vt 0.99853515625 0.90762609243392944
vt 0.72727274894714355 0.90762609243392944
vt 0.72580790519714355 0.45454546809196472
vt 0.45454546809196472 0.45454546809196472
vt 0.72580790519714355 0.90762609243392944
vt 0.45454546809196472 0.90762609243392944
vn -1 0 0
vn -1 0 0
vn -1 0 0
vn -1 0 0
vn 0 0 1
vn 0 0 1
vn 0 0 1
vn 0 0 1
vn 1 0 0
vn 1 0 0
vn 1 0 0
vn 1 0 0
vn 0 0 -1
vn 0 0 -1
vn 0 0 -1
vn 0 0 -1
vn 0 1 0
vn 0 1 0
vn 0 1 0
vn 0 1 0
vn 0 -1 0
vn 0 -1 0
vn 0 -1 0
vn 0 -1 0
f 314/314/314 316/316/316 315/315/315 313/313/313
f 318/318/318 320/320/320 319/319/319 317/317/317
f 322/322/322 324/324/324 323/323/323 321/321/321
f 326/326/326 328/328/328 327/327/327 325/325/325
f 330/330/330 329/329/329 331/331/331 332/332/332
f 334/334/334 333/333/333 335/335/335 336/336/336
o object_12
v 30 0 -20
v 30 0 -29
v 30 15 -20
v 30 15 -29
v 30 0 -29
v 15 0 -29
v 30 15 -29
v 15 15 -29
v 15 0 -29
v 15 0 -20
v 15 15 -29
v 15 15 -20
v 15 0 -20
v 30 0 -20
v 15 15 -20
v 30 15 -20
v 15 15 -20
v 15 15 -29
v 30 15 -20
v 30 15 -29
v 15 0 -29
v 15 0 -20
v 30 0 -29
v 30 0 -20
vt 0.99853515625 0
vt 0.72727274894714355 0
vt 0.99853515625 0.45308062434196472
vt 0.72727274894714355 0.45308062434196472
vt 0.45308062434196472 0.45454546809196472
vt 0 0.45454546809196472
vt 0.45308062434196472 0.90762609243392944
vt 0 0.90762609243392944
vt 0.72580790519714355 0
vt 0.45454546809196472 0
vt 0.72580790519714355 0.45308062434196472
vt 0.45454546809196472 0.45308062434196472
vt 0.45308062434196472 0
vt 0 0
vt 0.45308062434196472 0.45308062434196472
vt 0 0.45308062434196472
vt 0.99853515625 0.45454546809196472
vt 0.72727274894714355 0.45454546809196472
vt 0.99853515625 0.90762609243392944
vt 0.72727274894714355 0.90762609243392944
vt 0.72580790519714355 0.45454546809196472
vt 0.45454546809196472 0.45454546809196472
vt 0.72580790519714355 0.90762609243392944
vt 0.45454546809196472 0.90762609243392944
vn 1 0 0
vn 1 0 0
vn 1 0 0
vn 1 0 0
vn 0 0 -1
vn 0 0 -1
vn 0 0 -1
vn 0 0 -1
vn -1 0 0
vn -1 0 0
vn -1 0 0
vn -1 0 0
vn 0 0 1
vn 0 0 1
vn 0 0 1
vn 0 0 1
vn 0 1 0
vn 0 1 0
vn 0 1 0
vn 0 1 0
vn 0 -1 0
vn 0 -1 0
vn 0 -1 0
vn 0 -1 0
f 338/338/338 340/340/340 339/339/339 337/337/337
f 342/342/342 344/344/344 343/343/343 341/341/341
f 346/346/346 348/348/348 347/347/347 345/345/345
f 350/350/350 352/352/352 351/351/351 349/349/349
f 354/354/354 353/353/353 355/355/355 356/356/356
f 358/358/358 357/357/357 359/359/359 360/360/360
o object_13
v 23 0 -61
v 23 0 -70
v 23 15 -61
v 23 15 -70
v 23 0 -70
v 8 0 -70
v 23 15 -70
v 8 15 -70
v 8 0 -70
v 8 0 -61
v 8 15 -70
v 8 15 -61
v 8 0 -61
v 23 0 -61
v 8 15 -61
v 23 15 -61
v 8 15 -61
v 8 15 -70
v 23 15 -61
v 23 15 -70
v 8 0 -70
v 8 0 -61
v 23 0 -70
v 23 0 -61
vt 0.99853515625 0
vt 0.72727274894714355 0
vt 0.99853515625 0.45308062434196472
vt 0.72727274894714355 0.45308062434196472
vt 0.45308062434196472 0.45454546809196472
vt 0 0.45454546809196472
vt 0.45308062434196472 0.90762609243392944
vt 0 0.90762609243392944
vt 0.72580790519714355 0
vt 0.45454546809196472 0
vt 0.72580790519714355 0.45308062434196472
vt 0.45454546809196472 0.45308062434196472
vt 0.45308062434196472 0
vt 0 0
vt 0.45308062434196472 0.45308062434196472
vt 0 0.45308062434196472
vt 0.99853515625 0.45454546809196472
vt 0.72727274894714355 0.45454546809196472
vt 0.99853515625 0.90762609243392944
vt 0.72727274894714355 0.90762609243392944
vt 0.72580790519714355 0.45454546809196472
vt 0.45454546809196472 0.45454546809196472
vt 0.72580790519714355 0.90762609243392944
vt 0.45454546809196472 0.90762609243392944
vn 1 0 0
vn 1 0 0
vn 1 0 0
vn 1 0 0
vn 0 0 -1
vn 0 0 -1
vn 0 0 -1
vn 0 0 -1
vn -1 0 0
vn -1 0 0
vn -1 0 0
vn -1 0 0
vn 0 0 1
vn 0 0 1
vn 0 0 1
vn 0 0 1
vn 0 1 0
vn 0 1 0
vn 0 1 0
vn 0 1 0
vn 0 -1 0
vn 0 -1 0
vn 0 -1 0
vn 0 -1 0
f 362/362/362 364/364/364 363/363/363 361/361/361
f 366/366/366 368/368/368 367/367/367 365/365/365
f 370/370/370 372/372/372 371/371/371 369/369/369
f 374/374/374 376/376/376 375/375/375 373/373/373
f 378/378/378 377/377/377 379/379/379 380/380/380
f 382/382/382 381/381/381 383/383/383 384/384/384
o object_14
v 187 0 -38
v 187 0 -29
v 187 15 -38
v 187 15 -29
v 187 0 -29
v 195 0 -29
v 187 15 -29
v 195 15 -29
v 195 0 -29
v 195 0 -38
v 195 15 -29
v 195 15 -38
v 195 0 -38
v 187 0 -38
v 195 15 -38
v 187 15 -38
v 187 15 -29
v 187 15 -38
v 195 15 -29
v 195 15 -38
v 187 0 -38
v 187 0 -29
v 195 0 -38
v 195 0 -29
vt 0.59853518009185791 0.5
vt 0.30000001192092896 0.5
vt 0.59853518009185791 0.99853515625
vt 0.30000001192092896 0.99853515625
vt 0.56666666269302368 0
vt 0.30000001192092896 0
vt 0.56666666269302368 0.49853515625
vt 0.30000001192092896 0.49853515625
vt 0.29853516817092896 0.5
vt 0 0.5
vt 0.29853516817092896 0.99853515625
vt 0 0.99853515625
vt 0.26666668057441711 0
vt 0 0
vt 0.26666668057441711 0.49853515625
vt 0 0.49853515625
vt 0.89853513240814209 0.5
vt 0.60000002384185791 0.5
vt 0.89853513240814209 0.76666665077209473
vt 0.60000002384185791 0.76666665077209473
vt 0.89853513240814209 0
vt 0.60000002384185791 0
vt 0.89853513240814209 0.26666668057441711
vt 0.60000002384185791 0.26666668057441711
vn -1 0 0
vn -1 0 0
vn -1 0 0
vn -1 0 0
vn 0 0 1
vn 0 0 1
vn 0 0 1
vn 0 0 1
vn 1 0 0
vn 1 0 0
vn 1 0 0
vn 1 0 0
vn 0 0 -1
vn 0 0 -1
vn 0 0 -1
vn 0 0 -1
vn 0 1 0
vn 0 1 0
vn 0 1 0
vn 0 1 0
vn 0 -1 0
vn 0 -1 0
vn 0 -1 0
vn 0 -1 0
f 386/386/386 388/388/388 387/387/387 385/385/385
f 390/390/390 392/392/392 391/391/391 389/389/389
f 394/394/394 396/396/396 395/395/395 393/393/393
f 398/398/398 400/400/400 399/399/399 397/397/397
f 402/402/402 401/401/401 403/403/403 404/404/404
f 406/406/406 405/405/405 407/407/407 408/408/408
o object_15
v 180 0 -30
v 180 0 -20
v 180 15 -30
v 180 15 -20
v 180 0 -20
v 187 0 -20
v 180 15 -20
v 187 15 -20
v 187 0 -20
v 187 0 -30
v 187 15 -20
v 187 15 -30
v 187 0 -30
v 180 0 -30
v 187 15 -30
v 180 15 -30
v 180 15 -20
v 180 15 -30
v 187 15 -20
v 187 15 -30
v 180 0 -30
v 180 0 -20
v 187 0 -30
v 187 0 -20
vt 0.99853515625 0
vt 0.66666668653488159 0
vt 0.99853515625 0.5
vt 0.66666668653488159 0.5
vt 0 0.23333333432674408
vt 0 0.46520182490348816
vt 0.5 0.23333333432674408
vt 0.5 0.46520182490348816
vt 0.66520184278488159 0.46666666865348816
vt 0.3333333432674408 0.46666666865348816
vt 0.66520184278488159 0.96520179510116577
vt 0.3333333432674408 0.96520179510116577
vt 0 0
vt 0 0.23186849057674408
vt 0.5 0
vt 0.5 0.23186849057674408
vt 0.3318684995174408 0.71666663885116577
vt 0 0.71666663885116577
vt 0.3318684995174408 0.94999998807907104
vt 0 0.94999998807907104
vt 0.3318684995174408 0.46666666865348816
vt 0 0.46666666865348816
vt 0.3318684995174408 0.69999998807907104
vt 0 0.69999998807907104
vn -1 0 0
vn -1 0 0
vn -1 0 0
vn -1 0 0
vn 0 0 1
vn 0 0 1
vn 0 0 1
vn 0 0 1
vn 1 0 0
vn 1 0 0
vn 1 0 0
vn 1 0 0
vn 0 0 -1
vn 0 0 -1
vn 0 0 -1
vn 0 0 -1
vn 0 1 0
vn 0 1 0
vn 0 1 0
vn 0 1 0
vn 0 -1 0
vn 0 -1 0
vn 0 -1 0
vn 0 -1 0
f 410/410/410 412/412/412 411/411/411 409/409/409
f 414/414/414 416/416/416 415/415/415 413/413/413
f 418/418/418 420/420/420 419/419/419 417/417/417
f 422/422/422 424/424/424 423/423/423 421/421/421
f 426/426/426 425/425/425 427/427/427 428/428/428
f 430/430/430 429/429/429 431/431/431 432/432/432
o object_16
v 196 0 -61
v 196 0 -52
v 196 15 -61
v 196 15 -52
v 196 0 -52
v 204 0 -52
v 196 15 -52
v 204 15 -52
v 204 0 -52
v 204 0 -61
v 204 15 -52
v 204 15 -61
v 204 0 -61
v 196 0 -61
v 204 15 -61
v 196 15 -61
v 196 15 -52
v 196 15 -61
v 204 15 -52
v 204 15 -61
v 196 0 -61
v 196 0 -52
v 204 0 -61
v 204 0 -52
vt 0.59853518009185791 0.5
vt 0.30000001192092896 0.5
vt 0.59853518009185791 0.99853515625
vt 0.30000001192092896 0.99853515625
vt 0.56666666269302368 0
vt 0.30000001192092896 0
vt 0.56666666269302368 0.49853515625
vt 0.30000001192092896 0.49853515625
vt 0.29853516817092896 0.5
vt 0 0.5
vt 0.29853516817092896 0.99853515625
vt 0 0.99853515625
vt 0.26666668057441711 0
vt 0 0
vt 0.26666668057441711 0.49853515625
vt 0 0.49853515625
vt 0.89853513240814209 0.5
vt 0.60000002384185791 0.5
vt 0.89853513240814209 0.76666665077209473
vt 0.60000002384185791 0.76666665077209473
vt 0.89853513240814209 0
vt 0.60000002384185791 0
vt 0.89853513240814209 0.26666668057441711
vt 0.60000002384185791 0.26666668057441711
vn -1 0 0
vn -1 0 0
vn -1 0 0
vn -1 0 0
vn 0 0 1
vn 0 0 1
vn 0 0 1
vn 0 0 1
vn 1 0 0
vn 1 0 0
vn 1 0 0
vn 1 0 0
vn 0 0 -1
vn 0 0 -1
vn 0 0 -1
vn 0 0 -1
vn 0 1 0
vn 0 1 0
vn 0 1 0
vn 0 1 0
vn 0 -1 0
vn 0 -1 0
vn 0 -1 0
vn 0 -1 0
f 434/434/434 436/436/436 435/435/435 433/433/433
f 438/438/438 440/440/440 439/439/439 437/437/437
f 442/442/442 444/444/444 443/443/443 441/441/441
f 446/446/446 448/448/448 447/447/447 445/445/445
f 450/450/450 449/449/449 451/451/451 452/452/452
f 454/454/454 453/453/453 455/455/455 456/456/456
o object_17
v 188 0 -61
v 188 0 -52
v 188 15 -61
v 188 15 -52
v 188 0 -52
v 196 0 -52
v 188 15 -52
v 196 15 -52
v 196 0 -52
v 196 0 -61
v 196 15 -52
v 196 15 -61
v 196 0 -61
v 188 0 -61
v 196 15 -61
v 188 15 -61
v 188 15 -52
v 188 15 -61
v 196 15 -52
v 196 15 -61
v 188 0 -61
v 188 0 -52
v 196 0 -61
v 196 0 -52
vt 0.59853518009185791 0.5
vt 0.30000001192092896 0.5
vt 0.59853518009185791 0.99853515625
vt 0.30000001192092896 0.99853515625
vt 0.56666666269302368 0
vt 0.30000001192092896 0
vt 0.56666666269302368 0.49853515625
vt 0.30000001192092896 0.49853515625
vt 0.29853516817092896 0.5
vt 0 0.5
vt 0.29853516817092896 0.99853515625
vt 0 0.99853515625
vt 0.26666668057441711 0
vt 0 0
vt 0.26666668057441711 0.49853515625
vt 0 0.49853515625
vt 0.89853513240814209 0.5
vt 0.60000002384185791 0.5
vt 0.89853513240814209 0.76666665077209473
vt 0.60000002384185791 0.76666665077209473
vt 0.89853513240814209 0
vt 0.60000002384185791 0
vt 0.89853513240814209 0.26666668057441711
vt 0.60000002384185791 0.26666668057441711
vn -1 0 0
vn -1 0 0
vn -1 0 0
vn -1 0 0
vn 0 0 1
vn 0 0 1
vn 0 0 1
vn 0 0 1
vn 1 0 0
vn 1 0 0
vn 1 0 0
vn 1 0 0
vn 0 0 -1
vn 0 0 -1
vn 0 0 -1
vn 0 0 -1
vn 0 1 0
vn 0 1 0
vn 0 1 0
vn 0 1 0
vn 0 -1 0
vn 0 -1 0
vn 0 -1 0
vn 0 -1 0
f 458/458/458 460/460/460 459/459/459 457/457/457
f 462/462/462 464/464/464 463/463/463 461/461/461
f 466/466/466 468/468/468 467/467/467 465/465/465
f 470/470/470 472/472/472 471/471/471 469/469/469
f 474/474/474 473/473/473 475/475/475 476/476/476
f 478/478/478 477/477/477 479/479/479 480/480/480
o object_18
v 180 0 -61
v 180 0 -52
v 180 15 -61
v 180 15 -52
v 180 0 -52
v 188 0 -52
v 180 15 -52
v 188 15 -52
v 188 0 -52
v 188 0 -61
v 188 15 -52
v 188 15 -61
v 188 0 -61
v 180 0 -61
v 188 15 -61
v 180 15 -61
v 180 15 -52
v 180 15 -61
v 188 15 -52
v 188 15 -61
v 180 0 -61
v 180 0 -52
v 188 0 -61
v 188 0 -52
vt 0.59853518009185791 0.5
vt 0.30000001192092896 0.5
vt 0.59853518009185791 0.99853515625
vt 0.30000001192092896 0.99853515625
vt 0.56666666269302368 0
vt 0.30000001192092896 0
vt 0.56666666269302368 0.49853515625
vt 0.30000001192092896 0.49853515625
vt 0.29853516817092896 0.5
vt 0 0.5
vt 0.29853516817092896 0.99853515625
vt 0 0.99853515625
vt 0.26666668057441711 0
vt 0 0
vt 0.26666668057441711 0.49853515625
vt 0 0.49853515625
vt 0.89853513240814209 0.5
vt 0.60000002384185791 0.5
vt 0.89853513240814209 0.76666665077209473
vt 0.60000002384185791 0.76666665077209473
vt 0.89853513240814209 0
vt 0.60000002384185791 0
vt 0.89853513240814209 0.26666668057441711
vt 0.60000002384185791 0.26666668057441711
vn -1 0 0
vn -1 0 0
vn -1 0 0
vn -1 0 0
vn 0 0 1
vn 0 0 1
vn 0 0 1
vn 0 0 1
vn 1 0 0
vn 1 0 0
vn 1 0 0
vn 1 0 0
vn 0 0 -1
vn 0 0 -1
vn 0 0 -1
vn 0 0 -1
vn 0 1 0
vn 0 1 0
vn 0 1 0
vn 0 1 0
vn 0 -1 0
vn 0 -1 0
vn 0 -1 0
vn 0 -1 0
f 482/482/482 484/484/484 483/483/483 481/481/481
f 486/486/486 488/488/488 487/487/487 485/485/485
f 490/490/490 492/492/492 491/491/491 489/489/489
f 494/494/494 496/496/496 495/495/495 493/493/493
f 498/498/498 497/497/497 499/499/499 500/500/500
f 502/502/502 501/501/501 503/503/503 504/504/504
o object_19
v 14 0 -29
v 14 0 -38
v 14 15 -29
v 14 15 -38
v 14 0 -38
v 6 0 -38
v 14 15 -38
v 6 15 -38
v 6 0 -38
v 6 0 -29
v 6 15 -38
v 6 15 -29
v 6 0 -29
v 14 0 -29
v 6 15 -29
v 14 15 -29
v 6 15 -29
v 6 15 -38
v 14 15 -29
v 14 15 -38
v 6 0 -38
v 6 0 -29
v 14 0 -38
v 14 0 -29
vt 0.59853518009185791 0.5
vt 0.30000001192092896 0.5
vt 0.59853518009185791 0.99853515625
vt 0.30000001192092896 0.99853515625
vt 0.56666666269302368 0
vt 0.30000001192092896 0
vt 0.56666666269302368 0.49853515625
vt 0.30000001192092896 0.49853515625
vt 0.29853516817092896 0.5
vt 0 0.5
vt 0.29853516817092896 0.99853515625
vt 0 0.99853515625
vt 0.26666668057441711 0
vt 0 0
vt 0.26666668057441711 0.49853515625
vt 0 0.49853515625
vt 0.89853513240814209 0.5
vt 0.60000002384185791 0.5
vt 0.89853513240814209 0.76666665077209473
vt 0.60000002384185791 0.76666665077209473
vt 0.89853513240814209 0
vt 0.60000002384185791 0
vt 0.89853513240814209 0.26666668057441711
vt 0.60000002384185791 0.26666668057441711
vn 1 0 0
vn 1 0 0
vn 1 0 0
vn 1 0 0
vn 0 0 -1
vn 0 0 -1
vn 0 0 -1
vn 0 0 -1
vn -1 0 0
vn -1 0 0
vn -1 0 0
vn -1 0 0
vn 0 0 1
vn 0 0 1
vn 0 0 1
vn 0 0 1
vn 0 1 0
vn 0 1 0
vn 0 1 0
vn 0 1 0
vn 0 -1 0
vn 0 -1 0
vn 0 -1 0
vn 0 -1 0
f 506/506/506 508/508/508 507/507/507 505/505/505
f 510/510/510 512/512/512 511/511/511 509/509/509
f 514/514/514 516/516/516 515/515/515 513/513/513
f 518/518/518 520/520/520 519/519/519 517/517/517
f 522/522/522 521/521/521 523/523/523 524/524/524
f 526/526/526 525/525/525 527/527/527 528/528/528
o object_20
v 22 0 -29
v 22 0 -38
v 22 15 -29
v 22 15 -38
v 22 0 -38
v 14 0 -38
v 22 15 -38
v 14 15 -38
v 14 0 -38
v 14 0 -29
v 14 15 -38
v 14 15 -29
v 14 0 -29
v 22 0 -29
v 14 15 -29
v 22 15 -29
v 14 15 -29
v 14 15 -38
v 22 15 -29
v 22 15 -38
v 14 0 -38
v 14 0 -29
v 22 0 -38
v 22 0 -29
vt 0.59853518009185791 0.5
vt 0.30000001192092896 0.5
vt 0.59853518009185791 0.99853515625
vt 0.30000001192092896 0.99853515625
vt 0.56666666269302368 0
vt 0.30000001192092896 0
vt 0.56666666269302368 0.49853515625
vt 0.30000001192092896 0.49853515625
vt 0.29853516817092896 0.5
vt 0 0.5
vt 0.29853516817092896 0.99853515625
vt 0 0.99853515625
vt 0.26666668057441711 0
vt 0 0
vt 0.26666668057441711 0.49853515625
vt 0 0.49853515625
vt 0.89853513240814209 0.5
vt 0.60000002384185791 0.5
vt 0.89853513240814209 0.76666665077209473
vt 0.60000002384185791 0.76666665077209473
vt 0.89853513240814209 0
vt 0.60000002384185791 0
vt 0.89853513240814209 0.26666668057441711
vt 0.60000002384185791 0.26666668057441711
vn 1 0 0
vn 1 0 0
vn 1 0 0
vn 1 0 0
vn 0 0 -1
vn 0 0 -1
vn 0 0 -1
vn 0 0 -1
vn -1 0 0
vn -1 0 0
vn -1 0 0
vn -1 0 0
vn 0 0 1
vn 0 0 1
vn 0 0 1
vn 0 0 1
vn 0 1 0
vn 0 1 0
vn 0 1 0
vn 0 1 0
vn 0 -1 0
vn 0 -1 0
vn 0 -1 0
vn 0 -1 0
f 530/530/530 532/532/532 531/531/531 529/529/529
f 534/534/534 536/536/536 535/535/535 533/533/533
f 538/538/538 540/540/540 539/539/539 537/537/537
f 542/542/542 544/544/544 543/543/543 541/541/541
f 546/546/546 545/545/545 547/547/547 548/548/548
f 550/550/550 549/549/549 551/551/551 552/552/552
o object_21
v 30 0 -29
v 30 0 -38
v 30 15 -29
v 30 15 -38
v 30 0 -38
v 22 0 -38
v 30 15 -38
v 22 15 -38
v 22 0 -38
v 22 0 -29
v 22 15 -38
v 22 15 -29
v 22 0 -29
v 30 0 -29
v 22 15 -29
v 30 15 -29
v 22 15 -29
v 22 15 -38
v 30 15 -29
v 30 15 -38
v 22 0 -38
v 22 0 -29
v 30 0 -38
v 30 0 -29
vt 0.59853518009185791 0.5
vt 0.30000001192092896 0.5
vt 0.59853518009185791 0.99853515625
vt 0.30000001192092896 0.99853515625
vt 0.56666666269302368 0
vt 0.30000001192092896 0
vt 0.56666666269302368 0.49853515625
vt 0.30000001192092896 0.49853515625
vt 0.29853516817092896 0.5
vt 0 0.5
vt 0.29853516817092896 0.99853515625
vt 0 0.99853515625
vt 0.26666668057441711 0
vt 0 0
vt 0.26666668057441711 0.49853515625
vt 0 0.49853515625
vt 0.89853513240814209 0.5
vt 0.60000002384185791 0.5
vt 0.89853513240814209 0.76666665077209473
vt 0.60000002384185791 0.76666665077209473
vt 0.89853513240814209 0
vt 0.60000002384185791 0
vt 0.89853513240814209 0.26666668057441711
vt 0.60000002384185791 0.26666668057441711
vn 1 0 0
vn 1 0 0
vn 1 0 0
vn 1 0 0
vn 0 0 -1
vn 0 0 -1
vn 0 0 -1
vn 0 0 -1
vn -1 0 0
vn -1 0 0
vn -1 0 0
vn -1 0 0
vn 0 0 1
vn 0 0 1
vn 0 0 1
vn 0 0 1
vn 0 1 0
vn 0 1 0
vn 0 1 0
vn 0 1 0
vn 0 -1 0
vn 0 -1 0
vn 0 -1 0
vn 0 -1 0
f 554/554/554 556/556/556 555/555/555 553/553/553
f 558/558/558 560/560/560 559/559/559 557/557/557
f 562/562/562 564/564/564 563/563/563 561/561/561
f 566/566/566 568/568/568 567/567/567 565/565/565
f 570/570/570 569/569/569 571/571/571 572/572/572
f 574/574/574 573/573/573 575/575/575 576/576/576
o object_22
v 23 0 -70
v 23 0 -60
v 23 15 -70
v 23 15 -60
v 23 0 -60
v 30 0 -60
v 23 15 -60
v 30 15 -60
v 30 0 -60
v 30 0 -70
v 30 15 -60
v 30 15 -70
v 30 0 -70
v 23 0 -70
v 30 15 -70
v 23 15 -70
v 23 15 -60
v 23 15 -70
v 30 15 -60
v 30 15 -70
v 23 0 -70
v 23 0 -60
v 30 0 -70
v 30 0 -60
vt 0.99853515625 0
vt 0.66666668653488159 0
vt 0.99853515625 0.5
vt 0.66666668653488159 0.5
vt 0 0.23333333432674408
vt 0 0.46520182490348816
vt 0.5 0.23333333432674408
vt 0.5 0.46520182490348816
vt 0.66520184278488159 0.46666666865348816
vt 0.3333333432674408 0.46666666865348816
vt 0.66520184278488159 0.96520179510116577
vt 0.3333333432674408 0.96520179510116577
vt 0 0
vt 0 0.23186849057674408
vt 0.5 0
vt 0.5 0.23186849057674408
vt 0.3318684995174408 0.71666663885116577
vt 0 0.71666663885116577
vt 0.3318684995174408 0.94999998807907104
vt 0 0.94999998807907104
vt 0.3318684995174408 0.46666666865348816
vt 0 0.46666666865348816
vt 0.3318684995174408 0.69999998807907104
vt 0 0.69999998807907104
vn -1 0 0
vn -1 0 0
vn -1 0 0
vn -1 0 0
vn 0 0 1
vn 0 0 1
vn 0 0 1
vn 0 0 1
vn 1 0 0
vn 1 0 0
vn 1 0 0
vn 1 0 0
vn 0 0 -1
vn 0 0 -1
vn 0 0 -1
vn 0 0 -1
vn 0 1 0
vn 0 1 0
vn 0 1 0
vn 0 1 0
vn 0 -1 0
vn 0 -1 0
vn 0 -1 0
vn 0 -1 0
f 578/578/578 580/580/580 579/579/579 577/577/577
f 582/582/582 584/584/584 583/583/583 581/581/581
f 586/586/586 588/588/588 587/587/587 585/585/585
f 590/590/590 592/592/592 591/591/591 589/589/589
f 594/594/594 593/593/593 595/595/595 596/596/596
f 598/598/598 597/597/597 599/599/599 600/600/600
o object_23
v 23 0 -52
v 23 0 -61
v 23 15 -52
v 23 15 -61
v 23 0 -61
v 15 0 -61
v 23 15 -61
v 15 15 -61
v 15 0 -61
v 15 0 -52
v 15 15 -61
v 15 15 -52
v 15 0 -52
v 23 0 -52
v 15 15 -52
v 23 15 -52
v 15 15 -52
v 15 15 -61
v 23 15 -52
v 23 15 -61
v 15 0 -61
v 15 0 -52
v 23 0 -61
v 23 0 -52
vt 0.59853518009185791 0.5
vt 0.30000001192092896 0.5
vt 0.59853518009185791 0.99853515625
vt 0.30000001192092896 0.99853515625
vt 0.56666666269302368 0
vt 0.30000001192092896 0
vt 0.56666666269302368 0.49853515625
vt 0.30000001192092896 0.49853515625
vt 0.29853516817092896 0.5
vt 0 0.5
vt 0.29853516817092896 0.99853515625
vt 0 0.99853515625
vt 0.26666668057441711 0
vt 0 0
vt 0.26666668057441711 0.49853515625
vt 0 0.49853515625
vt 0.89853513240814209 0.5
vt 0.60000002384185791 0.5
vt 0.89853513240814209 0.76666665077209473
vt 0.60000002384185791 0.76666665077209473
vt 0.89853513240814209 0
vt 0.60000002384185791 0
vt 0.89853513240814209 0.26666668057441711
vt 0.60000002384185791 0.26666668057441711
vn 1 0 0
vn 1 0 0
vn 1 0 0
vn 1 0 0
vn 0 0 -1
vn 0 0 -1
vn 0 0 -1
vn 0 0 -1
vn -1 0 0
vn -1 0 0
vn -1 0 0
vn -1 0 0
vn 0 0 1
vn 0 0 1
vn 0 0 1
vn 0 0 1
vn 0 1 0
vn 0 1 0
vn 0 1 0
vn 0 1 0
vn 0 -1 0
vn 0 -1 0
vn 0 -1 0
vn 0 -1 0
f 602/602/602 604/604/604 603/603/603 601/601/601
f 606/606/606 608/608/608 607/607/607 605/605/605
f 610/610/610 612/612/612 611/611/611 609/609/609
f 614/614/614 616/616/616 615/615/615 613/613/613
f 618/618/618 617/617/617 619/619/619 620/620/620
f 622/622/622 621/621/621 623/623/623 624/624/624
o object_24
v 30 0 -50
v 30 0 -40
v 30 15 -50
v 30 15 -40
v 30 0 -40
v 180 0 -40
v 30 15 -40
v 180 15 -40
v 180 0 -40
v 180 0 -50
v 180 15 -40
v 180 15 -50
v 180 0 -50
v 30 0 -50
v 180 15 -50
v 30 15 -50
v 30 15 -40
v 30 15 -50
v 180 15 -40
v 180 15 -50
v 30 0 -50
v 30 0 -40
v 180 0 -50
v 180 0 -40
vt 0.60606062412261963 0
vt 0.54545456171035767 0
vt 0.60606062412261963 0.090909093618392944
vt 0.54545456171035767 0.090909093618392944
vt 0.99853515625 0.63636362552642822
vt 0.090909093618392944 0.63636362552642822
vt 0.99853515625 0.72727274894714355
vt 0.090909093618392944 0.72727274894714355
vt 0.15151515603065491 0
vt 0.090909093618392944 0
vt 0.15151515603065491 0.090909093618392944
vt 0.090909093618392944 0.090909093618392944
vt 0 0
vt 0 0.90762609243392944
vt 0.089444249868392944 0
vt 0.089444249868392944 0.90762609243392944
vt 0.090909093618392944 0.45454546809196472
vt 0.090909093618392944 0.5151515007019043
vt 0.99853515625 0.45454546809196472
vt 0.99853515625 0.5151515007019043
vt 0.090909093618392944 0.27272728085517883
vt 0.090909093618392944 0.3333333432674408
vt 0.99853515625 0.27272728085517883
vt 0.99853515625 0.3333333432674408
vn -1 0 0
vn -1 0 0
vn -1 0 0
vn -1 0 0
vn 0 0 1
vn 0 0 1
vn 0 0 1
vn 0 0 1
vn 1 0 0
vn 1 0 0
vn 1 0 0
vn 1 0 0
vn 0 0 -1
vn 0 0 -1
vn 0 0 -1
vn 0 0 -1
vn 0 1 0
vn 0 1 0
vn 0 1 0
vn 0 1 0
vn 0 -1 0
vn 0 -1 0
vn 0 -1 0
vn 0 -1 0
f 626/626/626 628/628/628 627/627/627 625/625/625
f 630/630/630 632/632/632 631/631/631 629/629/629
f 634/634/634 636/636/636 635/635/635 633/633/633
f 638/638/638 640/640/640 639/639/639 637/637/637
f 642/642/642 641/641/641 643/643/643 644/644/644
f 646/646/646 645/645/645 647/647/647 648/648/648
o object_25
v 8 10 -61
v 8 10 -52
v 8 15 -61
v 8 15 -52
v 8 10 -52
v 15 10 -52
v 8 15 -52
v 15 15 -52
v 15 10 -52
v 15 10 -61
v 15 15 -52
v 15 15 -61
v 15 10 -61
v 8 10 -61
v 15 15 -61
v 8 15 -61
v 8 15 -52
v 8 15 -61
v 15 15 -52
v 15 15 -61
v 8 10 -61
v 8 10 -52
v 15 10 -61
v 15 10 -52
vt 0.3333333432674408 0
vt 0.3333333432674408 0.4271065890789032
vt 0.57142859697341919 0
vt 0.57142859697341919 0.4271065890789032
vt 0.99853515625 0.4285714328289032
vt 0.66666668653488159 0.4285714328289032
vt 0.99853515625 0.66666668653488159
vt 0.66666668653488159 0.66666668653488159
vt 0 0
vt 0 0.4271065890789032
vt 0.2380952388048172 0
vt 0.2380952388048172 0.4271065890789032
vt 0.99853515625 0
vt 0.66666668653488159 0
vt 0.99853515625 0.2380952388048172
vt 0.66666668653488159 0.2380952388048172
vt 0.3333333432674408 0.4285714328289032
vt 0.3333333432674408 0.8556780219078064
vt 0.66520184278488159 0.4285714328289032
vt 0.66520184278488159 0.8556780219078064
vt 0 0.4285714328289032
vt 0 0.8556780219078064
vt 0.3318684995174408 0.4285714328289032
vt 0.3318684995174408 0.8556780219078064
vn -1 0 0
vn -1 0 0
vn -1 0 0
vn -1 0 0
vn 0 0 1
vn 0 0 1
vn 0 0 1
vn 0 0 1
vn 1 0 0
vn 1 0 0
vn 1 0 0
vn 1 0 0
vn 0 0 -1
vn 0 0 -1
vn 0 0 -1
vn 0 0 -1
vn 0 1 0
vn 0 1 0
vn 0 1 0
vn 0 1 0
vn 0 -1 0
vn 0 -1 0
vn 0 -1 0
vn 0 -1 0
f 650/650/650 652/652/652 651/651/651 649/649/649
f 654/654/654 656/656/656 655/655/655 653/653/653
f 658/658/658 660/660/660 659/659/659 657/657/657
f 662/662/662 664/664/664 663/663/663 661/661/661
f 666/666/666 665/665/665 667/667/667 668/668/668
f 670/670/670 669/669/669 671/671/671 672/672/672
o object_26
v 195 10 -38
v 195 10 -29
v 195 15 -38
v 195 15 -29
v 195 10 -29
v 202 10 -29
v 195 15 -29
v 202 15 -29
v 202 10 -29
v 202 10 -38
v 202 15 -29
v 202 15 -38
v 202 10 -38
v 195 10 -38
v 202 15 -38
v 195 15 -38
v 195 15 -29
v 195 15 -38
v 202 15 -29
v 202 15 -38
v 195 10 -38
v 195 10 -29
v 202 10 -38
v 202 10 -29
vt 0.3333333432674408 0
vt 0.3333333432674408 0.4271065890789032
vt 0.57142859697341919 0
vt 0.57142859697341919 0.4271065890789032
vt 0.99853515625 0.4285714328289032
vt 0.66666668653488159 0.4285714328289032
vt 0.99853515625 0.66666668653488159
vt 0.66666668653488159 0.66666668653488159
vt 0 0
vt 0 0.4271065890789032
vt 0.2380952388048172 0
vt 0.2380952388048172 0.4271065890789032
vt 0.99853515625 0
vt 0.66666668653488159 0
vt 0.99853515625 0.2380952388048172
vt 0.66666668653488159 0.2380952388048172
vt 0.3333333432674408 0.4285714328289032
vt 0.3333333432674408 0.8556780219078064
vt 0.66520184278488159 0.4285714328289032
vt 0.66520184278488159 0.8556780219078064
vt 0 0.4285714328289032
vt 0 0.8556780219078064
vt 0.3318684995174408 0.4285714328289032
vt 0.3318684995174408 0.8556780219078064
vn -1 0 0
vn -1 0 0
vn -1 0 0
vn -1 0 0
vn 0 0 1
vn 0 0 1
vn 0 0 1
vn 0 0 1
vn 1 0 0
vn 1 0 0
vn 1 0 0
vn 1 0 0
vn 0 0 -1
vn 0 0 -1
vn 0 0 -1
vn 0 0 -1
vn 0 1 0
vn 0 1 0
vn 0 1 0
vn 0 1 0
vn 0 -1 0
vn 0 -1 0
vn 0 -1 0
vn 0 -1 0
f 674/674/674 676/676/676 675/675/675 673/673/673
f 678/678/678 680/680/680 679/679/679 677/677/677
f 682/682/682 684/684/684 683/683/683 681/681/681
f 686/686/686 688/688/688 687/687/687 685/685/685
f 690/690/690 689/689/689 691/691/691 692/692/692
f 694/694/694 693/693/693 695/695/695 696/696/696
o object_27
v 8 5 -61
v 8 5 -52
v 8 10 -61
v 8 10 -52
v 8 5 -52
v 15 5 -52
v 8 10 -52
v 15 10 -52
v 15 5 -52
v 15 5 -61
v 15 10 -52
v 15 10 -61
v 15 5 -61
v 8 5 -61
v 15 10 -61
v 8 10 -61
v 8 10 -52
v 8 10 -61
v 15 10 -52
v 15 10 -61
v 8 5 -61
v 8 5 -52
v 15 5 -61
v 15 5 -52
vt 0.3333333432674408 0
vt 0.3333333432674408 0.4271065890789032
vt 0.57142859697341919 0
vt 0.57142859697341919 0.4271065890789032
vt 0.99853515625 0.4285714328289032
vt 0.66666668653488159 0.4285714328289032
vt 0.99853515625 0.66666668653488159
vt 0.66666668653488159 0.66666668653488159
vt 0 0
vt 0 0.4271065890789032
vt 0.2380952388048172 0
vt 0.2380952388048172 0.4271065890789032
vt 0.99853515625 0
vt 0.66666668653488159 0
vt 0.99853515625 0.2380952388048172
vt 0.66666668653488159 0.2380952388048172
vt 0.3333333432674408 0.4285714328289032
vt 0.3333333432674408 0.8556780219078064
vt 0.66520184278488159 0.4285714328289032
vt 0.66520184278488159 0.8556780219078064
vt 0 0.4285714328289032
vt 0 0.8556780219078064
vt 0.3318684995174408 0.4285714328289032
vt 0.3318684995174408 0.8556780219078064
vn -1 0 0
vn -1 0 0
vn -1 0 0
vn -1 0 0
vn 0 0 1
vn 0 0 1
vn 0 0 1
vn 0 0 1
vn 1 0 0
vn 1 0 0
vn 1 0 0
vn 1 0 0
vn 0 0 -1
vn 0 0 -1
vn 0 0 -1
vn 0 0 -1
vn 0 1 0
vn 0 1 0
vn 0 1 0
vn 0 1 0
vn 0 -1 0
vn 0 -1 0
vn 0 -1 0
vn 0 -1 0
f 698/698/698 700/700/700 699/699/699 697/697/697
f 702/702/702 704/704/704 703/703/703 701/701/701
f 706/706/706 708/708/708 707/707/707 705/705/705
f 710/710/710 712/712/712 711/711/711 709/709/709
f 714/714/714 713/713/713 715/715/715 716/716/716
f 718/718/718 717/717/717 719/719/719 720/720/720
o object_28
v 195 5 -38
v 195 5 -29
v 195 10 -38
v 195 10 -29
v 195 5 -29
v 202 5 -29
v 195 10 -29
v 202 10 -29
v 202 5 -29
v 202 5 -38
v 202 10 -29
v 202 10 -38
v 202 5 -38
v 195 5 -38
v 202 10 -38
v 195 10 -38
v 195 10 -29
v 195 10 -38
v 202 10 -29
v 202 10 -38
v 195 5 -38
v 195 5 -29
v 202 5 -38
v 202 5 -29
vt 0.3333333432674408 0
vt 0.3333333432674408 0.4271065890789032
vt 0.57142859697341919 0
vt 0.57142859697341919 0.4271065890789032
vt 0.99853515625 0.4285714328289032
vt 0.66666668653488159 0.4285714328289032
vt 0.99853515625 0.66666668653488159
vt 0.66666668653488159 0.66666668653488159
vt 0 0
vt 0 0.4271065890789032
vt 0.2380952388048172 0
vt 0.2380952388048172 0.4271065890789032
vt 0.99853515625 0
vt 0.66666668653488159 0
vt 0.99853515625 0.2380952388048172
vt 0.66666668653488159 0.2380952388048172
vt 0.3333333432674408 0.4285714328289032
vt 0.3333333432674408 0.8556780219078064
vt 0.66520184278488159 0.4285714328289032
vt 0.66520184278488159 0.8556780219078064
vt 0 0.4285714328289032
vt 0 0.8556780219078064
vt 0.3318684995174408 0.4285714328289032
vt 0.3318684995174408 0.8556780219078064
vn -1 0 0
vn -1 0 0
vn -1 0 0
vn -1 0 0
vn 0 0 1
vn 0 0 1
vn 0 0 1
vn 0 0 1
vn 1 0 0
vn 1 0 0
vn 1 0 0
vn 1 0 0
vn 0 0 -1
vn 0 0 -1
vn 0 0 -1
vn 0 0 -1
vn 0 1 0
vn 0 1 0
vn 0 1 0
vn 0 1 0
vn 0 -1 0
vn 0 -1 0
vn 0 -1 0
vn 0 -1 0
f 722/722/722 724/724/724 723/723/723 721/721/721
f 726/726/726 728/728/728 727/727/727 725/725/725
f 730/730/730 732/732/732 731/731/731 729/729/729
f 734/734/734 736/736/736 735/735/735 733/733/733
f 738/738/738 737/737/737 739/739/739 740/740/740
f 742/742/742 741/741/741 743/743/743 744/744/744
o object_29
v 8 0 -61
v 8 0 -52
v 8 5 -61
v 8 5 -52
v 8 0 -52
v 15 0 -52
v 8 5 -52
v 15 5 -52
v 15 0 -52
v 15 0 -61
v 15 5 -52
v 15 5 -61
v 15 0 -61
v 8 0 -61
v 15 5 -61
v 8 5 -61
v 8 5 -52
v 8 5 -61
v 15 5 -52
v 15 5 -61
v 8 0 -61
v 8 0 -52
v 15 0 -61
v 15 0 -52
vt 0.3333333432674408 0
vt 0.3333333432674408 0.4271065890789032
vt 0.57142859697341919 0
vt 0.57142859697341919 0.4271065890789032
vt 0.99853515625 0.4285714328289032
vt 0.66666668653488159 0.4285714328289032
vt 0.99853515625 0.66666668653488159
vt 0.66666668653488159 0.66666668653488159
vt 0 0
vt 0 0.4271065890789032
vt 0.2380952388048172 0
vt 0.2380952388048172 0.4271065890789032
vt 0.99853515625 0
vt 0.66666668653488159 0
vt 0.99853515625 0.2380952388048172
vt 0.66666668653488159 0.2380952388048172
vt 0.3333333432674408 0.4285714328289032
vt 0.3333333432674408 0.8556780219078064
vt 0.66520184278488159 0.4285714328289032
vt 0.66520184278488159 0.8556780219078064
vt 0 0.4285714328289032
vt 0 0.8556780219078064
vt 0.3318684995174408 0.4285714328289032
vt 0.3318684995174408 0.8556780219078064
vn -1 0 0
vn -1 0 0
vn -1 0 0
vn -1 0 0
vn 0 0 1
vn 0 0 1
vn 0 0 1
vn 0 0 1
vn 1 0 0
vn 1 0 0
vn 1 0 0
vn 1 0 0
vn 0 0 -1
vn 0 0 -1
vn 0 0 -1
vn 0 0 -1
vn 0 1 0
vn 0 1 0
vn 0 1 0
vn 0 1 0
vn 0 -1 0
vn 0 -1 0
vn 0 -1 0
vn 0 -1 0
f 746/746/746 748/748/748 747/747/747 745/745/745
f 750/750/750 752/752/752 751/751/751 749/749/749
f 754/754/754 756/756/756 755/755/755 753/753/753
f 758/758/758 760/760/760 759/759/759 757/757/757
f 762/762/762 761/761/761 763/763/763 764/764/764
f 766/766/766 765/765/765 767/767/767 768/768/768
o object_30
v 195 0 -38
v 195 0 -29
v 195 5 -38
v 195 5 -29
v 195 0 -29
v 202 0 -29
v 195 5 -29
v 202 5 -29
v 202 0 -29
v 202 0 -38
v 202 5 -29
v 202 5 -38
v 202 0 -38
v 195 0 -38
v 202 5 -38
v 195 5 -38
v 195 5 -29
v 195 5 -38
v 202 5 -29
v 202 5 -38
v 195 0 -38
v 195 0 -29
v 202 0 -38
v 202 0 -29
vt 0.3333333432674408 0
vt 0.3333333432674408 0.4271065890789032
vt 0.57142859697341919 0
vt 0.57142859697341919 0.4271065890789032
vt 0.99853515625 0.4285714328289032
vt 0.66666668653488159 0.4285714328289032
vt 0.99853515625 0.66666668653488159
vt 0.66666668653488159 0.66666668653488159
vt 0 0
vt 0 0.4271065890789032
vt 0.2380952388048172 0
vt 0.2380952388048172 0.4271065890789032
vt 0.99853515625 0
vt 0.66666668653488159 0
vt 0.99853515625 0.2380952388048172
vt 0.66666668653488159 0.2380952388048172
vt 0.3333333432674408 0.4285714328289032
vt 0.3333333432674408 0.8556780219078064
vt 0.66520184278488159 0.4285714328289032
vt 0.66520184278488159 0.8556780219078064
vt 0 0.4285714328289032
vt 0 0.8556780219078064
vt 0.3318684995174408 0.4285714328289032
vt 0.3318684995174408 0.8556780219078064
vn -1 0 0
vn -1 0 0
vn -1 0 0
vn -1 0 0
vn 0 0 1
vn 0 0 1
vn 0 0 1
vn 0 0 1
vn 1 0 0
vn 1 0 0
vn 1 0 0
vn 1 0 0
vn 0 0 -1
vn 0 0 -1
vn 0 0 -1
vn 0 0 -1
vn 0 1 0
vn 0 1 0
vn 0 1 0
vn 0 1 0
vn 0 -1 0
vn 0 -1 0
vn 0 -1 0
vn 0 -1 0
f 770/770/770 772/772/772 771/771/771 769/769/769
f 774/774/774 776/776/776 775/775/775 773/773/773
f 778/778/778 780/780/780 779/779/779 777/777/777
f 782/782/782 784/784/784 783/783/783 781/781/781
f 786/786/786 785/785/785 787/787/787 788/788/788
f 790/790/790 789/789/789 791/791/791 792/792/792
o object_31
v 30 0 -90
v 30 0 -50
v 30 5 -90
v 30 5 -50
v 30 0 -50
v 60 0 -50
v 30 5 -50
v 60 5 -50
v 60 0 -50
v 60 0 -90
v 60 5 -50
v 60 5 -90
v 60 0 -90
v 30 0 -90
v 60 5 -90
v 30 5 -90
v 30 5 -50
v 30 5 -90
v 60 5 -50
v 60 5 -90
v 30 0 -90
v 30 0 -50
v 60 0 -90
v 60 0 -50
vt 0.25 0
vt 0.25 0.66666668653488159
vt 0.3318684995174408 0
vt 0.3318684995174408 0.66666668653488159
vt 0.083333335816860199 0
vt 0.083333335816860199 0.5
vt 0.1652018278837204 0
vt 0.1652018278837204 0.5
vt 0.1666666716337204 0
vt 0.1666666716337204 0.66666668653488159
vt 0.24853515625 0
vt 0.24853515625 0.66666668653488159
vt 0 0
vt 0 0.5
vt 0.081868492066860199 0
vt 0.081868492066860199 0.5
vt 0.99853515625 0.5
vt 0.3333333432674408 0.5
vt 0.99853515625 0.99853515625
vt 0.3333333432674408 0.99853515625
vt 0.99853515625 0
vt 0.3333333432674408 0
vt 0.99853515625 0.49853515625
vt 0.3333333432674408 0.49853515625
vn -1 0 0
vn -1 0 0
vn -1 0 0
vn -1 0 0
vn 0 0 1
vn 0 0 1
vn 0 0 1
vn 0 0 1
vn 1 0 0
vn 1 0 0
vn 1 0 0
vn 1 0 0
vn 0 0 -1
vn 0 0 -1
vn 0 0 -1
vn 0 0 -1
vn 0 1 0
vn 0 1 0
vn 0 1 0
vn 0 1 0
vn 0 -1 0
vn 0 -1 0
vn 0 -1 0
vn 0 -1 0
f 794/794/794 796/796/796 795/795/795 793/793/793
f 798/798/798 800/800/800 799/799/799 797/797/797
f 802/802/802 804/804/804 803/803/803 801/801/801
f 806/806/806 808/808/808 807/807/807 805/805/805
f 810/810/810 809/809/809 811/811/811 812/812/812
f 814/814/814 813/813/813 815/815/815 816/816/816
o object_32
v 30 5 -90
v 30 5 -50
v 30 10 -90
v 30 10 -50
v 30 5 -50
v 60 5 -50
v 30 10 -50
v 60 10 -50
v 60 5 -50
v 60 5 -90
v 60 10 -50
v 60 10 -90
v 60 5 -90
v 30 5 -90
v 60 10 -90
v 30 10 -90
v 30 10 -50
v 30 10 -90
v 60 10 -50
v 60 10 -90
v 30 5 -90
v 30 5 -50
v 60 5 -90
v 60 5 -50
vt 0.25 0
vt 0.25 0.66666668653488159
vt 0.3318684995174408 0
vt 0.3318684995174408 0.66666668653488159
vt 0.083333335816860199 0
vt 0.083333335816860199 0.5
vt 0.1652018278837204 0
vt 0.1652018278837204 0.5
vt 0.1666666716337204 0
vt 0.1666666716337204 0.66666668653488159
vt 0.24853515625 0
vt 0.24853515625 0.66666668653488159
vt 0 0
vt 0 0.5
vt 0.081868492066860199 0
vt 0.081868492066860199 0.5
vt 0.99853515625 0.5
vt 0.3333333432674408 0.5
vt 0.99853515625 0.99853515625
vt 0.3333333432674408 0.99853515625
vt 0.99853515625 0
vt 0.3333333432674408 0
vt 0.99853515625 0.49853515625
vt 0.3333333432674408 0.49853515625
vn -1 0 0
vn -1 0 0
vn -1 0 0
vn -1 0 0
vn 0 0 1
vn 0 0 1
vn 0 0 1
vn 0 0 1
vn 1 0 0
vn 1 0 0
vn 1 0 0
vn 1 0 0
vn 0 0 -1
vn 0 0 -1
vn 0 0 -1
vn 0 0 -1
vn 0 1 0
vn 0 1 0
vn 0 1 0
vn 0 1 0
vn 0 -1 0
vn 0 -1 0
vn 0 -1 0
vn 0 -1 0
f 818/818/818 820/820/820 819/819/819 817/817/817
f 822/822/822 824/824/824 823/823/823 821/821/821
f 826/826/826 828/828/828 827/827/827 825/825/825
f 830/830/830 832/832/832 831/831/831 829/829/829
f 834/834/834 833/833/833 835/835/835 836/836/836
f 838/838/838 837/837/837 839/839/839 840/840/840
o object_33
v 180 10 -70
v 180 10 -90
v 180 15 -70
v 180 15 -90
v 180 10 -90
v 176 10 -90
v 180 15 -90
v 176 15 -90
v 176 10 -90
v 176 10 -70
v 176 15 -90
v 176 15 -70
v 176 10 -70
v 180 10 -70
v 176 15 -70
v 180 15 -70
v 176 15 -70
v 176 15 -90
v 180 15 -70
v 180 15 -90
v 176 10 -90
v 176 10 -70
v 180 10 -90
v 180 10 -70
vt 0.43478259444236755 0
vt 0.43478259444236755 0.86810034513473511
vt 0.65070909261703491 0
vt 0.65070909261703491 0.86810034513473511
vt 0 0.43478259444236755
vt 0 0.6086956262588501
vt 0.21592645347118378 0.43478259444236755
vt 0.21592645347118378 0.6086956262588501
vt 0.21739129722118378 0
vt 0.21739129722118378 0.86810034513473511
vt 0.43331775069236755 0
vt 0.43331775069236755 0.86810034513473511
vt 0 0
vt 0 0.17391304671764374
vt 0.21592645347118378 0
vt 0.21592645347118378 0.17391304671764374
vt 0.82608693838119507 0
vt 0.82608693838119507 0.86810034513473511
vt 0.99853515625 0
vt 0.99853515625 0.86810034513473511
vt 0.65217393636703491 0
vt 0.65217393636703491 0.86810034513473511
vt 0.82462209463119507 0
vt 0.82462209463119507 0.86810034513473511
vn 1 0 0
vn 1 0 0
vn 1 0 0
vn 1 0 0
vn 0 0 -1
vn 0 0 -1
vn 0 0 -1
vn 0 0 -1
vn -1 0 0
vn -1 0 0
vn -1 0 0
vn -1 0 0
vn 0 0 1
vn 0 0 1
vn 0 0 1
vn 0 0 1
vn 0 1 0
vn 0 1 0
vn 0 1 0
vn 0 1 0
vn 0 -1 0
vn 0 -1 0
vn 0 -1 0
vn 0 -1 0
f 842/842/842 844/844/844 843/843/843 841/841/841
f 846/846/846 848/848/848 847/847/847 845/845/845
f 850/850/850 852/852/852 851/851/851 849/849/849
f 854/854/854 856/856/856 855/855/855 853/853/853
f 858/858/858 857/857/857 859/859/859 860/860/860
f 862/862/862 861/861/861 863/863/863 864/864/864
o object_34
v 150 10 -85
v 150 10 -90
v 150 15 -85
v 150 15 -90
v 150 10 -90
v 165 10 -90
v 150 15 -90
v 165 15 -90
v 165 10 -90
v 165 10 -85
v 165 15 -90
v 165 15 -85
v 165 10 -85
v 150 10 -85
v 165 15 -85
v 150 15 -85
v 150 15 -90
v 150 15 -85
v 165 15 -90
v 165 15 -85
v 150 10 -85
v 150 10 -90
v 165 10 -85
v 165 10 -90
vt 0.25 0
vt 0.25 0.24853515625
vt 0.49853515625 0
vt 0.49853515625 0.24853515625
vt 0.25 0.25
vt 0.25 0.99853515625
vt 0.49853515625 0.25
vt 0.49853515625 0.99853515625
vt 0 0
vt 0 0.24853515625
vt 0.24853515625 0
vt 0.24853515625 0.24853515625
vt 0 0.25
vt 0 0.99853515625
vt 0.24853515625 0.25
vt 0.24853515625 0.99853515625
vt 0.99853515625 0
vt 0.75 0
vt 0.99853515625 0.75
vt 0.75 0.75
vt 0.74853515625 0
vt 0.5 0
vt 0.74853515625 0.75
vt 0.5 0.75
vn -1 0 0
vn -1 0 0
vn -1 0 0
vn -1 0 0
vn 0 0 -1
vn 0 0 -1
vn 0 0 -1
vn 0 0 -1
vn 1 0 0
vn 1 0 0
vn 1 0 0
vn 1 0 0
vn 0 0 1
vn 0 0 1
vn 0 0 1
vn 0 0 1
vn 0 1 0
vn 0 1 0
vn 0 1 0
vn 0 1 0
vn 0 -1 0
vn 0 -1 0
vn 0 -1 0
vn 0 -1 0
f 866/866/866 865/865/865 867/867/867 868/868/868
f 870/870/870 869/869/869 871/871/871 872/872/872
f 874/874/874 873/873/873 875/875/875 876/876/876
f 878/878/878 877/877/877 879/879/879 880/880/880
f 882/882/882 884/884/884 883/883/883 881/881/881
f 886/886/886 888/888/888 887/887/887 885/885/885
o object_35
v 165 10 -76
v 165 10 -90
v 165 15 -76
v 165 15 -90
v 165 10 -90
v 176 10 -90
v 165 15 -90
v 176 15 -90
v 176 10 -90
v 176 10 -76
v 176 15 -90
v 176 15 -76
v 176 10 -76
v 165 10 -76
v 176 15 -76
v 165 15 -76
v 165 15 -90
v 165 15 -76
v 176 15 -90
v 176 15 -76
v 165 10 -76
v 165 10 -90
v 176 10 -76
v 176 10 -90
vt 0.83870965242385864 0
vt 0.83870965242385864 0.45161288976669312
vt 0.99853515625 0
vt 0.99853515625 0.45161288976669312
vt 0.16129031777381897 0.35483869910240173
vt 0.16129031777381897 0.70967739820480347
vt 0.32111579179763794 0.35483869910240173
vt 0.32111579179763794 0.70967739820480347
vt 0.67741936445236206 0
vt 0.67741936445236206 0.45161288976669312
vt 0.83724480867385864 0
vt 0.83724480867385864 0.45161288976669312
vt 0 0.35483869910240173
vt 0 0.70967739820480347
vt 0.15982547402381897 0.35483869910240173
vt 0.15982547402381897 0.70967739820480347
vt 0.32258063554763794 0.35483869910240173
vt 0.32258063554763794 0.80498677492141724
vt 0.67595452070236206 0.35483869910240173
vt 0.67595452070236206 0.80498677492141724
vt 0.45161288976669312 0
vt 0 0
vt 0.45161288976669312 0.35337385535240173
vt 0 0.35337385535240173
vn -1 0 0
vn -1 0 0
vn -1 0 0
vn -1 0 0
vn 0 0 -1
vn 0 0 -1
vn 0 0 -1
vn 0 0 -1
vn 1 0 0
vn 1 0 0
vn 1 0 0
vn 1 0 0
vn 0 0 1
vn 0 0 1
vn 0 0 1
vn 0 0 1
vn 0 1 0
vn 0 1 0
vn 0 1 0
vn 0 1 0
vn 0 -1 0
vn 0 -1 0
vn 0 -1 0
vn 0 -1 0
f 890/890/890 889/889/889 891/891/891 892/892/892
f 894/894/894 893/893/893 895/895/895 896/896/896
f 898/898/898 897/897/897 899/899/899 900/900/900
f 902/902/902 901/901/901 903/903/903 904/904/904
f 906/906/906 908/908/908 907/907/907 905/905/905
f 910/910/910 912/912/912 911/911/911 909/909/909
o object_36
v 150 10 -50
v 150 10 -63
v 150 15 -50
v 150 15 -63
v 150 10 -63
v 157 10 -63
v 150 15 -63
v 157 15 -63
v 157 10 -63
v 157 10 -50
v 157 15 -63
v 157 15 -50
v 157 10 -50
v 150 10 -50
v 157 15 -50
v 150 15 -50
v 150 15 -63
v 150 15 -50
v 157 15 -63
v 157 15 -50
v 150 10 -50
v 150 10 -63
v 157 10 -50
v 157 10 -63
vt 0.56521737575531006 0.21739129722118378
vt 0 0.21739129722118378
vt 0.56521737575531006 0.43331775069236755
vt 0 0.43331775069236755
vt 0.30288296937942505 0.71739131212234497
vt 0 0.71739131212234497
vt 0.30288296937942505 0.93478262424468994
vt 0 0.93478262424468994
vt 0.56521737575531006 0
vt 0 0
vt 0.56521737575531006 0.21592645347118378
vt 0 0.21592645347118378
vt 0.30288296937942505 0.43478259444236755
vt 0 0.43478259444236755
vt 0.30288296937942505 0.65217393636703491
vt 0 0.65217393636703491
vt 0.6086956262588501 0
vt 0.6086956262588501 0.56521737575531006
vt 0.91157865524291992 0
vt 0.91157865524291992 0.56521737575531006
vt 0.30434781312942505 0.43478259444236755
vt 0.30434781312942505 0.99853515625
vt 0.6072307825088501 0.43478259444236755
vt 0.6072307825088501 0.99853515625
vn -1 0 0
vn -1 0 0
vn -1 0 0
vn -1 0 0
vn 0 0 -1
vn 0 0 -1
vn 0 0 -1
vn 0 0 -1
vn 1 0 0
vn 1 0 0
vn 1 0 0
vn 1 0 0
vn 0 0 1
vn 0 0 1
vn 0 0 1
vn 0 0 1
vn 0 1 0
vn 0 1 0
vn 0 1 0
vn 0 1 0
vn 0 -1 0
vn 0 -1 0
vn 0 -1 0
vn 0 -1 0
f 914/914/914 913/913/913 915/915/915 916/916/916
f 918/918/918 917/917/917 919/919/919 920/920/920
f 922/922/922 921/921/921 923/923/923 924/924/924
f 926/926/926 925/925/925 927/927/927 928/928/928
f 930/930/930 932/932/932 931/931/931 929/929/929
f 934/934/934 936/936/936 935/935/935 933/933/933
o object_37
v 150 10 -90
v 150 10 -50
v 150 15 -90
v 150 15 -50
v 150 10 -50
v 180 10 -50
v 150 15 -50
v 180 15 -50
v 180 10 -50
v 180 10 -90
v 180 15 -50
v 180 15 -90
v 180 10 -90
v 150 10 -90
v 180 15 -90
v 150 15 -90
v 150 15 -50
v 150 15 -90
v 180 15 -50
v 180 15 -90
v 150 10 -90
v 150 10 -50
v 180 10 -90
v 180 10 -50
vt 0.25 0
vt 0.25 0.66666668653488159
vt 0.3318684995174408 0
vt 0.3318684995174408 0.66666668653488159
vt 0.083333335816860199 0
vt 0.083333335816860199 0.5
vt 0.1652018278837204 0
vt 0.1652018278837204 0.5
vt 0.1666666716337204 0
vt 0.1666666716337204 0.66666668653488159
vt 0.24853515625 0
vt 0.24853515625 0.66666668653488159
vt 0 0
vt 0 0.5
vt 0.081868492066860199 0
vt 0.081868492066860199 0.5
vt 0.99853515625 0.5
vt 0.3333333432674408 0.5
vt 0.99853515625 0.99853515625
vt 0.3333333432674408 0.99853515625
vt 0.99853515625 0
vt 0.3333333432674408 0
vt 0.99853515625 0.49853515625
vt 0.3333333432674408 0.49853515625
vn -1 0 0
vn -1 0 0
vn -1 0 0
vn -1 0 0
vn 0 0 1
vn 0 0 1
vn 0 0 1
vn 0 0 1
vn 1 0 0
vn 1 0 0
vn 1 0 0
vn 1 0 0
vn 0 0 -1
vn 0 0 -1
vn 0 0 -1
vn 0 0 -1
vn 0 1 0
vn 0 1 0
vn 0 1 0
vn 0 1 0
vn 0 -1 0
vn 0 -1 0
vn 0 -1 0
vn 0 -1 0
f 938/938/938 940/940/940 939/939/939 937/937/937
f 942/942/942 944/944/944 943/943/943 941/941/941
f 946/946/946 948/948/948 947/947/947 945/945/945
f 950/950/950 952/952/952 951/951/951 949/949/949
f 954/954/954 953/953/953 955/955/955 956/956/956
f 958/958/958 957/957/957 959/959/959 960/960/960
o object_38
v 165 10 -50
v 165 10 -64
v 165 15 -50
v 165 15 -64
v 165 10 -64
v 170 10 -64
v 165 15 -64
v 170 15 -64
v 170 10 -64
v 170 10 -50
v 170 15 -64
v 170 15 -50
v 170 10 -50
v 165 10 -50
v 170 15 -50
v 165 15 -50
v 165 15 -64
v 165 15 -50
v 170 15 -64
v 170 15 -50
v 165 10 -50
v 165 10 -64
v 170 10 -50
v 170 10 -64
vt 0.25 0.25
vt 0.25 0.94853514432907104
vt 0.49853515625 0.25
vt 0.49853515625 0.94853514432907104
vt 0.25 0
vt 0.25 0.24853515625
vt 0.49853515625 0
vt 0.49853515625 0.24853515625
vt 0 0.25
vt 0 0.94853514432907104
vt 0.24853515625 0.25
vt 0.24853515625 0.94853514432907104
vt 0 0
vt 0 0.24853515625
vt 0.24853515625 0
vt 0.24853515625 0.24853515625
vt 0.75 0
vt 0.75 0.69999998807907104
vt 0.99853515625 0
vt 0.99853515625 0.69999998807907104
vt 0.5 0
vt 0.5 0.69999998807907104
vt 0.74853515625 0
vt 0.74853515625 0.69999998807907104
vn -1 0 0
vn -1 0 0
vn -1 0 0
vn -1 0 0
vn 0 0 -1
vn 0 0 -1
vn 0 0 -1
vn 0 0 -1
vn 1 0 0
vn 1 0 0
vn 1 0 0
vn 1 0 0
vn 0 0 1
vn 0 0 1
vn 0 0 1
vn 0 0 1
vn 0 1 0
vn 0 1 0
vn 0 1 0
vn 0 1 0
vn 0 -1 0
vn 0 -1 0
vn 0 -1 0
vn 0 -1 0
f 962/962/962 961/961/961 963/963/963 964/964/964
f 966/966/966 965/965/965 967/967/967 968/968/968
f 970/970/970 969/969/969 971/971/971 972/972/972
f 974/974/974 973/973/973 975/975/975 976/976/976
f 978/978/978 980/980/980 979/979/979 977/977/977
f 982/982/982 984/984/984 983/983/983 981/981/981
o object_39
v 165 10 -50
v 165 10 -70
v 165 15 -50
v 165 15 -70
v 165 10 -70
v 180 10 -70
v 165 15 -70
v 180 15 -70
v 180 10 -70
v 180 10 -50
v 180 15 -70
v 180 15 -50
v 180 10 -50
v 165 10 -50
v 180 15 -50
v 165 15 -50
v 165 15 -70
v 165 15 -50
v 180 15 -70
v 180 15 -50
v 165 10 -50
v 165 10 -70
v 180 10 -50
v 180 10 -70
vt 0.8571428656578064 0
vt 0.8571428656578064 0.57142859697341919
vt 0.99853515625 0
vt 0.99853515625 0.57142859697341919
vt 0.1428571492433548 0.4285714328289032
vt 0.1428571492433548 0.8571428656578064
vt 0.28424945473670959 0.4285714328289032
vt 0.28424945473670959 0.8571428656578064
vt 0.71428573131561279 0
vt 0.71428573131561279 0.57142859697341919
vt 0.8556780219078064 0
vt 0.8556780219078064 0.57142859697341919
vt 0 0.4285714328289032
vt 0 0.8571428656578064
vt 0.1413923054933548 0.4285714328289032
vt 0.1413923054933548 0.8571428656578064
vt 0.28571429848670959 0.4285714328289032
vt 0.28571429848670959 0.99853515625
vt 0.71282088756561279 0.4285714328289032
vt 0.71282088756561279 0.99853515625
vt 0.57142859697341919 0
vt 0 0
vt 0.57142859697341919 0.4271065890789032
vt 0 0.4271065890789032
vn -1 0 0
vn -1 0 0
vn -1 0 0
vn -1 0 0
vn 0 0 -1
vn 0 0 -1
vn 0 0 -1
vn 0 0 -1
vn 1 0 0
vn 1 0 0
vn 1 0 0
vn 1 0 0
vn 0 0 1
vn 0 0 1
vn 0 0 1
vn 0 0 1
vn 0 1 0
vn 0 1 0
vn 0 1 0
vn 0 1 0
vn 0 -1 0
vn 0 -1 0
vn 0 -1 0
vn 0 -1 0
f 986/986/986 985/985/985 987/987/987 988/988/988
f 990/990/990 989/989/989 991/991/991 992/992/992
f 994/994/994 993/993/993 995/995/995 996/996/996
f 998/998/998 997/997/997 999/999/999 1000/1000/1000
f 1002/1002/1002 1004/1004/1004 1003/1003/1003 1001/1001/1001
f 1006/1006/1006 1008/1008/1008 1007/1007/1007 1005/1005/1005
o object_40
v 150 10 -50
v 150 10 -63
v 150 15 -50
v 150 15 -63
v 150 10 -63
v 143 10 -63
v 150 15 -63
v 143 15 -63
v 143 10 -63
v 143 10 -50
v 143 15 -63
v 143 15 -50
v 143 10 -50
v 150 10 -50
v 143 15 -50
v 150 15 -50
v 143 15 -50
v 143 15 -63
v 150 15 -50
v 150 15 -63
v 143 10 -63
v 143 10 -50
v 150 10 -63
v 150 10 -50
vt 0.56521737575531006 0.21739129722118378
vt 0 0.21739129722118378
vt 0.56521737575531006 0.43331775069236755
vt 0 0.43331775069236755
vt 0.30288296937942505 0.71739131212234497
vt 0 0.71739131212234497
vt 0.30288296937942505 0.93478262424468994
vt 0 0.93478262424468994
vt 0.56521737575531006 0
vt 0 0
vt 0.56521737575531006 0.21592645347118378
vt 0 0.21592645347118378
vt 0.30288296937942505 0.43478259444236755
vt 0 0.43478259444236755
vt 0.30288296937942505 0.65217393636703491
vt 0 0.65217393636703491
vt 0.6086956262588501 0
vt 0.6086956262588501 0.56521737575531006
vt 0.91157865524291992 0
vt 0.91157865524291992 0.56521737575531006
vt 0.30434781312942505 0.43478259444236755
vt 0.30434781312942505 0.99853515625
vt 0.6072307825088501 0.43478259444236755
vt 0.6072307825088501 0.99853515625
vn 1 0 0
vn 1 0 0
vn 1 0 0
vn 1 0 0
vn 0 0 -1
vn 0 0 -1
vn 0 0 -1
vn 0 0 -1
vn -1 0 0
vn -1 0 0
vn -1 0 0
vn -1 0 0
vn 0 0 1
vn 0 0 1
vn 0 0 1
vn 0 0 1
vn 0 1 0
vn 0 1 0
vn 0 1 0
vn 0 1 0
vn 0 -1 0
vn 0 -1 0
vn 0 -1 0
vn 0 -1 0
f 1010/1010/1010 1012/1012/1012 1011/1011/1011 1009/1009/1009
f 1014/1014/1014 1016/1016/1016 1015/1015/1015 1013/1013/1013
f 1018/1018/1018 1020/1020/1020 1019/1019/1019 1017/1017/1017
f 1022/1022/1022 1024/1024/1024 1023/1023/1023 1021/1021/1021
f 1026/1026/1026 1025/1025/1025 1027/1027/1027 1028/1028/1028
f 1030/1030/1030 1029/1029/1029 1031/1031/1031 1032/1032/1032
o object_41
v 135 10 -50
v 135 10 -64
v 135 15 -50
v 135 15 -64
v 135 10 -64
v 130 10 -64
v 135 15 -64
v 130 15 -64
v 130 10 -64
v 130 10 -50
v 130 15 -64
v 130 15 -50
v 130 10 -50
v 135 10 -50
v 130 15 -50
v 135 15 -50
v 130 15 -50
v 130 15 -64
v 135 15 -50
v 135 15 -64
v 130 10 -64
v 130 10 -50
v 135 10 -64
v 135 10 -50
vt 0.25 0.25
vt 0.25 0.94853514432907104
vt 0.49853515625 0.25
vt 0.49853515625 0.94853514432907104
vt 0.25 0
vt 0.25 0.24853515625
vt 0.49853515625 0
vt 0.49853515625 0.24853515625
vt 0 0.25
vt 0 0.94853514432907104
vt 0.24853515625 0.25
vt 0.24853515625 0.94853514432907104
vt 0 0
vt 0 0.24853515625
vt 0.24853515625 0
vt 0.24853515625 0.24853515625
vt 0.75 0
vt 0.75 0.69999998807907104
vt 0.99853515625 0
vt 0.99853515625 0.69999998807907104
vt 0.5 0
vt 0.5 0.69999998807907104
vt 0.74853515625 0
vt 0.74853515625 0.69999998807907104
vn 1 0 0
vn 1 0 0
vn 1 0 0
vn 1 0 0
vn 0 0 -1
vn 0 0 -1
vn 0 0 -1
vn 0 0 -1
vn -1 0 0
vn -1 0 0
vn -1 0 0
vn -1 0 0
vn 0 0 1
vn 0 0 1
vn 0 0 1
vn 0 0 1
vn 0 1 0
vn 0 1 0
vn 0 1 0
vn 0 1 0
vn 0 -1 0
vn 0 -1 0
vn 0 -1 0
vn 0 -1 0
f 1034/1034/1034 1036/1036/1036 1035/1035/1035 1033/1033/1033
f 1038/1038/1038 1040/1040/1040 1039/1039/1039 1037/1037/1037
f 1042/1042/1042 1044/1044/1044 1043/1043/1043 1041/1041/1041
f 1046/1046/1046 1048/1048/1048 1047/1047/1047 1045/1045/1045
f 1050/1050/1050 1049/1049/1049 1051/1051/1051 1052/1052/1052
f 1054/1054/1054 1053/1053/1053 1055/1055/1055 1056/1056/1056
o object_42
v 135 10 -50
v 135 10 -70
v 135 15 -50
v 135 15 -70
v 135 10 -70
v 120 10 -70
v 135 15 -70
v 120 15 -70
v 120 10 -70
v 120 10 -50
v 120 15 -70
v 120 15 -50
v 120 10 -50
v 135 10 -50
v 120 15 -50
v 135 15 -50
v 120 15 -50
v 120 15 -70
v 135 15 -50
v 135 15 -70
v 120 10 -70
v 120 10 -50
v 135 10 -70
v 135 10 -50
vt 0.8571428656578064 0
vt 0.8571428656578064 0.57142859697341919
vt 0.99853515625 0
vt 0.99853515625 0.57142859697341919
vt 0.1428571492433548 0.4285714328289032
vt 0.1428571492433548 0.8571428656578064
vt 0.28424945473670959 0.4285714328289032
vt 0.28424945473670959 0.8571428656578064
vt 0.71428573131561279 0
vt 0.71428573131561279 0.57142859697341919
vt 0.8556780219078064 0
vt 0.8556780219078064 0.57142859697341919
vt 0 0.4285714328289032
vt 0 0.8571428656578064
vt 0.1413923054933548 0.4285714328289032
vt 0.1413923054933548 0.8571428656578064
vt 0.28571429848670959 0.4285714328289032
vt 0.28571429848670959 0.99853515625
vt 0.71282088756561279 0.4285714328289032
vt 0.71282088756561279 0.99853515625
vt 0.57142859697341919 0
vt 0 0
vt 0.57142859697341919 0.4271065890789032
vt 0 0.4271065890789032
vn 1 0 0
vn 1 0 0
vn 1 0 0
vn 1 0 0
vn 0 0 -1
vn 0 0 -1
vn 0 0 -1
vn 0 0 -1
vn -1 0 0
vn -1 0 0
vn -1 0 0
vn -1 0 0
vn 0 0 1
vn 0 0 1
vn 0 0 1
vn 0 0 1
vn 0 1 0
vn 0 1 0
vn 0 1 0
vn 0 1 0
vn 0 -1 0
vn 0 -1 0
vn 0 -1 0
vn 0 -1 0
f 1058/1058/1058 1060/1060/1060 1059/1059/1059 1057/1057/1057
f 1062/1062/1062 1064/1064/1064 1063/1063/1063 1061/1061/1061
f 1066/1066/1066 1068/1068/1068 1067/1067/1067 1065/1065/1065
f 1070/1070/1070 1072/1072/1072 1071/1071/1071 1069/1069/1069
f 1074/1074/1074 1073/1073/1073 1075/1075/1075 1076/1076/1076
f 1078/1078/1078 1077/1077/1077 1079/1079/1079 1080/1080/1080
o object_43
v 124 10 -70
v 124 10 -90
v 124 15 -70
v 124 15 -90
v 124 10 -90
v 120 10 -90
v 124 15 -90
v 120 15 -90
v 120 10 -90
v 120 10 -70
v 120 15 -90
v 120 15 -70
v 120 10 -70
v 124 10 -70
v 120 15 -70
v 124 15 -70
v 120 15 -70
v 120 15 -90
v 124 15 -70
v 124 15 -90
v 120 10 -90
v 120 10 -70
v 124 10 -90
v 124 10 -70
vt 0.43478259444236755 0
vt 0.43478259444236755 0.86810034513473511
vt 0.65070909261703491 0
vt 0.65070909261703491 0.86810034513473511
vt 0 0.43478259444236755
vt 0 0.6086956262588501
vt 0.21592645347118378 0.43478259444236755
vt 0.21592645347118378 0.6086956262588501
vt 0.21739129722118378 0
vt 0.21739129722118378 0.86810034513473511
vt 0.43331775069236755 0
vt 0.43331775069236755 0.86810034513473511
vt 0 0
vt 0 0.17391304671764374
vt 0.21592645347118378 0
vt 0.21592645347118378 0.17391304671764374
vt 0.82608693838119507 0
vt 0.82608693838119507 0.86810034513473511
vt 0.99853515625 0
vt 0.99853515625 0.86810034513473511
vt 0.65217393636703491 0
vt 0.65217393636703491 0.86810034513473511
vt 0.82462209463119507 0
vt 0.82462209463119507 0.86810034513473511
vn 1 0 0
vn 1 0 0
vn 1 0 0
vn 1 0 0
vn 0 0 -1
vn 0 0 -1
vn 0 0 -1
vn 0 0 -1
vn -1 0 0
vn -1 0 0
vn -1 0 0
vn -1 0 0
vn 0 0 1
vn 0 0 1
vn 0 0 1
vn 0 0 1
vn 0 1 0
vn 0 1 0
vn 0 1 0
vn 0 1 0
vn 0 -1 0
vn 0 -1 0
vn 0 -1 0
vn 0 -1 0
f 1082/1082/1082 1084/1084/1084 1083/1083/1083 1081/1081/1081
f 1086/1086/1086 1088/1088/1088 1087/1087/1087 1085/1085/1085
f 1090/1090/1090 1092/1092/1092 1091/1091/1091 1089/1089/1089
f 1094/1094/1094 1096/1096/1096 1095/1095/1095 1093/1093/1093
f 1098/1098/1098 1097/1097/1097 1099/1099/1099 1100/1100/1100
f 1102/1102/1102 1101/1101/1101 1103/1103/1103 1104/1104/1104
o object_44
v 120 10 -90
v 120 10 -50
v 120 15 -90
v 120 15 -50
v 120 10 -50
v 150 10 -50
v 120 15 -50
v 150 15 -50
v 150 10 -50
v 150 10 -90
v 150 15 -50
v 150 15 -90
v 150 10 -90
v 120 10 -90
v 150 15 -90
v 120 15 -90
v 120 15 -50
v 120 15 -90
v 150 15 -50
v 150 15 -90
v 120 10 -90
v 120 10 -50
v 150 10 -90
v 150 10 -50
vt 0.25 0
vt 0.25 0.66666668653488159
vt 0.3318684995174408 0
vt 0.3318684995174408 0.66666668653488159
vt 0.083333335816860199 0
vt 0.083333335816860199 0.5
vt 0.1652018278837204 0
vt 0.1652018278837204 0.5
vt 0.1666666716337204 0
vt 0.1666666716337204 0.66666668653488159
vt 0.24853515625 0
vt 0.24853515625 0.66666668653488159
vt 0 0
vt 0 0.5
vt 0.081868492066860199 0
vt 0.081868492066860199 0.5
vt 0.99853515625 0.5
vt 0.3333333432674408 0.5
vt 0.99853515625 0.99853515625
vt 0.3333333432674408 0.99853515625
vt 0.99853515625 0
vt 0.3333333432674408 0
vt 0.99853515625 0.49853515625
vt 0.3333333432674408 0.49853515625
vn -1 0 0
vn -1 0 0
vn -1 0 0
vn -1 0 0
vn 0 0 1
vn 0 0 1
vn 0 0 1
vn 0 0 1
vn 1 0 0
vn 1 0 0
vn 1 0 0
vn 1 0 0
vn 0 0 -1
vn 0 0 -1
vn 0 0 -1
vn 0 0 -1
vn 0 1 0
vn 0 1 0
vn 0 1 0
vn 0 1 0
vn 0 -1 0
vn 0 -1 0
vn 0 -1 0
vn 0 -1 0
f 1106/1106/1106 1108/1108/1108 1107/1107/1107 1105/1105/1105
f 1110/1110/1110 1112/1112/1112 1111/1111/1111 1109/1109/1109
f 1114/1114/1114 1116/1116/1116 1115/1115/1115 1113/1113/1113
f 1118/1118/1118 1120/1120/1120 1119/1119/1119 1117/1117/1117
f 1122/1122/1122 1121/1121/1121 1123/1123/1123 1124/1124/1124
f 1126/1126/1126 1125/1125/1125 1127/1127/1127 1128/1128/1128
o object_45
v 135 10 -76
v 135 10 -90
v 135 15 -76
v 135 15 -90
v 135 10 -90
v 124 10 -90
v 135 15 -90
v 124 15 -90
v 124 10 -90
v 124 10 -76
v 124 15 -90
v 124 15 -76
v 124 10 -76
v 135 10 -76
v 124 15 -76
v 135 15 -76
v 124 15 -76
v 124 15 -90
v 135 15 -76
v 135 15 -90
v 124 10 -90
v 124 10 -76
v 135 10 -90
v 135 10 -76
vt 0.83870965242385864 0
vt 0.83870965242385864 0.45161288976669312
vt 0.99853515625 0
vt 0.99853515625 0.45161288976669312
vt 0.16129031777381897 0.35483869910240173
vt 0.16129031777381897 0.70967739820480347
vt 0.32111579179763794 0.35483869910240173
vt 0.32111579179763794 0.70967739820480347
vt 0.67741936445236206 0
vt 0.67741936445236206 0.45161288976669312
vt 0.83724480867385864 0
vt 0.83724480867385864 0.45161288976669312
vt 0 0.35483869910240173
vt 0 0.70967739820480347
vt 0.15982547402381897 0.35483869910240173
vt 0.15982547402381897 0.70967739820480347
vt 0.32258063554763794 0.35483869910240173
vt 0.32258063554763794 0.80498677492141724
vt 0.67595452070236206 0.35483869910240173
vt 0.67595452070236206 0.80498677492141724
vt 0.45161288976669312 0
vt 0 0
vt 0.45161288976669312 0.35337385535240173
vt 0 0.35337385535240173
vn 1 0 0
vn 1 0 0
vn 1 0 0
vn 1 0 0
vn 0 0 -1
vn 0 0 -1
vn 0 0 -1
vn 0 0 -1
vn -1 0 0
vn -1 0 0
vn -1 0 0
vn -1 0 0
vn 0 0 1
vn 0 0 1
vn 0 0 1
vn 0 0 1
vn 0 1 0
vn 0 1 0
vn 0 1 0
vn 0 1 0
vn 0 -1 0
vn 0 -1 0
vn 0 -1 0
vn 0 -1 0
f 1130/1130/1130 1132/1132/1132 1131/1131/1131 1129/1129/1129
f 1134/1134/1134 1136/1136/1136 1135/1135/1135 1133/1133/1133
f 1138/1138/1138 1140/1140/1140 1139/1139/1139 1137/1137/1137
f 1142/1142/1142 1144/1144/1144 1143/1143/1143 1141/1141/1141
f 1146/1146/1146 1145/1145/1145 1147/1147/1147 1148/1148/1148
f 1150/1150/1150 1149/1149/1149 1151/1151/1151 1152/1152/1152
o object_46
v 150 10 -85
v 150 10 -90
v 150 15 -85
v 150 15 -90
v 150 10 -90
v 135 10 -90
v 150 15 -90
v 135 15 -90
v 135 10 -90
v 135 10 -85
v 135 15 -90
v 135 15 -85
v 135 10 -85
v 150 10 -85
v 135 15 -85
v 150 15 -85
v 135 15 -85
v 135 15 -90
v 150 15 -85
v 150 15 -90
v 135 10 -90
v 135 10 -85
v 150 10 -90
v 150 10 -85
vt 0.25 0
vt 0.25 0.24853515625
vt 0.49853515625 0
vt 0.49853515625 0.24853515625
vt 0.25 0.25
vt 0.25 0.99853515625
vt 0.49853515625 0.25
vt 0.49853515625 0.99853515625
vt 0 0
vt 0 0.24853515625
vt 0.24853515625 0
vt 0.24853515625 0.24853515625
vt 0 0.25
vt 0 0.99853515625
vt 0.24853515625 0.25
vt 0.24853515625 0.99853515625
vt 0.99853515625 0
vt 0.75 0
vt 0.99853515625 0.75
vt 0.75 0.75
vt 0.74853515625 0
vt 0.5 0
vt 0.74853515625 0.75
vt 0.5 0.75
vn 1 0 0
vn 1 0 0
vn 1 0 0
vn 1 0 0
vn 0 0 -1
vn 0 0 -1
vn 0 0 -1
vn 0 0 -1
vn -1 0 0
vn -1 0 0
vn -1 0 0
vn -1 0 0
vn 0 0 1
vn 0 0 1
vn 0 0 1
vn 0 0 1
vn 0 1 0
vn 0 1 0
vn 0 1 0
vn 0 1 0
vn 0 -1 0
vn 0 -1 0
vn 0 -1 0
vn 0 -1 0
f 1154/1154/1154 1156/1156/1156 1155/1155/1155 1153/1153/1153
f 1158/1158/1158 1160/1160/1160 1159/1159/1159 1157/1157/1157
f 1162/1162/1162 1164/1164/1164 1163/1163/1163 1161/1161/1161
f 1166/1166/1166 1168/1168/1168 1167/1167/1167 1165/1165/1165
f 1170/1170/1170 1169/1169/1169 1171/1171/1171 1172/1172/1172
f 1174/1174/1174 1173/1173/1173 1175/1175/1175 1176/1176/1176
o object_47
v 90 10 -85
v 90 10 -90
v 90 15 -85
v 90 15 -90
v 90 10 -90
v 105 10 -90
v 90 15 -90
v 105 15 -90
v 105 10 -90
v 105 10 -85
v 105 15 -90
v 105 15 -85
v 105 10 -85
v 90 10 -85
v 105 15 -85
v 90 15 -85
v 90 15 -90
v 90 15 -85
v 105 15 -90
v 105 15 -85
v 90 10 -85
v 90 10 -90
v 105 10 -85
v 105 10 -90
vt 0.25 0
vt 0.25 0.24853515625
vt 0.49853515625 0
vt 0.49853515625 0.24853515625
vt 0.25 0.25
vt 0.25 0.99853515625
vt 0.49853515625 0.25
vt 0.49853515625 0.99853515625
vt 0 0
vt 0 0.24853515625
vt 0.24853515625 0
vt 0.24853515625 0.24853515625
vt 0 0.25
vt 0 0.99853515625
vt 0.24853515625 0.25
vt 0.24853515625 0.99853515625
vt 0.99853515625 0
vt 0.75 0
vt 0.99853515625 0.75
vt 0.75 0.75
vt 0.74853515625 0
vt 0.5 0
vt 0.74853515625 0.75
vt 0.5 0.75
vn -1 0 0
vn -1 0 0
vn -1 0 0
vn -1 0 0
vn 0 0 -1
vn 0 0 -1
vn 0 0 -1
vn 0 0 -1
vn 1 0 0
vn 1 0 0
vn 1 0 0
vn 1 0 0
vn 0 0 1
vn 0 0 1
vn 0 0 1
vn 0 0 1
vn 0 1 0
vn 0 1 0
vn 0 1 0
vn 0 1 0
vn 0 -1 0
vn 0 -1 0
vn 0 -1 0
vn 0 -1 0
f 1178/1178/1178 1177/1177/1177 1179/1179/1179 1180/1180/1180
f 1182/1182/1182 1181/1181/1181 1183/1183/1183 1184/1184/1184
f 1186/1186/1186 1185/1185/1185 1187/1187/1187 1188/1188/1188
f 1190/1190/1190 1189/1189/1189 1191/1191/1191 1192/1192/1192
f 1194/1194/1194 1196/1196/1196 1195/1195/1195 1193/1193/1193
f 1198/1198/1198 1200/1200/1200 1199/1199/1199 1197/1197/1197
o object_48
v 105 10 -50
v 105 10 -70
v 105 15 -50
v 105 15 -70
v 105 10 -70
v 120 10 -70
v 105 15 -70
v 120 15 -70
v 120 10 -70
v 120 10 -50
v 120 15 -70
v 120 15 -50
v 120 10 -50
v 105 10 -50
v 120 15 -50
v 105 15 -50
v 105 15 -70
v 105 15 -50
v 120 15 -70
v 120 15 -50
v 105 10 -50
v 105 10 -70
v 120 10 -50
v 120 10 -70
vt 0.8571428656578064 0
vt 0.8571428656578064 0.57142859697341919
vt 0.99853515625 0
vt 0.99853515625 0.57142859697341919
vt 0.1428571492433548 0.4285714328289032
vt 0.1428571492433548 0.8571428656578064
vt 0.28424945473670959 0.4285714328289032
vt 0.28424945473670959 0.8571428656578064
vt 0.71428573131561279 0
vt 0.71428573131561279 0.57142859697341919
vt 0.8556780219078064 0
vt 0.8556780219078064 0.57142859697341919
vt 0 0.4285714328289032
vt 0 0.8571428656578064
vt 0.1413923054933548 0.4285714328289032
vt 0.1413923054933548 0.8571428656578064
vt 0.28571429848670959 0.4285714328289032
vt 0.28571429848670959 0.99853515625
vt 0.71282088756561279 0.4285714328289032
vt 0.71282088756561279 0.99853515625
vt 0.57142859697341919 0
vt 0 0
vt 0.57142859697341919 0.4271065890789032
vt 0 0.4271065890789032
vn -1 0 0
vn -1 0 0
vn -1 0 0
vn -1 0 0
vn 0 0 -1
vn 0 0 -1
vn 0 0 -1
vn 0 0 -1
vn 1 0 0
vn 1 0 0
vn 1 0 0
vn 1 0 0
vn 0 0 1
vn 0 0 1
vn 0 0 1
vn 0 0 1
vn 0 1 0
vn 0 1 0
vn 0 1 0
vn 0 1 0
vn 0 -1 0
vn 0 -1 0
vn 0 -1 0
vn 0 -1 0
f 1202/1202/1202 1201/1201/1201 1203/1203/1203 1204/1204/1204
f 1206/1206/1206 1205/1205/1205 1207/1207/1207 1208/1208/1208
f 1210/1210/1210 1209/1209/1209 1211/1211/1211 1212/1212/1212
f 1214/1214/1214 1213/1213/1213 1215/1215/1215 1216/1216/1216
f 1218/1218/1218 1220/1220/1220 1219/1219/1219 1217/1217/1217
f 1222/1222/1222 1224/1224/1224 1223/1223/1223 1221/1221/1221
o object_49
v 105 10 -50
v 105 10 -64
v 105 15 -50
v 105 15 -64
v 105 10 -64
v 110 10 -64
v 105 15 -64
v 110 15 -64
v 110 10 -64
v 110 10 -50
v 110 15 -64
v 110 15 -50
v 110 10 -50
v 105 10 -50
v 110 15 -50
v 105 15 -50
v 105 15 -64
v 105 15 -50
v 110 15 -64
v 110 15 -50
v 105 10 -50
v 105 10 -64
v 110 10 -50
v 110 10 -64
vt 0.25 0.25
vt 0.25 0.94853514432907104
vt 0.49853515625 0.25
vt 0.49853515625 0.94853514432907104
vt 0.25 0
vt 0.25 0.24853515625
vt 0.49853515625 0
vt 0.49853515625 0.24853515625
vt 0 0.25
vt 0 0.94853514432907104
vt 0.24853515625 0.25
vt 0.24853515625 0.94853514432907104
vt 0 0
vt 0 0.24853515625
vt 0.24853515625 0
vt 0.24853515625 0.24853515625
vt 0.75 0
vt 0.75 0.69999998807907104
vt 0.99853515625 0
vt 0.99853515625 0.69999998807907104
vt 0.5 0
vt 0.5 0.69999998807907104
vt 0.74853515625 0
vt 0.74853515625 0.69999998807907104
vn -1 0 0
vn -1 0 0
vn -1 0 0
vn -1 0 0
vn 0 0 -1
vn 0 0 -1
vn 0 0 -1
vn 0 0 -1
vn 1 0 0
vn 1 0 0
vn 1 0 0
vn 1 0 0
vn 0 0 1
vn 0 0 1
vn 0 0 1
vn 0 0 1
vn 0 1 0
vn 0 1 0
vn 0 1 0
vn 0 1 0
vn 0 -1 0
vn 0 -1 0
vn 0 -1 0
vn 0 -1 0
f 1226/1226/1226 1225/1225/1225 1227/1227/1227 1228/1228/1228
f 1230/1230/1230 1229/1229/1229 1231/1231/1231 1232/1232/1232
f 1234/1234/1234 1233/1233/1233 1235/1235/1235 1236/1236/1236
f 1238/1238/1238 1237/1237/1237 1239/1239/1239 1240/1240/1240
f 1242/1242/1242 1244/1244/1244 1243/1243/1243 1241/1241/1241
f 1246/1246/1246 1248/1248/1248 1247/1247/1247 1245/1245/1245
o object_50
v 105 10 -76
v 105 10 -90
v 105 15 -76
v 105 15 -90
v 105 10 -90
v 116 10 -90
v 105 15 -90
v 116 15 -90
v 116 10 -90
v 116 10 -76
v 116 15 -90
v 116 15 -76
v 116 10 -76
v 105 10 -76
v 116 15 -76
v 105 15 -76
v 105 15 -90
v 105 15 -76
v 116 15 -90
v 116 15 -76
v 105 10 -76
v 105 10 -90
v 116 10 -76
v 116 10 -90
vt 0.83870965242385864 0
vt 0.83870965242385864 0.45161288976669312
vt 0.99853515625 0
vt 0.99853515625 0.45161288976669312
vt 0.16129031777381897 0.35483869910240173
vt 0.16129031777381897 0.70967739820480347
vt 0.32111579179763794 0.35483869910240173
vt 0.32111579179763794 0.70967739820480347
vt 0.67741936445236206 0
vt 0.67741936445236206 0.45161288976669312
vt 0.83724480867385864 0
vt 0.83724480867385864 0.45161288976669312
vt 0 0.35483869910240173
vt 0 0.70967739820480347
vt 0.15982547402381897 0.35483869910240173
vt 0.15982547402381897 0.70967739820480347
vt 0.32258063554763794 0.35483869910240173
vt 0.32258063554763794 0.80498677492141724
vt 0.67595452070236206 0.35483869910240173
vt 0.67595452070236206 0.80498677492141724
vt 0.45161288976669312 0
vt 0 0
vt 0.45161288976669312 0.35337385535240173
vt 0 0.35337385535240173
vn -1 0 0
vn -1 0 0
vn -1 0 0
vn -1 0 0
vn 0 0 -1
vn 0 0 -1
vn 0 0 -1
vn 0 0 -1
vn 1 0 0
vn 1 0 0
vn 1 0 0
vn 1 0 0
vn 0 0 1
vn 0 0 1
vn 0 0 1
vn 0 0 1
vn 0 1 0
vn 0 1 0
vn 0 1 0
vn 0 1 0
vn 0 -1 0
vn 0 -1 0
vn 0 -1 0
vn 0 -1 0
f 1250/1250/1250 1249/1249/1249 1251/1251/1251 1252/1252/1252
f 1254/1254/1254 1253/1253/1253 1255/1255/1255 1256/1256/1256
f 1258/1258/1258 1257/1257/1257 1259/1259/1259 1260/1260/1260
f 1262/1262/1262 1261/1261/1261 1263/1263/1263 1264/1264/1264
f 1266/1266/1266 1268/1268/1268 1267/1267/1267 1265/1265/1265
f 1270/1270/1270 1272/1272/1272 1271/1271/1271 1269/1269/1269
o object_51
v 116 10 -70
v 116 10 -90
v 116 15 -70
v 116 15 -90
v 116 10 -90
v 120 10 -90
v 116 15 -90
v 120 15 -90
v 120 10 -90
v 120 10 -70
v 120 15 -90
v 120 15 -70
v 120 10 -70
v 116 10 -70
v 120 15 -70
v 116 15 -70
v 116 15 -90
v 116 15 -70
v 120 15 -90
v 120 15 -70
v 116 10 -70
v 116 10 -90
v 120 10 -70
v 120 10 -90
vt 0.43478259444236755 0
vt 0.43478259444236755 0.86810034513473511
vt 0.65070909261703491 0
vt 0.65070909261703491 0.86810034513473511
vt 0 0.43478259444236755
vt 0 0.6086956262588501
vt 0.21592645347118378 0.43478259444236755
vt 0.21592645347118378 0.6086956262588501
vt 0.21739129722118378 0
vt 0.21739129722118378 0.86810034513473511
vt 0.43331775069236755 0
vt 0.43331775069236755 0.86810034513473511
vt 0 0
vt 0 0.17391304671764374
vt 0.21592645347118378 0
vt 0.21592645347118378 0.17391304671764374
vt 0.82608693838119507 0
vt 0.82608693838119507 0.86810034513473511
vt 0.99853515625 0
vt 0.99853515625 0.86810034513473511
vt 0.65217393636703491 0
vt 0.65217393636703491 0.86810034513473511
vt 0.82462209463119507 0
vt 0.82462209463119507 0.86810034513473511
vn -1 0 0
vn -1 0 0
vn -1 0 0
vn -1 0 0
vn 0 0 -1
vn 0 0 -1
vn 0 0 -1
vn 0 0 -1
vn 1 0 0
vn 1 0 0
vn 1 0 0
vn 1 0 0
vn 0 0 1
vn 0 0 1
vn 0 0 1
vn 0 0 1
vn 0 1 0
vn 0 1 0
vn 0 1 0
vn 0 1 0
vn 0 -1 0
vn 0 -1 0
vn 0 -1 0
vn 0 -1 0
f 1274/1274/1274 1273/1273/1273 1275/1275/1275 1276/1276/1276
f 1278/1278/1278 1277/1277/1277 1279/1279/1279 1280/1280/1280
f 1282/1282/1282 1281/1281/1281 1283/1283/1283 1284/1284/1284
f 1286/1286/1286 1285/1285/1285 1287/1287/1287 1288/1288/1288
f 1290/1290/1290 1292/1292/1292 1291/1291/1291 1289/1289/1289
f 1294/1294/1294 1296/1296/1296 1295/1295/1295 1293/1293/1293
o object_52
v 90 10 -85
v 90 10 -90
v 90 15 -85
v 90 15 -90
v 90 10 -90
v 75 10 -90
v 90 15 -90
v 75 15 -90
v 75 10 -90
v 75 10 -85
v 75 15 -90
v 75 15 -85
v 75 10 -85
v 90 10 -85
v 75 15 -85
v 90 15 -85
v 75 15 -85
v 75 15 -90
v 90 15 -85
v 90 15 -90
v 75 10 -90
v 75 10 -85
v 90 10 -90
v 90 10 -85
vt 0.25 0
vt 0.25 0.24853515625
vt 0.49853515625 0
vt 0.49853515625 0.24853515625
vt 0.25 0.25
vt 0.25 0.99853515625
vt 0.49853515625 0.25
vt 0.49853515625 0.99853515625
vt 0 0
vt 0 0.24853515625
vt 0.24853515625 0
vt 0.24853515625 0.24853515625
vt 0 0.25
vt 0 0.99853515625
vt 0.24853515625 0.25
vt 0.24853515625 0.99853515625
vt 0.99853515625 0
vt 0.75 0
vt 0.99853515625 0.75
vt 0.75 0.75
vt 0.74853515625 0
vt 0.5 0
vt 0.74853515625 0.75
vt 0.5 0.75
vn 1 0 0
vn 1 0 0
vn 1 0 0
vn 1 0 0
vn 0 0 -1
vn 0 0 -1
vn 0 0 -1
vn 0 0 -1
vn -1 0 0
vn -1 0 0
vn -1 0 0
vn -1 0 0
vn 0 0 1
vn 0 0 1
vn 0 0 1
vn 0 0 1
vn 0 1 0
vn 0 1 0
vn 0 1 0
vn 0 1 0
vn 0 -1 0
vn 0 -1 0
vn 0 -1 0
vn 0 -1 0
f 1298/1298/1298 1300/1300/1300 1299/1299/1299 1297/1297/1297
f 1302/1302/1302 1304/1304/1304 1303/1303/1303 1301/1301/1301
f 1306/1306/1306 1308/1308/1308 1307/1307/1307 1305/1305/1305
f 1310/1310/1310 1312/1312/1312 1311/1311/1311 1309/1309/1309
f 1314/1314/1314 1313/1313/1313 1315/1315/1315 1316/1316/1316
f 1318/1318/1318 1317/1317/1317 1319/1319/1319 1320/1320/1320
o object_53
v 90 10 -50
v 90 10 -63
v 90 15 -50
v 90 15 -63
v 90 10 -63
v 97 10 -63
v 90 15 -63
v 97 15 -63
v 97 10 -63
v 97 10 -50
v 97 15 -63
v 97 15 -50
v 97 10 -50
v 90 10 -50
v 97 15 -50
v 90 15 -50
v 90 15 -63
v 90 15 -50
v 97 15 -63
v 97 15 -50
v 90 10 -50
v 90 10 -63
v 97 10 -50
v 97 10 -63
vt 0.56521737575531006 0.21739129722118378
vt 0 0.21739129722118378
vt 0.56521737575531006 0.43331775069236755
vt 0 0.43331775069236755
vt 0.30288296937942505 0.71739131212234497
vt 0 0.71739131212234497
vt 0.30288296937942505 0.93478262424468994
vt 0 0.93478262424468994
vt 0.56521737575531006 0
vt 0 0
vt 0.56521737575531006 0.21592645347118378
vt 0 0.21592645347118378
vt 0.30288296937942505 0.43478259444236755
vt 0 0.43478259444236755
vt 0.30288296937942505 0.65217393636703491
vt 0 0.65217393636703491
vt 0.6086956262588501 0
vt 0.6086956262588501 0.56521737575531006
vt 0.91157865524291992 0
vt 0.91157865524291992 0.56521737575531006
vt 0.30434781312942505 0.43478259444236755
vt 0.30434781312942505 0.99853515625
vt 0.6072307825088501 0.43478259444236755
vt 0.6072307825088501 0.99853515625
vn -1 0 0
vn -1 0 0
vn -1 0 0
vn -1 0 0
vn 0 0 -1
vn 0 0 -1
vn 0 0 -1
vn 0 0 -1
vn 1 0 0
vn 1 0 0
vn 1 0 0
vn 1 0 0
vn 0 0 1
vn 0 0 1
vn 0 0 1
vn 0 0 1
vn 0 1 0
vn 0 1 0
vn 0 1 0
vn 0 1 0
vn 0 -1 0
vn 0 -1 0
vn 0 -1 0
vn 0 -1 0
f 1322/1322/1322 1321/1321/1321 1323/1323/1323 1324/1324/1324
f 1326/1326/1326 1325/1325/1325 1327/1327/1327 1328/1328/1328
f 1330/1330/1330 1329/1329/1329 1331/1331/1331 1332/1332/1332
f 1334/1334/1334 1333/1333/1333 1335/1335/1335 1336/1336/1336
f 1338/1338/1338 1340/1340/1340 1339/1339/1339 1337/1337/1337
f 1342/1342/1342 1344/1344/1344 1343/1343/1343 1341/1341/1341
o object_54
v 90 10 -90
v 90 10 -50
v 90 15 -90
v 90 15 -50
v 90 10 -50
v 120 10 -50
v 90 15 -50
v 120 15 -50
v 120 10 -50
v 120 10 -90
v 120 15 -50
v 120 15 -90
v 120 10 -90
v 90 10 -90
v 120 15 -90
v 90 15 -90
v 90 15 -50
v 90 15 -90
v 120 15 -50
v 120 15 -90
v 90 10 -90
v 90 10 -50
v 120 10 -90
v 120 10 -50
vt 0.25 0
vt 0.25 0.66666668653488159
vt 0.3318684995174408 0
vt 0.3318684995174408 0.66666668653488159
vt 0.083333335816860199 0
vt 0.083333335816860199 0.5
vt 0.1652018278837204 0
vt 0.1652018278837204 0.5
vt 0.1666666716337204 0
vt 0.1666666716337204 0.66666668653488159
vt 0.24853515625 0
vt 0.24853515625 0.66666668653488159
vt 0 0
vt 0 0.5
vt 0.081868492066860199 0
vt 0.081868492066860199 0.5
vt 0.99853515625 0.5
vt 0.3333333432674408 0.5
vt 0.99853515625 0.99853515625
vt 0.3333333432674408 0.99853515625
vt 0.99853515625 0
vt 0.3333333432674408 0
vt 0.99853515625 0.49853515625
vt 0.3333333432674408 0.49853515625
vn -1 0 0
vn -1 0 0
vn -1 0 0
vn -1 0 0
vn 0 0 1
vn 0 0 1
vn 0 0 1
vn 0 0 1
vn 1 0 0
vn 1 0 0
vn 1 0 0
vn 1 0 0
vn 0 0 -1
vn 0 0 -1
vn 0 0 -1
vn 0 0 -1
vn 0 1 0
vn 0 1 0
vn 0 1 0
vn 0 1 0
vn 0 -1 0
vn 0 -1 0
vn 0 -1 0
vn 0 -1 0
f 1346/1346/1346 1348/1348/1348 1347/1347/1347 1345/1345/1345
f 1350/1350/1350 1352/1352/1352 1351/1351/1351 1349/1349/1349
f 1354/1354/1354 1356/1356/1356 1355/1355/1355 1353/1353/1353
f 1358/1358/1358 1360/1360/1360 1359/1359/1359 1357/1357/1357
f 1362/1362/1362 1361/1361/1361 1363/1363/1363 1364/1364/1364
f 1366/1366/1366 1365/1365/1365 1367/1367/1367 1368/1368/1368
o object_55
v 90 10 -50
v 90 10 -63
v 90 15 -50
v 90 15 -63
v 90 10 -63
v 83 10 -63
v 90 15 -63
v 83 15 -63
v 83 10 -63
v 83 10 -50
v 83 15 -63
v 83 15 -50
v 83 10 -50
v 90 10 -50
v 83 15 -50
v 90 15 -50
v 83 15 -50
v 83 15 -63
v 90 15 -50
v 90 15 -63
v 83 10 -63
v 83 10 -50
v 90 10 -63
v 90 10 -50
vt 0.56521737575531006 0.21739129722118378
vt 0 0.21739129722118378
vt 0.56521737575531006 0.43331775069236755
vt 0 0.43331775069236755
vt 0.30288296937942505 0.71739131212234497
vt 0 0.71739131212234497
vt 0.30288296937942505 0.93478262424468994
vt 0 0.93478262424468994
vt 0.56521737575531006 0
vt 0 0
vt 0.56521737575531006 0.21592645347118378
vt 0 0.21592645347118378
vt 0.30288296937942505 0.43478259444236755
vt 0 0.43478259444236755
vt 0.30288296937942505 0.65217393636703491
vt 0 0.65217393636703491
vt 0.6086956262588501 0
vt 0.6086956262588501 0.56521737575531006
vt 0.91157865524291992 0
vt 0.91157865524291992 0.56521737575531006
vt 0.30434781312942505 0.43478259444236755
vt 0.30434781312942505 0.99853515625
vt 0.6072307825088501 0.43478259444236755
vt 0.6072307825088501 0.99853515625
vn 1 0 0
vn 1 0 0
vn 1 0 0
vn 1 0 0
vn 0 0 -1
vn 0 0 -1
vn 0 0 -1
vn 0 0 -1
vn -1 0 0
vn -1 0 0
vn -1 0 0
vn -1 0 0
vn 0 0 1
vn 0 0 1
vn 0 0 1
vn 0 0 1
vn 0 1 0
vn 0 1 0
vn 0 1 0
vn 0 1 0
vn 0 -1 0
vn 0 -1 0
vn 0 -1 0
vn 0 -1 0
f 1370/1370/1370 1372/1372/1372 1371/1371/1371 1369/1369/1369
f 1374/1374/1374 1376/1376/1376 1375/1375/1375 1373/1373/1373
f 1378/1378/1378 1380/1380/1380 1379/1379/1379 1377/1377/1377
f 1382/1382/1382 1384/1384/1384 1383/1383/1383 1381/1381/1381
f 1386/1386/1386 1385/1385/1385 1387/1387/1387 1388/1388/1388
f 1390/1390/1390 1389/1389/1389 1391/1391/1391 1392/1392/1392
o object_56
v 75 10 -50
v 75 10 -64
v 75 15 -50
v 75 15 -64
v 75 10 -64
v 70 10 -64
v 75 15 -64
v 70 15 -64
v 70 10 -64
v 70 10 -50
v 70 15 -64
v 70 15 -50
v 70 10 -50
v 75 10 -50
v 70 15 -50
v 75 15 -50
v 70 15 -50
v 70 15 -64
v 75 15 -50
v 75 15 -64
v 70 10 -64
v 70 10 -50
v 75 10 -64
v 75 10 -50
vt 0.25 0.25
vt 0.25 0.94853514432907104
vt 0.49853515625 0.25
vt 0.49853515625 0.94853514432907104
vt 0.25 0
vt 0.25 0.24853515625
vt 0.49853515625 0
vt 0.49853515625 0.24853515625
vt 0 0.25
vt 0 0.94853514432907104
vt 0.24853515625 0.25
vt 0.24853515625 0.94853514432907104
vt 0 0
vt 0 0.24853515625
vt 0.24853515625 0
vt 0.24853515625 0.24853515625
vt 0.75 0
vt 0.75 0.69999998807907104
vt 0.99853515625 0
vt 0.99853515625 0.69999998807907104
vt 0.5 0
vt 0.5 0.69999998807907104
vt 0.74853515625 0
vt 0.74853515625 0.69999998807907104
vn 1 0 0
vn 1 0 0
vn 1 0 0
vn 1 0 0
vn 0 0 -1
vn 0 0 -1
vn 0 0 -1
vn 0 0 -1
vn -1 0 0
vn -1 0 0
vn -1 0 0
vn -1 0 0
vn 0 0 1
vn 0 0 1
vn 0 0 1
vn 0 0 1
vn 0 1 0
vn 0 1 0
vn 0 1 0
vn 0 1 0
vn 0 -1 0
vn 0 -1 0
vn 0 -1 0
vn 0 -1 0
f 1394/1394/1394 1396/1396/1396 1395/1395/1395 1393/1393/1393
f 1398/1398/1398 1400/1400/1400 1399/1399/1399 1397/1397/1397
f 1402/1402/1402 1404/1404/1404 1403/1403/1403 1401/1401/1401
f 1406/1406/1406 1408/1408/1408 1407/1407/1407 1405/1405/1405
f 1410/1410/1410 1409/1409/1409 1411/1411/1411 1412/1412/1412
f 1414/1414/1414 1413/1413/1413 1415/1415/1415 1416/1416/1416
o object_57
v 64 10 -70
v 64 10 -90
v 64 15 -70
v 64 15 -90
v 64 10 -90
v 60 10 -90
v 64 15 -90
v 60 15 -90
v 60 10 -90
v 60 10 -70
v 60 15 -90
v 60 15 -70
v 60 10 -70
v 64 10 -70
v 60 15 -70
v 64 15 -70
v 60 15 -70
v 60 15 -90
v 64 15 -70
v 64 15 -90
v 60 10 -90
v 60 10 -70
v 64 10 -90
v 64 10 -70
vt 0.43478259444236755 0
vt 0.43478259444236755 0.86810034513473511
vt 0.65070909261703491 0
vt 0.65070909261703491 0.86810034513473511
vt 0 0.43478259444236755
vt 0 0.6086956262588501
vt 0.21592645347118378 0.43478259444236755
vt 0.21592645347118378 0.6086956262588501
vt 0.21739129722118378 0
vt 0.21739129722118378 0.86810034513473511
vt 0.43331775069236755 0
vt 0.43331775069236755 0.86810034513473511
vt 0 0
vt 0 0.17391304671764374
vt 0.21592645347118378 0
vt 0.21592645347118378 0.17391304671764374
vt 0.82608693838119507 0
vt 0.82608693838119507 0.86810034513473511
vt 0.99853515625 0
vt 0.99853515625 0.86810034513473511
vt 0.65217393636703491 0
vt 0.65217393636703491 0.86810034513473511
vt 0.82462209463119507 0
vt 0.82462209463119507 0.86810034513473511
vn 1 0 0
vn 1 0 0
vn 1 0 0
vn 1 0 0
vn 0 0 -1
vn 0 0 -1
vn 0 0 -1
vn 0 0 -1
vn -1 0 0
vn -1 0 0
vn -1 0 0
vn -1 0 0
vn 0 0 1
vn 0 0 1
vn 0 0 1
vn 0 0 1
vn 0 1 0
vn 0 1 0
vn 0 1 0
vn 0 1 0
vn 0 -1 0
vn 0 -1 0
vn 0 -1 0
vn 0 -1 0
f 1418/1418/1418 1420/1420/1420 1419/1419/1419 1417/1417/1417
f 1422/1422/1422 1424/1424/1424 1423/1423/1423 1421/1421/1421
f 1426/1426/1426 1428/1428/1428 1427/1427/1427 1425/1425/1425
f 1430/1430/1430 1432/1432/1432 1431/1431/1431 1429/1429/1429
f 1434/1434/1434 1433/1433/1433 1435/1435/1435 1436/1436/1436
f 1438/1438/1438 1437/1437/1437 1439/1439/1439 1440/1440/1440
o object_58
v 75 10 -50
v 75 10 -70
v 75 15 -50
v 75 15 -70
v 75 10 -70
v 60 10 -70
v 75 15 -70
v 60 15 -70
v 60 10 -70
v 60 10 -50
v 60 15 -70
v 60 15 -50
v 60 10 -50
v 75 10 -50
v 60 15 -50
v 75 15 -50
v 60 15 -50
v 60 15 -70
v 75 15 -50
v 75 15 -70
v 60 10 -70
v 60 10 -50
v 75 10 -70
v 75 10 -50
vt 0.8571428656578064 0
vt 0.8571428656578064 0.57142859697341919
vt 0.99853515625 0
vt 0.99853515625 0.57142859697341919
vt 0.1428571492433548 0.4285714328289032
vt 0.1428571492433548 0.8571428656578064
vt 0.28424945473670959 0.4285714328289032
vt 0.28424945473670959 0.8571428656578064
vt 0.71428573131561279 0
vt 0.71428573131561279 0.57142859697341919
vt 0.8556780219078064 0
vt 0.8556780219078064 0.57142859697341919
vt 0 0.4285714328289032
vt 0 0.8571428656578064
vt 0.1413923054933548 0.4285714328289032
vt 0.1413923054933548 0.8571428656578064
vt 0.28571429848670959 0.4285714328289032
vt 0.28571429848670959 0.99853515625
vt 0.71282088756561279 0.4285714328289032
vt 0.71282088756561279 0.99853515625
vt 0.57142859697341919 0
vt 0 0
vt 0.57142859697341919 0.4271065890789032
vt 0 0.4271065890789032
vn 1 0 0
vn 1 0 0
vn 1 0 0
vn 1 0 0
vn 0 0 -1
vn 0 0 -1
vn 0 0 -1
vn 0 0 -1
vn -1 0 0
vn -1 0 0
vn -1 0 0
vn -1 0 0
vn 0 0 1
vn 0 0 1
vn 0 0 1
vn 0 0 1
vn 0 1 0
vn 0 1 0
vn 0 1 0
vn 0 1 0
vn 0 -1 0
vn 0 -1 0
vn 0 -1 0
vn 0 -1 0
f 1442/1442/1442 1444/1444/1444 1443/1443/1443 1441/1441/1441
f 1446/1446/1446 1448/1448/1448 1447/1447/1447 1445/1445/1445
f 1450/1450/1450 1452/1452/1452 1451/1451/1451 1449/1449/1449
f 1454/1454/1454 1456/1456/1456 1455/1455/1455 1453/1453/1453
f 1458/1458/1458 1457/1457/1457 1459/1459/1459 1460/1460/1460
f 1462/1462/1462 1461/1461/1461 1463/1463/1463 1464/1464/1464
o object_59
v 75 10 -76
v 75 10 -90
v 75 15 -76
v 75 15 -90
v 75 10 -90
v 64 10 -90
v 75 15 -90
v 64 15 -90
v 64 10 -90
v 64 10 -76
v 64 15 -90
v 64 15 -76
v 64 10 -76
v 75 10 -76
v 64 15 -76
v 75 15 -76
v 64 15 -76
v 64 15 -90
v 75 15 -76
v 75 15 -90
v 64 10 -90
v 64 10 -76
v 75 10 -90
v 75 10 -76
vt 0.83870965242385864 0
vt 0.83870965242385864 0.45161288976669312
vt 0.99853515625 0
vt 0.99853515625 0.45161288976669312
vt 0.16129031777381897 0.35483869910240173
vt 0.16129031777381897 0.70967739820480347
vt 0.32111579179763794 0.35483869910240173
vt 0.32111579179763794 0.70967739820480347
vt 0.67741936445236206 0
vt 0.67741936445236206 0.45161288976669312
vt 0.83724480867385864 0
vt 0.83724480867385864 0.45161288976669312
vt 0 0.35483869910240173
vt 0 0.70967739820480347
vt 0.15982547402381897 0.35483869910240173
vt 0.15982547402381897 0.70967739820480347
vt 0.32258063554763794 0.35483869910240173
vt 0.32258063554763794 0.80498677492141724
vt 0.67595452070236206 0.35483869910240173
vt 0.67595452070236206 0.80498677492141724
vt 0.45161288976669312 0
vt 0 0
vt 0.45161288976669312 0.35337385535240173
vt 0 0.35337385535240173
vn 1 0 0
vn 1 0 0
vn 1 0 0
vn 1 0 0
vn 0 0 -1
vn 0 0 -1
vn 0 0 -1
vn 0 0 -1
vn -1 0 0
vn -1 0 0
vn -1 0 0
vn -1 0 0
vn 0 0 1
vn 0 0 1
vn 0 0 1
vn 0 0 1
vn 0 1 0
vn 0 1 0
vn 0 1 0
vn 0 1 0
vn 0 -1 0
vn 0 -1 0
vn 0 -1 0
vn 0 -1 0
f 1466/1466/1466 1468/1468/1468 1467/1467/1467 1465/1465/1465
f 1470/1470/1470 1472/1472/1472 1471/1471/1471 1469/1469/1469
f 1474/1474/1474 1476/1476/1476 1475/1475/1475 1473/1473/1473
f 1478/1478/1478 1480/1480/1480 1479/1479/1479 1477/1477/1477
f 1482/1482/1482 1481/1481/1481 1483/1483/1483 1484/1484/1484
f 1486/1486/1486 1485/1485/1485 1487/1487/1487 1488/1488/1488
o object_60
v 60 10 -90
v 60 10 -50
v 60 15 -90
v 60 15 -50
v 60 10 -50
v 90 10 -50
v 60 15 -50
v 90 15 -50
v 90 10 -50
v 90 10 -90
v 90 15 -50
v 90 15 -90
v 90 10 -90
v 60 10 -90
v 90 15 -90
v 60 15 -90
v 60 15 -50
v 60 15 -90
v 90 15 -50
v 90 15 -90
v 60 10 -90
v 60 10 -50
v 90 10 -90
v 90 10 -50
vt 0.25 0
vt 0.25 0.66666668653488159
vt 0.3318684995174408 0
vt 0.3318684995174408 0.66666668653488159
vt 0.083333335816860199 0
vt 0.083333335816860199 0.5
vt 0.1652018278837204 0
vt 0.1652018278837204 0.5
vt 0.1666666716337204 0
vt 0.1666666716337204 0.66666668653488159
vt 0.24853515625 0
vt 0.24853515625 0.66666668653488159
vt 0 0
vt 0 0.5
vt 0.081868492066860199 0
vt 0.081868492066860199 0.5
vt 0.99853515625 0.5
vt 0.3333333432674408 0.5
vt 0.99853515625 0.99853515625
vt 0.3333333432674408 0.99853515625
vt 0.99853515625 0
vt 0.3333333432674408 0
vt 0.99853515625 0.49853515625
vt 0.3333333432674408 0.49853515625
vn -1 0 0
vn -1 0 0
vn -1 0 0
vn -1 0 0
vn 0 0 1
vn 0 0 1
vn 0 0 1
vn 0 0 1
vn 1 0 0
vn 1 0 0
vn 1 0 0
vn 1 0 0
vn 0 0 -1
vn 0 0 -1
vn 0 0 -1
vn 0 0 -1
vn 0 1 0
vn 0 1 0
vn 0 1 0
vn 0 1 0
vn 0 -1 0
vn 0 -1 0
vn 0 -1 0
vn 0 -1 0
f 1490/1490/1490 1492/1492/1492 1491/1491/1491 1489/1489/1489
f 1494/1494/1494 1496/1496/1496 1495/1495/1495 1493/1493/1493
f 1498/1498/1498 1500/1500/1500 1499/1499/1499 1497/1497/1497
f 1502/1502/1502 1504/1504/1504 1503/1503/1503 1501/1501/1501
f 1506/1506/1506 1505/1505/1505 1507/1507/1507 1508/1508/1508
f 1510/1510/1510 1509/1509/1509 1511/1511/1511 1512/1512/1512
o object_61
v 30 10 -85
v 30 10 -90
v 30 15 -85
v 30 15 -90
v 30 10 -90
v 45 10 -90
v 30 15 -90
v 45 15 -90
v 45 10 -90
v 45 10 -85
v 45 15 -90
v 45 15 -85
v 45 10 -85
v 30 10 -85
v 45 15 -85
v 30 15 -85
v 30 15 -90
v 30 15 -85
v 45 15 -90
v 45 15 -85
v 30 10 -85
v 30 10 -90
v 45 10 -85
v 45 10 -90
vt 0.25 0
vt 0.25 0.24853515625
vt 0.49853515625 0
vt 0.49853515625 0.24853515625
vt 0.25 0.25
vt 0.25 0.99853515625
vt 0.49853515625 0.25
vt 0.49853515625 0.99853515625
vt 0 0
vt 0 0.24853515625
vt 0.24853515625 0
vt 0.24853515625 0.24853515625
vt 0 0.25
vt 0 0.99853515625
vt 0.24853515625 0.25
vt 0.24853515625 0.99853515625
vt 0.99853515625 0
vt 0.75 0
vt 0.99853515625 0.75
vt 0.75 0.75
vt 0.74853515625 0
vt 0.5 0
vt 0.74853515625 0.75
vt 0.5 0.75
vn -1 0 0
vn -1 0 0
vn -1 0 0
vn -1 0 0
vn 0 0 -1
vn 0 0 -1
vn 0 0 -1
vn 0 0 -1
vn 1 0 0
vn 1 0 0
vn 1 0 0
vn 1 0 0
vn 0 0 1
vn 0 0 1
vn 0 0 1
vn 0 0 1
vn 0 1 0
vn 0 1 0
vn 0 1 0
vn 0 1 0
vn 0 -1 0
vn 0 -1 0
vn 0 -1 0
vn 0 -1 0
f 1514/1514/1514 1513/1513/1513 1515/1515/1515 1516/1516/1516
f 1518/1518/1518 1517/1517/1517 1519/1519/1519 1520/1520/1520
f 1522/1522/1522 1521/1521/1521 1523/1523/1523 1524/1524/1524
f 1526/1526/1526 1525/1525/1525 1527/1527/1527 1528/1528/1528
f 1530/1530/1530 1532/1532/1532 1531/1531/1531 1529/1529/1529
f 1534/1534/1534 1536/1536/1536 1535/1535/1535 1533/1533/1533
o object_62
v 45 10 -76
v 45 10 -90
v 45 15 -76
v 45 15 -90
v 45 10 -90
v 56 10 -90
v 45 15 -90
v 56 15 -90
v 56 10 -90
v 56 10 -76
v 56 15 -90
v 56 15 -76
v 56 10 -76
v 45 10 -76
v 56 15 -76
v 45 15 -76
v 45 15 -90
v 45 15 -76
v 56 15 -90
v 56 15 -76
v 45 10 -76
v 45 10 -90
v 56 10 -76
v 56 10 -90
vt 0.83870965242385864 0
vt 0.83870965242385864 0.45161288976669312
vt 0.99853515625 0
vt 0.99853515625 0.45161288976669312
vt 0.16129031777381897 0.35483869910240173
vt 0.16129031777381897 0.70967739820480347
vt 0.32111579179763794 0.35483869910240173
vt 0.32111579179763794 0.70967739820480347
vt 0.67741936445236206 0
vt 0.67741936445236206 0.45161288976669312
vt 0.83724480867385864 0
vt 0.83724480867385864 0.45161288976669312
vt 0 0.35483869910240173
vt 0 0.70967739820480347
vt 0.15982547402381897 0.35483869910240173
vt 0.15982547402381897 0.70967739820480347
vt 0.32258063554763794 0.35483869910240173
vt 0.32258063554763794 0.80498677492141724
vt 0.67595452070236206 0.35483869910240173
vt 0.67595452070236206 0.80498677492141724
vt 0.45161288976669312 0
vt 0 0
vt 0.45161288976669312 0.35337385535240173
vt 0 0.35337385535240173
vn -1 0 0
vn -1 0 0
vn -1 0 0
vn -1 0 0
vn 0 0 -1
vn 0 0 -1
vn 0 0 -1
vn 0 0 -1
vn 1 0 0
vn 1 0 0
vn 1 0 0
vn 1 0 0
vn 0 0 1
vn 0 0 1
vn 0 0 1
vn 0 0 1
vn 0 1 0
vn 0 1 0
vn 0 1 0
vn 0 1 0
vn 0 -1 0
vn 0 -1 0
vn 0 -1 0
vn 0 -1 0
f 1538/1538/1538 1537/1537/1537 1539/1539/1539 1540/1540/1540
f 1542/1542/1542 1541/1541/1541 1543/1543/1543 1544/1544/1544
f 1546/1546/1546 1545/1545/1545 1547/1547/1547 1548/1548/1548
f 1550/1550/1550 1549/1549/1549 1551/1551/1551 1552/1552/1552
f 1554/1554/1554 1556/1556/1556 1555/1555/1555 1553/1553/1553
f 1558/1558/1558 1560/1560/1560 1559/1559/1559 1557/1557/1557
o object_63
v 45 10 -50
v 45 10 -64
v 45 15 -50
v 45 15 -64
v 45 10 -64
v 50 10 -64
v 45 15 -64
v 50 15 -64
v 50 10 -64
v 50 10 -50
v 50 15 -64
v 50 15 -50
v 50 10 -50
v 45 10 -50
v 50 15 -50
v 45 15 -50
v 45 15 -64
v 45 15 -50
v 50 15 -64
v 50 15 -50
v 45 10 -50
v 45 10 -64
v 50 10 -50
v 50 10 -64
vt 0.25 0.25
vt 0.25 0.94853514432907104
vt 0.49853515625 0.25
vt 0.49853515625 0.94853514432907104
vt 0.25 0
vt 0.25 0.24853515625
vt 0.49853515625 0
vt 0.49853515625 0.24853515625
vt 0 0.25
vt 0 0.94853514432907104
vt 0.24853515625 0.25
vt 0.24853515625 0.94853514432907104
vt 0 0
vt 0 0.24853515625
vt 0.24853515625 0
vt 0.24853515625 0.24853515625
vt 0.75 0
vt 0.75 0.69999998807907104
vt 0.99853515625 0
vt 0.99853515625 0.69999998807907104
vt 0.5 0
vt 0.5 0.69999998807907104
vt 0.74853515625 0
vt 0.74853515625 0.69999998807907104
vn -1 0 0
vn -1 0 0
vn -1 0 0
vn -1 0 0
vn 0 0 -1
vn 0 0 -1
vn 0 0 -1
vn 0 0 -1
vn 1 0 0
vn 1 0 0
vn 1 0 0
vn 1 0 0
vn 0 0 1
vn 0 0 1
vn 0 0 1
vn 0 0 1
vn 0 1 0
vn 0 1 0
vn 0 1 0
vn 0 1 0
vn 0 -1 0
vn 0 -1 0
vn 0 -1 0
vn 0 -1 0
f 1562/1562/1562 1561/1561/1561 1563/1563/1563 1564/1564/1564
f 1566/1566/1566 1565/1565/1565 1567/1567/1567 1568/1568/1568
f 1570/1570/1570 1569/1569/1569 1571/1571/1571 1572/1572/1572
f 1574/1574/1574 1573/1573/1573 1575/1575/1575 1576/1576/1576
f 1578/1578/1578 1580/1580/1580 1579/1579/1579 1577/1577/1577
f 1582/1582/1582 1584/1584/1584 1583/1583/1583 1581/1581/1581
o object_64
v 30 10 -50
v 30 10 -63
v 30 15 -50
v 30 15 -63
v 30 10 -63
v 37 10 -63
v 30 15 -63
v 37 15 -63
v 37 10 -63
v 37 10 -50
v 37 15 -63
v 37 15 -50
v 37 10 -50
v 30 10 -50
v 37 15 -50
v 30 15 -50
v 30 15 -63
v 30 15 -50
v 37 15 -63
v 37 15 -50
v 30 10 -50
v 30 10 -63
v 37 10 -50
v 37 10 -63
vt 0.56521737575531006 0.21739129722118378
vt 0 0.21739129722118378
vt 0.56521737575531006 0.43331775069236755
vt 0 0.43331775069236755
vt 0.30288296937942505 0.71739131212234497
vt 0 0.71739131212234497
vt 0.30288296937942505 0.93478262424468994
vt 0 0.93478262424468994
vt 0.56521737575531006 0
vt 0 0
vt 0.56521737575531006 0.21592645347118378
vt 0 0.21592645347118378
vt 0.30288296937942505 0.43478259444236755
vt 0 0.43478259444236755
vt 0.30288296937942505 0.65217393636703491
vt 0 0.65217393636703491
vt 0.6086956262588501 0
vt 0.6086956262588501 0.56521737575531006
vt 0.91157865524291992 0
vt 0.91157865524291992 0.56521737575531006
vt 0.30434781312942505 0.43478259444236755
vt 0.30434781312942505 0.99853515625
vt 0.6072307825088501 0.43478259444236755
vt 0.6072307825088501 0.99853515625
vn -1 0 0
vn -1 0 0
vn -1 0 0
vn -1 0 0
vn 0 0 -1
vn 0 0 -1
vn 0 0 -1
vn 0 0 -1
vn 1 0 0
vn 1 0 0
vn 1 0 0
vn 1 0 0
vn 0 0 1
vn 0 0 1
vn 0 0 1
vn 0 0 1
vn 0 1 0
vn 0 1 0
vn 0 1 0
vn 0 1 0
vn 0 -1 0
vn 0 -1 0
vn 0 -1 0
vn 0 -1 0
f 1586/1586/1586 1585/1585/1585 1587/1587/1587 1588/1588/1588
f 1590/1590/1590 1589/1589/1589 1591/1591/1591 1592/1592/1592
f 1594/1594/1594 1593/1593/1593 1595/1595/1595 1596/1596/1596
f 1598/1598/1598 1597/1597/1597 1599/1599/1599 1600/1600/1600
f 1602/1602/1602 1604/1604/1604 1603/1603/1603 1601/1601/1601
f 1606/1606/1606 1608/1608/1608 1607/1607/1607 1605/1605/1605
o object_65
v 45 10 -50
v 45 10 -70
v 45 15 -50
v 45 15 -70
v 45 10 -70
v 60 10 -70
v 45 15 -70
v 60 15 -70
v 60 10 -70
v 60 10 -50
v 60 15 -70
v 60 15 -50
v 60 10 -50
v 45 10 -50
v 60 15 -50
v 45 15 -50
v 45 15 -70
v 45 15 -50
v 60 15 -70
v 60 15 -50
v 45 10 -50
v 45 10 -70
v 60 10 -50
v 60 10 -70
vt 0.8571428656578064 0
vt 0.8571428656578064 0.57142859697341919
vt 0.99853515625 0
vt 0.99853515625 0.57142859697341919
vt 0.1428571492433548 0.4285714328289032
vt 0.1428571492433548 0.8571428656578064
vt 0.28424945473670959 0.4285714328289032
vt 0.28424945473670959 0.8571428656578064
vt 0.71428573131561279 0
vt 0.71428573131561279 0.57142859697341919
vt 0.8556780219078064 0
vt 0.8556780219078064 0.57142859697341919
vt 0 0.4285714328289032
vt 0 0.8571428656578064
vt 0.1413923054933548 0.4285714328289032
vt 0.1413923054933548 0.8571428656578064
vt 0.28571429848670959 0.4285714328289032
vt 0.28571429848670959 0.99853515625
vt 0.71282088756561279 0.4285714328289032
vt 0.71282088756561279 0.99853515625
vt 0.57142859697341919 0
vt 0 0
vt 0.57142859697341919 0.4271065890789032
vt 0 0.4271065890789032
vn -1 0 0
vn -1 0 0
vn -1 0 0
vn -1 0 0
vn 0 0 -1
vn 0 0 -1
vn 0 0 -1
vn 0 0 -1
vn 1 0 0
vn 1 0 0
vn 1 0 0
vn 1 0 0
vn 0 0 1
vn 0 0 1
vn 0 0 1
vn 0 0 1
vn 0 1 0
vn 0 1 0
vn 0 1 0
vn 0 1 0
vn 0 -1 0
vn 0 -1 0
vn 0 -1 0
vn 0 -1 0
f 1610/1610/1610 1609/1609/1609 1611/1611/1611 1612/1612/1612
f 1614/1614/1614 1613/1613/1613 1615/1615/1615 1616/1616/1616
f 1618/1618/1618 1617/1617/1617 1619/1619/1619 1620/1620/1620
f 1622/1622/1622 1621/1621/1621 1623/1623/1623 1624/1624/1624
f 1626/1626/1626 1628/1628/1628 1627/1627/1627 1625/1625/1625
f 1630/1630/1630 1632/1632/1632 1631/1631/1631 1629/1629/1629
o object_66
v 90 10 -5
v 90 10 0
v 90 15 -5
v 90 15 0
v 90 10 0
v 75 10 0
v 90 15 0
v 75 15 0
v 75 10 0
v 75 10 -5
v 75 15 0
v 75 15 -5
v 75 10 -5
v 90 10 -5
v 75 15 -5
v 90 15 -5
v 75 15 -5
v 75 15 0
v 90 15 -5
v 90 15 0
v 75 10 0
v 75 10 -5
v 90 10 0
v 90 10 -5
vt 0.25 0
vt 0.25 0.24853515625
vt 0.49853515625 0
vt 0.49853515625 0.24853515625
vt 0.25 0.25
vt 0.25 0.99853515625
vt 0.49853515625 0.25
vt 0.49853515625 0.99853515625
vt 0 0
vt 0 0.24853515625
vt 0.24853515625 0
vt 0.24853515625 0.24853515625
vt 0 0.25
vt 0 0.99853515625
vt 0.24853515625 0.25
vt 0.24853515625 0.99853515625
vt 0.99853515625 0
vt 0.75 0
vt 0.99853515625 0.75
vt 0.75 0.75
vt 0.74853515625 0
vt 0.5 0
vt 0.74853515625 0.75
vt 0.5 0.75
vn 1 0 0
vn 1 0 0
vn 1 0 0
vn 1 0 0
vn 0 0 1
vn 0 0 1
vn 0 0 1
vn 0 0 1
vn -1 0 0
vn -1 0 0
vn -1 0 0
vn -1 0 0
vn 0 0 -1
vn 0 0 -1
vn 0 0 -1
vn 0 0 -1
vn 0 1 0
vn 0 1 0
vn 0 1 0
vn 0 1 0
vn 0 -1 0
vn 0 -1 0
vn 0 -1 0
vn 0 -1 0
f 1634/1634/1634 1633/1633/1633 1635/1635/1635 1636/1636/1636
f 1638/1638/1638 1637/1637/1637 1639/1639/1639 1640/1640/1640
f 1642/1642/1642 1641/1641/1641 1643/1643/1643 1644/1644/1644
f 1646/1646/1646 1645/1645/1645 1647/1647/1647 1648/1648/1648
f 1650/1650/1650 1652/1652/1652 1651/1651/1651 1649/1649/1649
f 1654/1654/1654 1656/1656/1656 1655/1655/1655 1653/1653/1653
o object_67
v 150 10 -40
v 150 10 -27
v 150 15 -40
v 150 15 -27
v 150 10 -27
v 143 10 -27
v 150 15 -27
v 143 15 -27
v 143 10 -27
v 143 10 -40
v 143 15 -27
v 143 15 -40
v 143 10 -40
v 150 10 -40
v 143 15 -40
v 150 15 -40
v 143 15 -40
v 143 15 -27
v 150 15 -40
v 150 15 -27
v 143 10 -27
v 143 10 -40
v 150 10 -27
v 150 10 -40
vt 0.56521737575531006 0.21739129722118378
vt 0 0.21739129722118378
vt 0.56521737575531006 0.43331775069236755
vt 0 0.43331775069236755
vt 0.30288296937942505 0.71739131212234497
vt 0 0.71739131212234497
vt 0.30288296937942505 0.93478262424468994
vt 0 0.93478262424468994
vt 0.56521737575531006 0
vt 0 0
vt 0.56521737575531006 0.21592645347118378
vt 0 0.21592645347118378
vt 0.30288296937942505 0.43478259444236755
vt 0 0.43478259444236755
vt 0.30288296937942505 0.65217393636703491
vt 0 0.65217393636703491
vt 0.6086956262588501 0
vt 0.6086956262588501 0.56521737575531006
vt 0.91157865524291992 0
vt 0.91157865524291992 0.56521737575531006
vt 0.30434781312942505 0.43478259444236755
vt 0.30434781312942505 0.99853515625
vt 0.6072307825088501 0.43478259444236755
vt 0.6072307825088501 0.99853515625
vn 1 0 0
vn 1 0 0
vn 1 0 0
vn 1 0 0
vn 0 0 1
vn 0 0 1
vn 0 0 1
vn 0 0 1
vn -1 0 0
vn -1 0 0
vn -1 0 0
vn -1 0 0
vn 0 0 -1
vn 0 0 -1
vn 0 0 -1
vn 0 0 -1
vn 0 1 0
vn 0 1 0
vn 0 1 0
vn 0 1 0
vn 0 -1 0
vn 0 -1 0
vn 0 -1 0
vn 0 -1 0
f 1658/1658/1658 1657/1657/1657 1659/1659/1659 1660/1660/1660
f 1662/1662/1662 1661/1661/1661 1663/1663/1663 1664/1664/1664
f 1666/1666/1666 1665/1665/1665 1667/1667/1667 1668/1668/1668
f 1670/1670/1670 1669/1669/1669 1671/1671/1671 1672/1672/1672
f 1674/1674/1674 1676/1676/1676 1675/1675/1675 1673/1673/1673
f 1678/1678/1678 1680/1680/1680 1679/1679/1679 1677/1677/1677
o object_68
v 135 10 -40
v 135 10 -26
v 135 15 -40
v 135 15 -26
v 135 10 -26
v 130 10 -26
v 135 15 -26
v 130 15 -26
v 130 10 -26
v 130 10 -40
v 130 15 -26
v 130 15 -40
v 130 10 -40
v 135 10 -40
v 130 15 -40
v 135 15 -40
v 130 15 -40
v 130 15 -26
v 135 15 -40
v 135 15 -26
v 130 10 -26
v 130 10 -40
v 135 10 -26
v 135 10 -40
vt 0.25 0.25
vt 0.25 0.94853514432907104
vt 0.49853515625 0.25
vt 0.49853515625 0.94853514432907104
vt 0.25 0
vt 0.25 0.24853515625
vt 0.49853515625 0
vt 0.49853515625 0.24853515625
vt 0 0.25
vt 0 0.94853514432907104
vt 0.24853515625 0.25
vt 0.24853515625 0.94853514432907104
vt 0 0
vt 0 0.24853515625
vt 0.24853515625 0
vt 0.24853515625 0.24853515625
vt 0.75 0
vt 0.75 0.69999998807907104
vt 0.99853515625 0
vt 0.99853515625 0.69999998807907104
vt 0.5 0
vt 0.5 0.69999998807907104
vt 0.74853515625 0
vt 0.74853515625 0.69999998807907104
vn 1 0 0
vn 1 0 0
vn 1 0 0
vn 1 0 0
vn 0 0 1
vn 0 0 1
vn 0 0 1
vn 0 0 1
vn -1 0 0
vn -1 0 0
vn -1 0 0
vn -1 0 0
vn 0 0 -1
vn 0 0 -1
vn 0 0 -1
vn 0 0 -1
vn 0 1 0
vn 0 1 0
vn 0 1 0
vn 0 1 0
vn 0 -1 0
vn 0 -1 0
vn 0 -1 0
vn 0 -1 0
f 1682/1682/1682 1681/1681/1681 1683/1683/1683 1684/1684/1684
f 1686/1686/1686 1685/1685/1685 1687/1687/1687 1688/1688/1688
f 1690/1690/1690 1689/1689/1689 1691/1691/1691 1692/1692/1692
f 1694/1694/1694 1693/1693/1693 1695/1695/1695 1696/1696/1696
f 1698/1698/1698 1700/1700/1700 1699/1699/1699 1697/1697/1697
f 1702/1702/1702 1704/1704/1704 1703/1703/1703 1701/1701/1701
o object_69
v 150 10 -5
v 150 10 0
v 150 15 -5
v 150 15 0
v 150 10 0
v 135 10 0
v 150 15 0
v 135 15 0
v 135 10 0
v 135 10 -5
v 135 15 0
v 135 15 -5
v 135 10 -5
v 150 10 -5
v 135 15 -5
v 150 15 -5
v 135 15 -5
v 135 15 0
v 150 15 -5
v 150 15 0
v 135 10 0
v 135 10 -5
v 150 10 0
v 150 10 -5
vt 0.25 0
vt 0.25 0.24853515625
vt 0.49853515625 0
vt 0.49853515625 0.24853515625
vt 0.25 0.25
vt 0.25 0.99853515625
vt 0.49853515625 0.25
vt 0.49853515625 0.99853515625
vt 0 0
vt 0 0.24853515625
vt 0.24853515625 0
vt 0.24853515625 0.24853515625
vt 0 0.25
vt 0 0.99853515625
vt 0.24853515625 0.25
vt 0.24853515625 0.99853515625
vt 0.99853515625 0
vt 0.75 0
vt 0.99853515625 0.75
vt 0.75 0.75
vt 0.74853515625 0
vt 0.5 0
vt 0.74853515625 0.75
vt 0.5 0.75
vn 1 0 0
vn 1 0 0
vn 1 0 0
vn 1 0 0
vn 0 0 1
vn 0 0 1
vn 0 0 1
vn 0 0 1
vn -1 0 0
vn -1 0 0
vn -1 0 0
vn -1 0 0
vn 0 0 -1
vn 0 0 -1
vn 0 0 -1
vn 0 0 -1
vn 0 1 0
vn 0 1 0
vn 0 1 0
vn 0 1 0
vn 0 -1 0
vn 0 -1 0
vn 0 -1 0
vn 0 -1 0
f 1706/1706/1706 1705/1705/1705 1707/1707/1707 1708/1708/1708
f 1710/1710/1710 1709/1709/1709 1711/1711/1711 1712/1712/1712
f 1714/1714/1714 1713/1713/1713 1715/1715/1715 1716/1716/1716
f 1718/1718/1718 1717/1717/1717 1719/1719/1719 1720/1720/1720
f 1722/1722/1722 1724/1724/1724 1723/1723/1723 1721/1721/1721
f 1726/1726/1726 1728/1728/1728 1727/1727/1727 1725/1725/1725
o object_70
v 180 10 -20
v 180 10 0
v 180 15 -20
v 180 15 0
v 180 10 0
v 176 10 0
v 180 15 0
v 176 15 0
v 176 10 0
v 176 10 -20
v 176 15 0
v 176 15 -20
v 176 10 -20
v 180 10 -20
v 176 15 -20
v 180 15 -20
v 176 15 -20
v 176 15 0
v 180 15 -20
v 180 15 0
v 176 10 0
v 176 10 -20
v 180 10 0
v 180 10 -20
vt 0.43478259444236755 0
vt 0.43478259444236755 0.86810034513473511
vt 0.65070909261703491 0
vt 0.65070909261703491 0.86810034513473511
vt 0 0.43478259444236755
vt 0 0.6086956262588501
vt 0.21592645347118378 0.43478259444236755
vt 0.21592645347118378 0.6086956262588501
vt 0.21739129722118378 0
vt 0.21739129722118378 0.86810034513473511
vt 0.43331775069236755 0
vt 0.43331775069236755 0.86810034513473511
vt 0 0
vt 0 0.17391304671764374
vt 0.21592645347118378 0
vt 0.21592645347118378 0.17391304671764374
vt 0.82608693838119507 0
vt 0.82608693838119507 0.86810034513473511
vt 0.99853515625 0
vt 0.99853515625 0.86810034513473511
vt 0.65217393636703491 0
vt 0.65217393636703491 0.86810034513473511
vt 0.82462209463119507 0
vt 0.82462209463119507 0.86810034513473511
vn 1 0 0
vn 1 0 0
vn 1 0 0
vn 1 0 0
vn 0 0 1
vn 0 0 1
vn 0 0 1
vn 0 0 1
vn -1 0 0
vn -1 0 0
vn -1 0 0
vn -1 0 0
vn 0 0 -1
vn 0 0 -1
vn 0 0 -1
vn 0 0 -1
vn 0 1 0
vn 0 1 0
vn 0 1 0
vn 0 1 0
vn 0 -1 0
vn 0 -1 0
vn 0 -1 0
vn 0 -1 0
f 1730/1730/1730 1729/1729/1729 1731/1731/1731 1732/1732/1732
f 1734/1734/1734 1733/1733/1733 1735/1735/1735 1736/1736/1736
f 1738/1738/1738 1737/1737/1737 1739/1739/1739 1740/1740/1740
f 1742/1742/1742 1741/1741/1741 1743/1743/1743 1744/1744/1744
f 1746/1746/1746 1748/1748/1748 1747/1747/1747 1745/1745/1745
f 1750/1750/1750 1752/1752/1752 1751/1751/1751 1749/1749/1749
o object_71
v 150 10 -5
v 150 10 0
v 150 15 -5
v 150 15 0
v 150 10 0
v 165 10 0
v 150 15 0
v 165 15 0
v 165 10 0
v 165 10 -5
v 165 15 0
v 165 15 -5
v 165 10 -5
v 150 10 -5
v 165 15 -5
v 150 15 -5
v 150 15 0
v 150 15 -5
v 165 15 0
v 165 15 -5
v 150 10 -5
v 150 10 0
v 165 10 -5
v 165 10 0
vt 0.25 0
vt 0.25 0.24853515625
vt 0.49853515625 0
vt 0.49853515625 0.24853515625
vt 0.25 0.25
vt 0.25 0.99853515625
vt 0.49853515625 0.25
vt 0.49853515625 0.99853515625
vt 0 0
vt 0 0.24853515625
vt 0.24853515625 0
vt 0.24853515625 0.24853515625
vt 0 0.25
vt 0 0.99853515625
vt 0.24853515625 0.25
vt 0.24853515625 0.99853515625
vt 0.99853515625 0
vt 0.75 0
vt 0.99853515625 0.75
vt 0.75 0.75
vt 0.74853515625 0
vt 0.5 0
vt 0.74853515625 0.75
vt 0.5 0.75
vn -1 0 0
vn -1 0 0
vn -1 0 0
vn -1 0 0
vn 0 0 1
vn 0 0 1
vn 0 0 1
vn 0 0 1
vn 1 0 0
vn 1 0 0
vn 1 0 0
vn 1 0 0
vn 0 0 -1
vn 0 0 -1
vn 0 0 -1
vn 0 0 -1
vn 0 1 0
vn 0 1 0
vn 0 1 0
vn 0 1 0
vn 0 -1 0
vn 0 -1 0
vn 0 -1 0
vn 0 -1 0
f 1754/1754/1754 1756/1756/1756 1755/1755/1755 1753/1753/1753
f 1758/1758/1758 1760/1760/1760 1759/1759/1759 1757/1757/1757
f 1762/1762/1762 1764/1764/1764 1763/1763/1763 1761/1761/1761
f 1766/1766/1766 1768/1768/1768 1767/1767/1767 1765/1765/1765
f 1770/1770/1770 1769/1769/1769 1771/1771/1771 1772/1772/1772
f 1774/1774/1774 1773/1773/1773 1775/1775/1775 1776/1776/1776
o object_72
v 165 10 -14
v 165 10 0
v 165 15 -14
v 165 15 0
v 165 10 0
v 176 10 0
v 165 15 0
v 176 15 0
v 176 10 0
v 176 10 -14
v 176 15 0
v 176 15 -14
v 176 10 -14
v 165 10 -14
v 176 15 -14
v 165 15 -14
v 165 15 0
v 165 15 -14
v 176 15 0
v 176 15 -14
v 165 10 -14
v 165 10 0
v 176 10 -14
v 176 10 0
vt 0.83870965242385864 0
vt 0.83870965242385864 0.45161288976669312
vt 0.99853515625 0
vt 0.99853515625 0.45161288976669312
vt 0.16129031777381897 0.35483869910240173
vt 0.16129031777381897 0.70967739820480347
vt 0.32111579179763794 0.35483869910240173
vt 0.32111579179763794 0.70967739820480347
vt 0.67741936445236206 0
vt 0.67741936445236206 0.45161288976669312
vt 0.83724480867385864 0
vt 0.83724480867385864 0.45161288976669312
vt 0 0.35483869910240173
vt 0 0.70967739820480347
vt 0.15982547402381897 0.35483869910240173
vt 0.15982547402381897 0.70967739820480347
vt 0.32258063554763794 0.35483869910240173
vt 0.32258063554763794 0.80498677492141724
vt 0.67595452070236206 0.35483869910240173
vt 0.67595452070236206 0.80498677492141724
vt 0.45161288976669312 0
vt 0 0
vt 0.45161288976669312 0.35337385535240173
vt 0 0.35337385535240173
vn -1 0 0
vn -1 0 0
vn -1 0 0
vn -1 0 0
vn 0 0 1
vn 0 0 1
vn 0 0 1
vn 0 0 1
vn 1 0 0
vn 1 0 0
vn 1 0 0
vn 1 0 0
vn 0 0 -1
vn 0 0 -1
vn 0 0 -1
vn 0 0 -1
vn 0 1 0
vn 0 1 0
vn 0 1 0
vn 0 1 0
vn 0 -1 0
vn 0 -1 0
vn 0 -1 0
vn 0 -1 0
f 1778/1778/1778 1780/1780/1780 1779/1779/1779 1777/1777/1777
f 1782/1782/1782 1784/1784/1784 1783/1783/1783 1781/1781/1781
f 1786/1786/1786 1788/1788/1788 1787/1787/1787 1785/1785/1785
f 1790/1790/1790 1792/1792/1792 1791/1791/1791 1789/1789/1789
f 1794/1794/1794 1793/1793/1793 1795/1795/1795 1796/1796/1796
f 1798/1798/1798 1797/1797/1797 1799/1799/1799 1800/1800/1800
o object_73
v 150 10 -40
v 150 10 0
v 150 15 -40
v 150 15 0
v 150 10 0
v 180 10 0
v 150 15 0
v 180 15 0
v 180 10 0
v 180 10 -40
v 180 15 0
v 180 15 -40
v 180 10 -40
v 150 10 -40
v 180 15 -40
v 150 15 -40
v 150 15 0
v 150 15 -40
v 180 15 0
v 180 15 -40
v 150 10 -40
v 150 10 0
v 180 10 -40
v 180 10 0
vt 0.25 0
vt 0.25 0.66666668653488159
vt 0.3318684995174408 0
vt 0.3318684995174408 0.66666668653488159
vt 0.083333335816860199 0
vt 0.083333335816860199 0.5
vt 0.1652018278837204 0
vt 0.1652018278837204 0.5
vt 0.1666666716337204 0
vt 0.1666666716337204 0.66666668653488159
vt 0.24853515625 0
vt 0.24853515625 0.66666668653488159
vt 0 0
vt 0 0.5
vt 0.081868492066860199 0
vt 0.081868492066860199 0.5
vt 0.99853515625 0.5
vt 0.3333333432674408 0.5
vt 0.99853515625 0.99853515625
vt 0.3333333432674408 0.99853515625
vt 0.99853515625 0
vt 0.3333333432674408 0
vt 0.99853515625 0.49853515625
vt 0.3333333432674408 0.49853515625
vn -1 0 0
vn -1 0 0
vn -1 0 0
vn -1 0 0
vn 0 0 1
vn 0 0 1
vn 0 0 1
vn 0 0 1
vn 1 0 0
vn 1 0 0
vn 1 0 0
vn 1 0 0
vn 0 0 -1
vn 0 0 -1
vn 0 0 -1
vn 0 0 -1
vn 0 1 0
vn 0 1 0
vn 0 1 0
vn 0 1 0
vn 0 -1 0
vn 0 -1 0
vn 0 -1 0
vn 0 -1 0
f 1802/1802/1802 1804/1804/1804 1803/1803/1803 1801/1801/1801
f 1806/1806/1806 1808/1808/1808 1807/1807/1807 1805/1805/1805
f 1810/1810/1810 1812/1812/1812 1811/1811/1811 1809/1809/1809
f 1814/1814/1814 1816/1816/1816 1815/1815/1815 1813/1813/1813
f 1818/1818/1818 1817/1817/1817 1819/1819/1819 1820/1820/1820
f 1822/1822/1822 1821/1821/1821 1823/1823/1823 1824/1824/1824
o object_74
v 150 10 -40
v 150 10 -27
v 150 15 -40
v 150 15 -27
v 150 10 -27
v 157 10 -27
v 150 15 -27
v 157 15 -27
v 157 10 -27
v 157 10 -40
v 157 15 -27
v 157 15 -40
v 157 10 -40
v 150 10 -40
v 157 15 -40
v 150 15 -40
v 150 15 -27
v 150 15 -40
v 157 15 -27
v 157 15 -40
v 150 10 -40
v 150 10 -27
v 157 10 -40
v 157 10 -27
vt 0.56521737575531006 0.21739129722118378
vt 0 0.21739129722118378
vt 0.56521737575531006 0.43331775069236755
vt 0 0.43331775069236755
vt 0.30288296937942505 0.71739131212234497
vt 0 0.71739131212234497
vt 0.30288296937942505 0.93478262424468994
vt 0 0.93478262424468994
vt 0.56521737575531006 0
vt 0 0
vt 0.56521737575531006 0.21592645347118378
vt 0 0.21592645347118378
vt 0.30288296937942505 0.43478259444236755
vt 0 0.43478259444236755
vt 0.30288296937942505 0.65217393636703491
vt 0 0.65217393636703491
vt 0.6086956262588501 0
vt 0.6086956262588501 0.56521737575531006
vt 0.91157865524291992 0
vt 0.91157865524291992 0.56521737575531006
vt 0.30434781312942505 0.43478259444236755
vt 0.30434781312942505 0.99853515625
vt 0.6072307825088501 0.43478259444236755
vt 0.6072307825088501 0.99853515625
vn -1 0 0
vn -1 0 0
vn -1 0 0
vn -1 0 0
vn 0 0 1
vn 0 0 1
vn 0 0 1
vn 0 0 1
vn 1 0 0
vn 1 0 0
vn 1 0 0
vn 1 0 0
vn 0 0 -1
vn 0 0 -1
vn 0 0 -1
vn 0 0 -1
vn 0 1 0
vn 0 1 0
vn 0 1 0
vn 0 1 0
vn 0 -1 0
vn 0 -1 0
vn 0 -1 0
vn 0 -1 0
f 1826/1826/1826 1828/1828/1828 1827/1827/1827 1825/1825/1825
f 1830/1830/1830 1832/1832/1832 1831/1831/1831 1829/1829/1829
f 1834/1834/1834 1836/1836/1836 1835/1835/1835 1833/1833/1833
f 1838/1838/1838 1840/1840/1840 1839/1839/1839 1837/1837/1837
f 1842/1842/1842 1841/1841/1841 1843/1843/1843 1844/1844/1844
f 1846/1846/1846 1845/1845/1845 1847/1847/1847 1848/1848/1848
o object_75
v 165 10 -40
v 165 10 -26
v 165 15 -40
v 165 15 -26
v 165 10 -26
v 170 10 -26
v 165 15 -26
v 170 15 -26
v 170 10 -26
v 170 10 -40
v 170 15 -26
v 170 15 -40
v 170 10 -40
v 165 10 -40
v 170 15 -40
v 165 15 -40
v 165 15 -26
v 165 15 -40
v 170 15 -26
v 170 15 -40
v 165 10 -40
v 165 10 -26
v 170 10 -40
v 170 10 -26
vt 0.25 0.25
vt 0.25 0.94853514432907104
vt 0.49853515625 0.25
vt 0.49853515625 0.94853514432907104
vt 0.25 0
vt 0.25 0.24853515625
vt 0.49853515625 0
vt 0.49853515625 0.24853515625
vt 0 0.25
vt 0 0.94853514432907104
vt 0.24853515625 0.25
vt 0.24853515625 0.94853514432907104
vt 0 0
vt 0 0.24853515625
vt 0.24853515625 0
vt 0.24853515625 0.24853515625
vt 0.75 0
vt 0.75 0.69999998807907104
vt 0.99853515625 0
vt 0.99853515625 0.69999998807907104
vt 0.5 0
vt 0.5 0.69999998807907104
vt 0.74853515625 0
vt 0.74853515625 0.69999998807907104
vn -1 0 0
vn -1 0 0
vn -1 0 0
vn -1 0 0
vn 0 0 1
vn 0 0 1
vn 0 0 1
vn 0 0 1
vn 1 0 0
vn 1 0 0
vn 1 0 0
vn 1 0 0
vn 0 0 -1
vn 0 0 -1
vn 0 0 -1
vn 0 0 -1
vn 0 1 0
vn 0 1 0
vn 0 1 0
vn 0 1 0
vn 0 -1 0
vn 0 -1 0
vn 0 -1 0
vn 0 -1 0
f 1850/1850/1850 1852/1852/1852 1851/1851/1851 1849/1849/1849
f 1854/1854/1854 1856/1856/1856 1855/1855/1855 1853/1853/1853
f 1858/1858/1858 1860/1860/1860 1859/1859/1859 1857/1857/1857
f 1862/1862/1862 1864/1864/1864 1863/1863/1863 1861/1861/1861
f 1866/1866/1866 1865/1865/1865 1867/1867/1867 1868/1868/1868
f 1870/1870/1870 1869/1869/1869 1871/1871/1871 1872/1872/1872
o object_76
v 165 10 -40
v 165 10 -20
v 165 15 -40
v 165 15 -20
v 165 10 -20
v 180 10 -20
v 165 15 -20
v 180 15 -20
v 180 10 -20
v 180 10 -40
v 180 15 -20
v 180 15 -40
v 180 10 -40
v 165 10 -40
v 180 15 -40
v 165 15 -40
v 165 15 -20
v 165 15 -40
v 180 15 -20
v 180 15 -40
v 165 10 -40
v 165 10 -20
v 180 10 -40
v 180 10 -20
vt 0.8571428656578064 0
vt 0.8571428656578064 0.57142859697341919
vt 0.99853515625 0
vt 0.99853515625 0.57142859697341919
vt 0.1428571492433548 0.4285714328289032
vt 0.1428571492433548 0.8571428656578064
vt 0.28424945473670959 0.4285714328289032
vt 0.28424945473670959 0.8571428656578064
vt 0.71428573131561279 0
vt 0.71428573131561279 0.57142859697341919
vt 0.8556780219078064 0
vt 0.8556780219078064 0.57142859697341919
vt 0 0.4285714328289032
vt 0 0.8571428656578064
vt 0.1413923054933548 0.4285714328289032
vt 0.1413923054933548 0.8571428656578064
vt 0.28571429848670959 0.4285714328289032
vt 0.28571429848670959 0.99853515625
vt 0.71282088756561279 0.4285714328289032
vt 0.71282088756561279 0.99853515625
vt 0.57142859697341919 0
vt 0 0
vt 0.57142859697341919 0.4271065890789032
vt 0 0.4271065890789032
vn -1 0 0
vn -1 0 0
vn -1 0 0
vn -1 0 0
vn 0 0 1
vn 0 0 1
vn 0 0 1
vn 0 0 1
vn 1 0 0
vn 1 0 0
vn 1 0 0
vn 1 0 0
vn 0 0 -1
vn 0 0 -1
vn 0 0 -1
vn 0 0 -1
vn 0 1 0
vn 0 1 0
vn 0 1 0
vn 0 1 0
vn 0 -1 0
vn 0 -1 0
vn 0 -1 0
vn 0 -1 0
f 1874/1874/1874 1876/1876/1876 1875/1875/1875 1873/1873/1873
f 1878/1878/1878 1880/1880/1880 1879/1879/1879 1877/1877/1877
f 1882/1882/1882 1884/1884/1884 1883/1883/1883 1881/1881/1881
f 1886/1886/1886 1888/1888/1888 1887/1887/1887 1885/1885/1885
f 1890/1890/1890 1889/1889/1889 1891/1891/1891 1892/1892/1892
f 1894/1894/1894 1893/1893/1893 1895/1895/1895 1896/1896/1896
o object_77
v 116 10 -20
v 116 10 0
v 116 15 -20
v 116 15 0
v 116 10 0
v 120 10 0
v 116 15 0
v 120 15 0
v 120 10 0
v 120 10 -20
v 120 15 0
v 120 15 -20
v 120 10 -20
v 116 10 -20
v 120 15 -20
v 116 15 -20
v 116 15 0
v 116 15 -20
v 120 15 0
v 120 15 -20
v 116 10 -20
v 116 10 0
v 120 10 -20
v 120 10 0
vt 0.43478259444236755 0
vt 0.43478259444236755 0.86810034513473511
vt 0.65070909261703491 0
vt 0.65070909261703491 0.86810034513473511
vt 0 0.43478259444236755
vt 0 0.6086956262588501
vt 0.21592645347118378 0.43478259444236755
vt 0.21592645347118378 0.6086956262588501
vt 0.21739129722118378 0
vt 0.21739129722118378 0.86810034513473511
vt 0.43331775069236755 0
vt 0.43331775069236755 0.86810034513473511
vt 0 0
vt 0 0.17391304671764374
vt 0.21592645347118378 0
vt 0.21592645347118378 0.17391304671764374
vt 0.82608693838119507 0
vt 0.82608693838119507 0.86810034513473511
vt 0.99853515625 0
vt 0.99853515625 0.86810034513473511
vt 0.65217393636703491 0
vt 0.65217393636703491 0.86810034513473511
vt 0.82462209463119507 0
vt 0.82462209463119507 0.86810034513473511
vn -1 0 0
vn -1 0 0
vn -1 0 0
vn -1 0 0
vn 0 0 1
vn 0 0 1
vn 0 0 1
vn 0 0 1
vn 1 0 0
vn 1 0 0
vn 1 0 0
vn 1 0 0
vn 0 0 -1
vn 0 0 -1
vn 0 0 -1
vn 0 0 -1
vn 0 1 0
vn 0 1 0
vn 0 1 0
vn 0 1 0
vn 0 -1 0
vn 0 -1 0
vn 0 -1 0
vn 0 -1 0
f 1898/1898/1898 1900/1900/1900 1899/1899/1899 1897/1897/1897
f 1902/1902/1902 1904/1904/1904 1903/1903/1903 1901/1901/1901
f 1906/1906/1906 1908/1908/1908 1907/1907/1907 1905/1905/1905
f 1910/1910/1910 1912/1912/1912 1911/1911/1911 1909/1909/1909
f 1914/1914/1914 1913/1913/1913 1915/1915/1915 1916/1916/1916
f 1918/1918/1918 1917/1917/1917 1919/1919/1919 1920/1920/1920
o object_78
v 135 10 -14
v 135 10 0
v 135 15 -14
v 135 15 0
v 135 10 0
v 124 10 0
v 135 15 0
v 124 15 0
v 124 10 0
v 124 10 -14
v 124 15 0
v 124 15 -14
v 124 10 -14
v 135 10 -14
v 124 15 -14
v 135 15 -14
v 124 15 -14
v 124 15 0
v 135 15 -14
v 135 15 0
v 124 10 0
v 124 10 -14
v 135 10 0
v 135 10 -14
vt 0.83870965242385864 0
vt 0.83870965242385864 0.45161288976669312
vt 0.99853515625 0
vt 0.99853515625 0.45161288976669312
vt 0.16129031777381897 0.35483869910240173
vt 0.16129031777381897 0.70967739820480347
vt 0.32111579179763794 0.35483869910240173
vt 0.32111579179763794 0.70967739820480347
vt 0.67741936445236206 0
vt 0.67741936445236206 0.45161288976669312
vt 0.83724480867385864 0
vt 0.83724480867385864 0.45161288976669312
vt 0 0.35483869910240173
vt 0 0.70967739820480347
vt 0.15982547402381897 0.35483869910240173
vt 0.15982547402381897 0.70967739820480347
vt 0.32258063554763794 0.35483869910240173
vt 0.32258063554763794 0.80498677492141724
vt 0.67595452070236206 0.35483869910240173
vt 0.67595452070236206 0.80498677492141724
vt 0.45161288976669312 0
vt 0 0
vt 0.45161288976669312 0.35337385535240173
vt 0 0.35337385535240173
vn 1 0 0
vn 1 0 0
vn 1 0 0
vn 1 0 0
vn 0 0 1
vn 0 0 1
vn 0 0 1
vn 0 0 1
vn -1 0 0
vn -1 0 0
vn -1 0 0
vn -1 0 0
vn 0 0 -1
vn 0 0 -1
vn 0 0 -1
vn 0 0 -1
vn 0 1 0
vn 0 1 0
vn 0 1 0
vn 0 1 0
vn 0 -1 0
vn 0 -1 0
vn 0 -1 0
vn 0 -1 0
f 1922/1922/1922 1921/1921/1921 1923/1923/1923 1924/1924/1924
f 1926/1926/1926 1925/1925/1925 1927/1927/1927 1928/1928/1928
f 1930/1930/1930 1929/1929/1929 1931/1931/1931 1932/1932/1932
f 1934/1934/1934 1933/1933/1933 1935/1935/1935 1936/1936/1936
f 1938/1938/1938 1940/1940/1940 1939/1939/1939 1937/1937/1937
f 1942/1942/1942 1944/1944/1944 1943/1943/1943 1941/1941/1941
o object_79
v 135 10 -40
v 135 10 -20
v 135 15 -40
v 135 15 -20
v 135 10 -20
v 120 10 -20
v 135 15 -20
v 120 15 -20
v 120 10 -20
v 120 10 -40
v 120 15 -20
v 120 15 -40
v 120 10 -40
v 135 10 -40
v 120 15 -40
v 135 15 -40
v 120 15 -40
v 120 15 -20
v 135 15 -40
v 135 15 -20
v 120 10 -20
v 120 10 -40
v 135 10 -20
v 135 10 -40
vt 0.8571428656578064 0
vt 0.8571428656578064 0.57142859697341919
vt 0.99853515625 0
vt 0.99853515625 0.57142859697341919
vt 0.1428571492433548 0.4285714328289032
vt 0.1428571492433548 0.8571428656578064
vt 0.28424945473670959 0.4285714328289032
vt 0.28424945473670959 0.8571428656578064
vt 0.71428573131561279 0
vt 0.71428573131561279 0.57142859697341919
vt 0.8556780219078064 0
vt 0.8556780219078064 0.57142859697341919
vt 0 0.4285714328289032
vt 0 0.8571428656578064
vt 0.1413923054933548 0.4285714328289032
vt 0.1413923054933548 0.8571428656578064
vt 0.28571429848670959 0.4285714328289032
vt 0.28571429848670959 0.99853515625
vt 0.71282088756561279 0.4285714328289032
vt 0.71282088756561279 0.99853515625
vt 0.57142859697341919 0
vt 0 0
vt 0.57142859697341919 0.4271065890789032
vt 0 0.4271065890789032
vn 1 0 0
vn 1 0 0
vn 1 0 0
vn 1 0 0
vn 0 0 1
vn 0 0 1
vn 0 0 1
vn 0 0 1
vn -1 0 0
vn -1 0 0
vn -1 0 0
vn -1 0 0
vn 0 0 -1
vn 0 0 -1
vn 0 0 -1
vn 0 0 -1
vn 0 1 0
vn 0 1 0
vn 0 1 0
vn 0 1 0
vn 0 -1 0
vn 0 -1 0
vn 0 -1 0
vn 0 -1 0
f 1946/1946/1946 1945/1945/1945 1947/1947/1947 1948/1948/1948
f 1950/1950/1950 1949/1949/1949 1951/1951/1951 1952/1952/1952
f 1954/1954/1954 1953/1953/1953 1955/1955/1955 1956/1956/1956
f 1958/1958/1958 1957/1957/1957 1959/1959/1959 1960/1960/1960
f 1962/1962/1962 1964/1964/1964 1963/1963/1963 1961/1961/1961
f 1966/1966/1966 1968/1968/1968 1967/1967/1967 1965/1965/1965
o object_80
v 124 10 -20
v 124 10 0
v 124 15 -20
v 124 15 0
v 124 10 0
v 120 10 0
v 124 15 0
v 120 15 0
v 120 10 0
v 120 10 -20
v 120 15 0
v 120 15 -20
v 120 10 -20
v 124 10 -20
v 120 15 -20
v 124 15 -20
v 120 15 -20
v 120 15 0
v 124 15 -20
v 124 15 0
v 120 10 0
v 120 10 -20
v 124 10 0
v 124 10 -20
vt 0.43478259444236755 0
vt 0.43478259444236755 0.86810034513473511
vt 0.65070909261703491 0
vt 0.65070909261703491 0.86810034513473511
vt 0 0.43478259444236755
vt 0 0.6086956262588501
vt 0.21592645347118378 0.43478259444236755
vt 0.21592645347118378 0.6086956262588501
vt 0.21739129722118378 0
vt 0.21739129722118378 0.86810034513473511
vt 0.43331775069236755 0
vt 0.43331775069236755 0.86810034513473511
vt 0 0
vt 0 0.17391304671764374
vt 0.21592645347118378 0
vt 0.21592645347118378 0.17391304671764374
vt 0.82608693838119507 0
vt 0.82608693838119507 0.86810034513473511
vt 0.99853515625 0
vt 0.99853515625 0.86810034513473511
vt 0.65217393636703491 0
vt 0.65217393636703491 0.86810034513473511
vt 0.82462209463119507 0
vt 0.82462209463119507 0.86810034513473511
vn 1 0 0
vn 1 0 0
vn 1 0 0
vn 1 0 0
vn 0 0 1
vn 0 0 1
vn 0 0 1
vn 0 0 1
vn -1 0 0
vn -1 0 0
vn -1 0 0
vn -1 0 0
vn 0 0 -1
vn 0 0 -1
vn 0 0 -1
vn 0 0 -1
vn 0 1 0
vn 0 1 0
vn 0 1 0
vn 0 1 0
vn 0 -1 0
vn 0 -1 0
vn 0 -1 0
vn 0 -1 0
f 1970/1970/1970 1969/1969/1969 1971/1971/1971 1972/1972/1972
f 1974/1974/1974 1973/1973/1973 1975/1975/1975 1976/1976/1976
f 1978/1978/1978 1977/1977/1977 1979/1979/1979 1980/1980/1980
f 1982/1982/1982 1981/1981/1981 1983/1983/1983 1984/1984/1984
f 1986/1986/1986 1988/1988/1988 1987/1987/1987 1985/1985/1985
f 1990/1990/1990 1992/1992/1992 1991/1991/1991 1989/1989/1989
o object_81
v 120 10 -40
v 120 10 0
v 120 15 -40
v 120 15 0
v 120 10 0
v 150 10 0
v 120 15 0
v 150 15 0
v 150 10 0
v 150 10 -40
v 150 15 0
v 150 15 -40
v 150 10 -40
v 120 10 -40
v 150 15 -40
v 120 15 -40
v 120 15 0
v 120 15 -40
v 150 15 0
v 150 15 -40
v 120 10 -40
v 120 10 0
v 150 10 -40
v 150 10 0
vt 0.25 0
vt 0.25 0.66666668653488159
vt 0.3318684995174408 0
vt 0.3318684995174408 0.66666668653488159
vt 0.083333335816860199 0
vt 0.083333335816860199 0.5
vt 0.1652018278837204 0
vt 0.1652018278837204 0.5
vt 0.1666666716337204 0
vt 0.1666666716337204 0.66666668653488159
vt 0.24853515625 0
vt 0.24853515625 0.66666668653488159
vt 0 0
vt 0 0.5
vt 0.081868492066860199 0
vt 0.081868492066860199 0.5
vt 0.99853515625 0.5
vt 0.3333333432674408 0.5
vt 0.99853515625 0.99853515625
vt 0.3333333432674408 0.99853515625
vt 0.99853515625 0
vt 0.3333333432674408 0
vt 0.99853515625 0.49853515625
vt 0.3333333432674408 0.49853515625
vn -1 0 0
vn -1 0 0
vn -1 0 0
vn -1 0 0
vn 0 0 1
vn 0 0 1
vn 0 0 1
vn 0 0 1
vn 1 0 0
vn 1 0 0
vn 1 0 0
vn 1 0 0
vn 0 0 -1
vn 0 0 -1
vn 0 0 -1
vn 0 0 -1
vn 0 1 0
vn 0 1 0
vn 0 1 0
vn 0 1 0
vn 0 -1 0
vn 0 -1 0
vn 0 -1 0
vn 0 -1 0
f 1994/1994/1994 1996/1996/1996 1995/1995/1995 1993/1993/1993
f 1998/1998/1998 2000/2000/2000 1999/1999/1999 1997/1997/1997
f 2002/2002/2002 2004/2004/2004 2003/2003/2003 2001/2001/2001
f 2006/2006/2006 2008/2008/2008 2007/2007/2007 2005/2005/2005
f 2010/2010/2010 2009/2009/2009 2011/2011/2011 2012/2012/2012
f 2014/2014/2014 2013/2013/2013 2015/2015/2015 2016/2016/2016
o object_82
v 90 10 -40
v 90 10 0
v 90 15 -40
v 90 15 0
v 90 10 0
v 120 10 0
v 90 15 0
v 120 15 0
v 120 10 0
v 120 10 -40
v 120 15 0
v 120 15 -40
v 120 10 -40
v 90 10 -40
v 120 15 -40
v 90 15 -40
v 90 15 0
v 90 15 -40
v 120 15 0
v 120 15 -40
v 90 10 -40
v 90 10 0
v 120 10 -40
v 120 10 0
vt 0.25 0
vt 0.25 0.66666668653488159
vt 0.3318684995174408 0
vt 0.3318684995174408 0.66666668653488159
vt 0.083333335816860199 0
vt 0.083333335816860199 0.5
vt 0.1652018278837204 0
vt 0.1652018278837204 0.5
vt 0.1666666716337204 0
vt 0.1666666716337204 0.66666668653488159
vt 0.24853515625 0
vt 0.24853515625 0.66666668653488159
vt 0 0
vt 0 0.5
vt 0.081868492066860199 0
vt 0.081868492066860199 0.5
vt 0.99853515625 0.5
vt 0.3333333432674408 0.5
vt 0.99853515625 0.99853515625
vt 0.3333333432674408 0.99853515625
vt 0.99853515625 0
vt 0.3333333432674408 0
vt 0.99853515625 0.49853515625
vt 0.3333333432674408 0.49853515625
vn -1 0 0
vn -1 0 0
vn -1 0 0
vn -1 0 0
vn 0 0 1
vn 0 0 1
vn 0 0 1
vn 0 0 1
vn 1 0 0
vn 1 0 0
vn 1 0 0
vn 1 0 0
vn 0 0 -1
vn 0 0 -1
vn 0 0 -1
vn 0 0 -1
vn 0 1 0
vn 0 1 0
vn 0 1 0
vn 0 1 0
vn 0 -1 0
vn 0 -1 0
vn 0 -1 0
vn 0 -1 0
f 2018/2018/2018 2020/2020/2020 2019/2019/2019 2017/2017/2017
f 2022/2022/2022 2024/2024/2024 2023/2023/2023 2021/2021/2021
f 2026/2026/2026 2028/2028/2028 2027/2027/2027 2025/2025/2025
f 2030/2030/2030 2032/2032/2032 2031/2031/2031 2029/2029/2029
f 2034/2034/2034 2033/2033/2033 2035/2035/2035 2036/2036/2036
f 2038/2038/2038 2037/2037/2037 2039/2039/2039 2040/2040/2040
o object_83
v 105 10 -14
v 105 10 0
v 105 15 -14
v 105 15 0
v 105 10 0
v 116 10 0
v 105 15 0
v 116 15 0
v 116 10 0
v 116 10 -14
v 116 15 0
v 116 15 -14
v 116 10 -14
v 105 10 -14
v 116 15 -14
v 105 15 -14
v 105 15 0
v 105 15 -14
v 116 15 0
v 116 15 -14
v 105 10 -14
v 105 10 0
v 116 10 -14
v 116 10 0
vt 0.83870965242385864 0
vt 0.83870965242385864 0.45161288976669312
vt 0.99853515625 0
vt 0.99853515625 0.45161288976669312
vt 0.16129031777381897 0.35483869910240173
vt 0.16129031777381897 0.70967739820480347
vt 0.32111579179763794 0.35483869910240173
vt 0.32111579179763794 0.70967739820480347
vt 0.67741936445236206 0
vt 0.67741936445236206 0.45161288976669312
vt 0.83724480867385864 0
vt 0.83724480867385864 0.45161288976669312
vt 0 0.35483869910240173
vt 0 0.70967739820480347
vt 0.15982547402381897 0.35483869910240173
vt 0.15982547402381897 0.70967739820480347
vt 0.32258063554763794 0.35483869910240173
vt 0.32258063554763794 0.80498677492141724
vt 0.67595452070236206 0.35483869910240173
vt 0.67595452070236206 0.80498677492141724
vt 0.45161288976669312 0
vt 0 0
vt 0.45161288976669312 0.35337385535240173
vt 0 0.35337385535240173
vn -1 0 0
vn -1 0 0
vn -1 0 0
vn -1 0 0
vn 0 0 1
vn 0 0 1
vn 0 0 1
vn 0 0 1
vn 1 0 0
vn 1 0 0
vn 1 0 0
vn 1 0 0
vn 0 0 -1
vn 0 0 -1
vn 0 0 -1
vn 0 0 -1
vn 0 1 0
vn 0 1 0
vn 0 1 0
vn 0 1 0
vn 0 -1 0
vn 0 -1 0
vn 0 -1 0
vn 0 -1 0
f 2042/2042/2042 2044/2044/2044 2043/2043/2043 2041/2041/2041
f 2046/2046/2046 2048/2048/2048 2047/2047/2047 2045/2045/2045
f 2050/2050/2050 2052/2052/2052 2051/2051/2051 2049/2049/2049
f 2054/2054/2054 2056/2056/2056 2055/2055/2055 2053/2053/2053
f 2058/2058/2058 2057/2057/2057 2059/2059/2059 2060/2060/2060
f 2062/2062/2062 2061/2061/2061 2063/2063/2063 2064/2064/2064
o object_84
v 90 10 -5
v 90 10 0
v 90 15 -5
v 90 15 0
v 90 10 0
v 105 10 0
v 90 15 0
v 105 15 0
v 105 10 0
v 105 10 -5
v 105 15 0
v 105 15 -5
v 105 10 -5
v 90 10 -5
v 105 15 -5
v 90 15 -5
v 90 15 0
v 90 15 -5
v 105 15 0
v 105 15 -5
v 90 10 -5
v 90 10 0
v 105 10 -5
v 105 10 0
vt 0.25 0
vt 0.25 0.24853515625
vt 0.49853515625 0
vt 0.49853515625 0.24853515625
vt 0.25 0.25
vt 0.25 0.99853515625
vt 0.49853515625 0.25
vt 0.49853515625 0.99853515625
vt 0 0
vt 0 0.24853515625
vt 0.24853515625 0
vt 0.24853515625 0.24853515625
vt 0 0.25
vt 0 0.99853515625
vt 0.24853515625 0.25
vt 0.24853515625 0.99853515625
vt 0.99853515625 0
vt 0.75 0
vt 0.99853515625 0.75
vt 0.75 0.75
vt 0.74853515625 0
vt 0.5 0
vt 0.74853515625 0.75
vt 0.5 0.75
vn -1 0 0
vn -1 0 0
vn -1 0 0
vn -1 0 0
vn 0 0 1
vn 0 0 1
vn 0 0 1
vn 0 0 1
vn 1 0 0
vn 1 0 0
vn 1 0 0
vn 1 0 0
vn 0 0 -1
vn 0 0 -1
vn 0 0 -1
vn 0 0 -1
vn 0 1 0
vn 0 1 0
vn 0 1 0
vn 0 1 0
vn 0 -1 0
vn 0 -1 0
vn 0 -1 0
vn 0 -1 0
f 2066/2066/2066 2068/2068/2068 2067/2067/2067 2065/2065/2065
f 2070/2070/2070 2072/2072/2072 2071/2071/2071 2069/2069/2069
f 2074/2074/2074 2076/2076/2076 2075/2075/2075 2073/2073/2073
f 2078/2078/2078 2080/2080/2080 2079/2079/2079 2077/2077/2077
f 2082/2082/2082 2081/2081/2081 2083/2083/2083 2084/2084/2084
f 2086/2086/2086 2085/2085/2085 2087/2087/2087 2088/2088/2088
o object_85
v 90 10 -40
v 90 10 -27
v 90 15 -40
v 90 15 -27
v 90 10 -27
v 83 10 -27
v 90 15 -27
v 83 15 -27
v 83 10 -27
v 83 10 -40
v 83 15 -27
v 83 15 -40
v 83 10 -40
v 90 10 -40
v 83 15 -40
v 90 15 -40
v 83 15 -40
v 83 15 -27
v 90 15 -40
v 90 15 -27
v 83 10 -27
v 83 10 -40
v 90 10 -27
v 90 10 -40
vt 0.56521737575531006 0.21739129722118378
vt 0 0.21739129722118378
vt 0.56521737575531006 0.43331775069236755
vt 0 0.43331775069236755
vt 0.30288296937942505 0.71739131212234497
vt 0 0.71739131212234497
vt 0.30288296937942505 0.93478262424468994
vt 0 0.93478262424468994
vt 0.56521737575531006 0
vt 0 0
vt 0.56521737575531006 0.21592645347118378
vt 0 0.21592645347118378
vt 0.30288296937942505 0.43478259444236755
vt 0 0.43478259444236755
vt 0.30288296937942505 0.65217393636703491
vt 0 0.65217393636703491
vt 0.6086956262588501 0
vt 0.6086956262588501 0.56521737575531006
vt 0.91157865524291992 0
vt 0.91157865524291992 0.56521737575531006
vt 0.30434781312942505 0.43478259444236755
vt 0.30434781312942505 0.99853515625
vt 0.6072307825088501 0.43478259444236755
vt 0.6072307825088501 0.99853515625
vn 1 0 0
vn 1 0 0
vn 1 0 0
vn 1 0 0
vn 0 0 1
vn 0 0 1
vn 0 0 1
vn 0 0 1
vn -1 0 0
vn -1 0 0
vn -1 0 0
vn -1 0 0
vn 0 0 -1
vn 0 0 -1
vn 0 0 -1
vn 0 0 -1
vn 0 1 0
vn 0 1 0
vn 0 1 0
vn 0 1 0
vn 0 -1 0
vn 0 -1 0
vn 0 -1 0
vn 0 -1 0
f 2090/2090/2090 2089/2089/2089 2091/2091/2091 2092/2092/2092
f 2094/2094/2094 2093/2093/2093 2095/2095/2095 2096/2096/2096
f 2098/2098/2098 2097/2097/2097 2099/2099/2099 2100/2100/2100
f 2102/2102/2102 2101/2101/2101 2103/2103/2103 2104/2104/2104
f 2106/2106/2106 2108/2108/2108 2107/2107/2107 2105/2105/2105
f 2110/2110/2110 2112/2112/2112 2111/2111/2111 2109/2109/2109
o object_86
v 105 10 -40
v 105 10 -20
v 105 15 -40
v 105 15 -20
v 105 10 -20
v 120 10 -20
v 105 15 -20
v 120 15 -20
v 120 10 -20
v 120 10 -40
v 120 15 -20
v 120 15 -40
v 120 10 -40
v 105 10 -40
v 120 15 -40
v 105 15 -40
v 105 15 -20
v 105 15 -40
v 120 15 -20
v 120 15 -40
v 105 10 -40
v 105 10 -20
v 120 10 -40
v 120 10 -20
vt 0.8571428656578064 0
vt 0.8571428656578064 0.57142859697341919
vt 0.99853515625 0
vt 0.99853515625 0.57142859697341919
vt 0.1428571492433548 0.4285714328289032
vt 0.1428571492433548 0.8571428656578064
vt 0.28424945473670959 0.4285714328289032
vt 0.28424945473670959 0.8571428656578064
vt 0.71428573131561279 0
vt 0.71428573131561279 0.57142859697341919
vt 0.8556780219078064 0
vt 0.8556780219078064 0.57142859697341919
vt 0 0.4285714328289032
vt 0 0.8571428656578064
vt 0.1413923054933548 0.4285714328289032
vt 0.1413923054933548 0.8571428656578064
vt 0.28571429848670959 0.4285714328289032
vt 0.28571429848670959 0.99853515625
vt 0.71282088756561279 0.4285714328289032
vt 0.71282088756561279 0.99853515625
vt 0.57142859697341919 0
vt 0 0
vt 0.57142859697341919 0.4271065890789032
vt 0 0.4271065890789032
vn -1 0 0
vn -1 0 0
vn -1 0 0
vn -1 0 0
vn 0 0 1
vn 0 0 1
vn 0 0 1
vn 0 0 1
vn 1 0 0
vn 1 0 0
vn 1 0 0
vn 1 0 0
vn 0 0 -1
vn 0 0 -1
vn 0 0 -1
vn 0 0 -1
vn 0 1 0
vn 0 1 0
vn 0 1 0
vn 0 1 0
vn 0 -1 0
vn 0 -1 0
vn 0 -1 0
vn 0 -1 0
f 2114/2114/2114 2116/2116/2116 2115/2115/2115 2113/2113/2113
f 2118/2118/2118 2120/2120/2120 2119/2119/2119 2117/2117/2117
f 2122/2122/2122 2124/2124/2124 2123/2123/2123 2121/2121/2121
f 2126/2126/2126 2128/2128/2128 2127/2127/2127 2125/2125/2125
f 2130/2130/2130 2129/2129/2129 2131/2131/2131 2132/2132/2132
f 2134/2134/2134 2133/2133/2133 2135/2135/2135 2136/2136/2136
o object_87
v 90 10 -40
v 90 10 -27
v 90 15 -40
v 90 15 -27
v 90 10 -27
v 97 10 -27
v 90 15 -27
v 97 15 -27
v 97 10 -27
v 97 10 -40
v 97 15 -27
v 97 15 -40
v 97 10 -40
v 90 10 -40
v 97 15 -40
v 90 15 -40
v 90 15 -27
v 90 15 -40
v 97 15 -27
v 97 15 -40
v 90 10 -40
v 90 10 -27
v 97 10 -40
v 97 10 -27
vt 0.56521737575531006 0.21739129722118378
vt 0 0.21739129722118378
vt 0.56521737575531006 0.43331775069236755
vt 0 0.43331775069236755
vt 0.30288296937942505 0.71739131212234497
vt 0 0.71739131212234497
vt 0.30288296937942505 0.93478262424468994
vt 0 0.93478262424468994
vt 0.56521737575531006 0
vt 0 0
vt 0.56521737575531006 0.21592645347118378
vt 0 0.21592645347118378
vt 0.30288296937942505 0.43478259444236755
vt 0 0.43478259444236755
vt 0.30288296937942505 0.65217393636703491
vt 0 0.65217393636703491
vt 0.6086956262588501 0
vt 0.6086956262588501 0.56521737575531006
vt 0.91157865524291992 0
vt 0.91157865524291992 0.56521737575531006
vt 0.30434781312942505 0.43478259444236755
vt 0.30434781312942505 0.99853515625
vt 0.6072307825088501 0.43478259444236755
vt 0.6072307825088501 0.99853515625
vn -1 0 0
vn -1 0 0
vn -1 0 0
vn -1 0 0
vn 0 0 1
vn 0 0 1
vn 0 0 1
vn 0 0 1
vn 1 0 0
vn 1 0 0
vn 1 0 0
vn 1 0 0
vn 0 0 -1
vn 0 0 -1
vn 0 0 -1
vn 0 0 -1
vn 0 1 0
vn 0 1 0
vn 0 1 0
vn 0 1 0
vn 0 -1 0
vn 0 -1 0
vn 0 -1 0
vn 0 -1 0
f 2138/2138/2138 2140/2140/2140 2139/2139/2139 2137/2137/2137
f 2142/2142/2142 2144/2144/2144 2143/2143/2143 2141/2141/2141
f 2146/2146/2146 2148/2148/2148 2147/2147/2147 2145/2145/2145
f 2150/2150/2150 2152/2152/2152 2151/2151/2151 2149/2149/2149
f 2154/2154/2154 2153/2153/2153 2155/2155/2155 2156/2156/2156
f 2158/2158/2158 2157/2157/2157 2159/2159/2159 2160/2160/2160
o object_88
v 105 10 -40
v 105 10 -26
v 105 15 -40
v 105 15 -26
v 105 10 -26
v 110 10 -26
v 105 15 -26
v 110 15 -26
v 110 10 -26
v 110 10 -40
v 110 15 -26
v 110 15 -40
v 110 10 -40
v 105 10 -40
v 110 15 -40
v 105 15 -40
v 105 15 -26
v 105 15 -40
v 110 15 -26
v 110 15 -40
v 105 10 -40
v 105 10 -26
v 110 10 -40
v 110 10 -26
vt 0.25 0.25
vt 0.25 0.94853514432907104
vt 0.49853515625 0.25
vt 0.49853515625 0.94853514432907104
vt 0.25 0
vt 0.25 0.24853515625
vt 0.49853515625 0
vt 0.49853515625 0.24853515625
vt 0 0.25
vt 0 0.94853514432907104
vt 0.24853515625 0.25
vt 0.24853515625 0.94853514432907104
vt 0 0
vt 0 0.24853515625
vt 0.24853515625 0
vt 0.24853515625 0.24853515625
vt 0.75 0
vt 0.75 0.69999998807907104
vt 0.99853515625 0
vt 0.99853515625 0.69999998807907104
vt 0.5 0
vt 0.5 0.69999998807907104
vt 0.74853515625 0
vt 0.74853515625 0.69999998807907104
vn -1 0 0
vn -1 0 0
vn -1 0 0
vn -1 0 0
vn 0 0 1
vn 0 0 1
vn 0 0 1
vn 0 0 1
vn 1 0 0
vn 1 0 0
vn 1 0 0
vn 1 0 0
vn 0 0 -1
vn 0 0 -1
vn 0 0 -1
vn 0 0 -1
vn 0 1 0
vn 0 1 0
vn 0 1 0
vn 0 1 0
vn 0 -1 0
vn 0 -1 0
vn 0 -1 0
vn 0 -1 0
f 2162/2162/2162 2164/2164/2164 2163/2163/2163 2161/2161/2161
f 2166/2166/2166 2168/2168/2168 2167/2167/2167 2165/2165/2165
f 2170/2170/2170 2172/2172/2172 2171/2171/2171 2169/2169/2169
f 2174/2174/2174 2176/2176/2176 2175/2175/2175 2173/2173/2173
f 2178/2178/2178 2177/2177/2177 2179/2179/2179 2180/2180/2180
f 2182/2182/2182 2181/2181/2181 2183/2183/2183 2184/2184/2184
o object_89
v 30 10 -5
v 30 10 0
v 30 15 -5
v 30 15 0
v 30 10 0
v 45 10 0
v 30 15 0
v 45 15 0
v 45 10 0
v 45 10 -5
v 45 15 0
v 45 15 -5
v 45 10 -5
v 30 10 -5
v 45 15 -5
v 30 15 -5
v 30 15 0
v 30 15 -5
v 45 15 0
v 45 15 -5
v 30 10 -5
v 30 10 0
v 45 10 -5
v 45 10 0
vt 0.25 0
vt 0.25 0.24853515625
vt 0.49853515625 0
vt 0.49853515625 0.24853515625
vt 0.25 0.25
vt 0.25 0.99853515625
vt 0.49853515625 0.25
vt 0.49853515625 0.99853515625
vt 0 0
vt 0 0.24853515625
vt 0.24853515625 0
vt 0.24853515625 0.24853515625
vt 0 0.25
vt 0 0.99853515625
vt 0.24853515625 0.25
vt 0.24853515625 0.99853515625
vt 0.99853515625 0
vt 0.75 0
vt 0.99853515625 0.75
vt 0.75 0.75
vt 0.74853515625 0
vt 0.5 0
vt 0.74853515625 0.75
vt 0.5 0.75
vn -1 0 0
vn -1 0 0
vn -1 0 0
vn -1 0 0
vn 0 0 1
vn 0 0 1
vn 0 0 1
vn 0 0 1
vn 1 0 0
vn 1 0 0
vn 1 0 0
vn 1 0 0
vn 0 0 -1
vn 0 0 -1
vn 0 0 -1
vn 0 0 -1
vn 0 1 0
vn 0 1 0
vn 0 1 0
vn 0 1 0
vn 0 -1 0
vn 0 -1 0
vn 0 -1 0
vn 0 -1 0
f 2186/2186/2186 2188/2188/2188 2187/2187/2187 2185/2185/2185
f 2190/2190/2190 2192/2192/2192 2191/2191/2191 2189/2189/2189
f 2194/2194/2194 2196/2196/2196 2195/2195/2195 2193/2193/2193
f 2198/2198/2198 2200/2200/2200 2199/2199/2199 2197/2197/2197
f 2202/2202/2202 2201/2201/2201 2203/2203/2203 2204/2204/2204
f 2206/2206/2206 2205/2205/2205 2207/2207/2207 2208/2208/2208
o object_90
v 30 10 -40
v 30 10 -27
v 30 15 -40
v 30 15 -27
v 30 10 -27
v 37 10 -27
v 30 15 -27
v 37 15 -27
v 37 10 -27
v 37 10 -40
v 37 15 -27
v 37 15 -40
v 37 10 -40
v 30 10 -40
v 37 15 -40
v 30 15 -40
v 30 15 -27
v 30 15 -40
v 37 15 -27
v 37 15 -40
v 30 10 -40
v 30 10 -27
v 37 10 -40
v 37 10 -27
vt 0.56521737575531006 0.21739129722118378
vt 0 0.21739129722118378
vt 0.56521737575531006 0.43331775069236755
vt 0 0.43331775069236755
vt 0.30288296937942505 0.71739131212234497
vt 0 0.71739131212234497
vt 0.30288296937942505 0.93478262424468994
vt 0 0.93478262424468994
vt 0.56521737575531006 0
vt 0 0
vt 0.56521737575531006 0.21592645347118378
vt 0 0.21592645347118378
vt 0.30288296937942505 0.43478259444236755
vt 0 0.43478259444236755
vt 0.30288296937942505 0.65217393636703491
vt 0 0.65217393636703491
vt 0.6086956262588501 0
vt 0.6086956262588501 0.56521737575531006
vt 0.91157865524291992 0
vt 0.91157865524291992 0.56521737575531006
vt 0.30434781312942505 0.43478259444236755
vt 0.30434781312942505 0.99853515625
vt 0.6072307825088501 0.43478259444236755
vt 0.6072307825088501 0.99853515625
vn -1 0 0
vn -1 0 0
vn -1 0 0
vn -1 0 0
vn 0 0 1
vn 0 0 1
vn 0 0 1
vn 0 0 1
vn 1 0 0
vn 1 0 0
vn 1 0 0
vn 1 0 0
vn 0 0 -1
vn 0 0 -1
vn 0 0 -1
vn 0 0 -1
vn 0 1 0
vn 0 1 0
vn 0 1 0
vn 0 1 0
vn 0 -1 0
vn 0 -1 0
vn 0 -1 0
vn 0 -1 0
f 2210/2210/2210 2212/2212/2212 2211/2211/2211 2209/2209/2209
f 2214/2214/2214 2216/2216/2216 2215/2215/2215 2213/2213/2213
f 2218/2218/2218 2220/2220/2220 2219/2219/2219 2217/2217/2217
f 2222/2222/2222 2224/2224/2224 2223/2223/2223 2221/2221/2221
f 2226/2226/2226 2225/2225/2225 2227/2227/2227 2228/2228/2228
f 2230/2230/2230 2229/2229/2229 2231/2231/2231 2232/2232/2232
o object_91
v 45 10 -40
v 45 10 -26
v 45 15 -40
v 45 15 -26
v 45 10 -26
v 50 10 -26
v 45 15 -26
v 50 15 -26
v 50 10 -26
v 50 10 -40
v 50 15 -26
v 50 15 -40
v 50 10 -40
v 45 10 -40
v 50 15 -40
v 45 15 -40
v 45 15 -26
v 45 15 -40
v 50 15 -26
v 50 15 -40
v 45 10 -40
v 45 10 -26
v 50 10 -40
v 50 10 -26
vt 0.25 0.25
vt 0.25 0.94853514432907104
vt 0.49853515625 0.25
vt 0.49853515625 0.94853514432907104
vt 0.25 0
vt 0.25 0.24853515625
vt 0.49853515625 0
vt 0.49853515625 0.24853515625
vt 0 0.25
vt 0 0.94853514432907104
vt 0.24853515625 0.25
vt 0.24853515625 0.94853514432907104
vt 0 0
vt 0 0.24853515625
vt 0.24853515625 0
vt 0.24853515625 0.24853515625
vt 0.75 0
vt 0.75 0.69999998807907104
vt 0.99853515625 0
vt 0.99853515625 0.69999998807907104
vt 0.5 0
vt 0.5 0.69999998807907104
vt 0.74853515625 0
vt 0.74853515625 0.69999998807907104
vn -1 0 0
vn -1 0 0
vn -1 0 0
vn -1 0 0
vn 0 0 1
vn 0 0 1
vn 0 0 1
vn 0 0 1
vn 1 0 0
vn 1 0 0
vn 1 0 0
vn 1 0 0
vn 0 0 -1
vn 0 0 -1
vn 0 0 -1
vn 0 0 -1
vn 0 1 0
vn 0 1 0
vn 0 1 0
vn 0 1 0
vn 0 -1 0
vn 0 -1 0
vn 0 -1 0
vn 0 -1 0
f 2234/2234/2234 2236/2236/2236 2235/2235/2235 2233/2233/2233
f 2238/2238/2238 2240/2240/2240 2239/2239/2239 2237/2237/2237
f 2242/2242/2242 2244/2244/2244 2243/2243/2243 2241/2241/2241
f 2246/2246/2246 2248/2248/2248 2247/2247/2247 2245/2245/2245
f 2250/2250/2250 2249/2249/2249 2251/2251/2251 2252/2252/2252
f 2254/2254/2254 2253/2253/2253 2255/2255/2255 2256/2256/2256
o object_92
v 75 10 -40
v 75 10 -26
v 75 15 -40
v 75 15 -26
v 75 10 -26
v 70 10 -26
v 75 15 -26
v 70 15 -26
v 70 10 -26
v 70 10 -40
v 70 15 -26
v 70 15 -40
v 70 10 -40
v 75 10 -40
v 70 15 -40
v 75 15 -40
v 70 15 -40
v 70 15 -26
v 75 15 -40
v 75 15 -26
v 70 10 -26
v 70 10 -40
v 75 10 -26
v 75 10 -40
vt 0.25 0.25
vt 0.25 0.94853514432907104
vt 0.49853515625 0.25
vt 0.49853515625 0.94853514432907104
vt 0.25 0
vt 0.25 0.24853515625
vt 0.49853515625 0
vt 0.49853515625 0.24853515625
vt 0 0.25
vt 0 0.94853514432907104
vt 0.24853515625 0.25
vt 0.24853515625 0.94853514432907104
vt 0 0
vt 0 0.24853515625
vt 0.24853515625 0
vt 0.24853515625 0.24853515625
vt 0.75 0
vt 0.75 0.69999998807907104
vt 0.99853515625 0
vt 0.99853515625 0.69999998807907104
vt 0.5 0
vt 0.5 0.69999998807907104
vt 0.74853515625 0
vt 0.74853515625 0.69999998807907104
vn 1 0 0
vn 1 0 0
vn 1 0 0
vn 1 0 0
vn 0 0 1
vn 0 0 1
vn 0 0 1
vn 0 0 1
vn -1 0 0
vn -1 0 0
vn -1 0 0
vn -1 0 0
vn 0 0 -1
vn 0 0 -1
vn 0 0 -1
vn 0 0 -1
vn 0 1 0
vn 0 1 0
vn 0 1 0
vn 0 1 0
vn 0 -1 0
vn 0 -1 0
vn 0 -1 0
vn 0 -1 0
f 2258/2258/2258 2257/2257/2257 2259/2259/2259 2260/2260/2260
f 2262/2262/2262 2261/2261/2261 2263/2263/2263 2264/2264/2264
f 2266/2266/2266 2265/2265/2265 2267/2267/2267 2268/2268/2268
f 2270/2270/2270 2269/2269/2269 2271/2271/2271 2272/2272/2272
f 2274/2274/2274 2276/2276/2276 2275/2275/2275 2273/2273/2273
f 2278/2278/2278 2280/2280/2280 2279/2279/2279 2277/2277/2277
o object_93
v 64 10 -20
v 64 10 0
v 64 15 -20
v 64 15 0
v 64 10 0
v 60 10 0
v 64 15 0
v 60 15 0
v 60 10 0
v 60 10 -20
v 60 15 0
v 60 15 -20
v 60 10 -20
v 64 10 -20
v 60 15 -20
v 64 15 -20
v 60 15 -20
v 60 15 0
v 64 15 -20
v 64 15 0
v 60 10 0
v 60 10 -20
v 64 10 0
v 64 10 -20
vt 0.43478259444236755 0
vt 0.43478259444236755 0.86810034513473511
vt 0.65070909261703491 0
vt 0.65070909261703491 0.86810034513473511
vt 0 0.43478259444236755
vt 0 0.6086956262588501
vt 0.21592645347118378 0.43478259444236755
vt 0.21592645347118378 0.6086956262588501
vt 0.21739129722118378 0
vt 0.21739129722118378 0.86810034513473511
vt 0.43331775069236755 0
vt 0.43331775069236755 0.86810034513473511
vt 0 0
vt 0 0.17391304671764374
vt 0.21592645347118378 0
vt 0.21592645347118378 0.17391304671764374
vt 0.82608693838119507 0
vt 0.82608693838119507 0.86810034513473511
vt 0.99853515625 0
vt 0.99853515625 0.86810034513473511
vt 0.65217393636703491 0
vt 0.65217393636703491 0.86810034513473511
vt 0.82462209463119507 0
vt 0.82462209463119507 0.86810034513473511
vn 1 0 0
vn 1 0 0
vn 1 0 0
vn 1 0 0
vn 0 0 1
vn 0 0 1
vn 0 0 1
vn 0 0 1
vn -1 0 0
vn -1 0 0
vn -1 0 0
vn -1 0 0
vn 0 0 -1
vn 0 0 -1
vn 0 0 -1
vn 0 0 -1
vn 0 1 0
vn 0 1 0
vn 0 1 0
vn 0 1 0
vn 0 -1 0
vn 0 -1 0
vn 0 -1 0
vn 0 -1 0
f 2282/2282/2282 2281/2281/2281 2283/2283/2283 2284/2284/2284
f 2286/2286/2286 2285/2285/2285 2287/2287/2287 2288/2288/2288
f 2290/2290/2290 2289/2289/2289 2291/2291/2291 2292/2292/2292
f 2294/2294/2294 2293/2293/2293 2295/2295/2295 2296/2296/2296
f 2298/2298/2298 2300/2300/2300 2299/2299/2299 2297/2297/2297
f 2302/2302/2302 2304/2304/2304 2303/2303/2303 2301/2301/2301
o object_94
v 75 10 -40
v 75 10 -20
v 75 15 -40
v 75 15 -20
v 75 10 -20
v 60 10 -20
v 75 15 -20
v 60 15 -20
v 60 10 -20
v 60 10 -40
v 60 15 -20
v 60 15 -40
v 60 10 -40
v 75 10 -40
v 60 15 -40
v 75 15 -40
v 60 15 -40
v 60 15 -20
v 75 15 -40
v 75 15 -20
v 60 10 -20
v 60 10 -40
v 75 10 -20
v 75 10 -40
vt 0.8571428656578064 0
vt 0.8571428656578064 0.57142859697341919
vt 0.99853515625 0
vt 0.99853515625 0.57142859697341919
vt 0.1428571492433548 0.4285714328289032
vt 0.1428571492433548 0.8571428656578064
vt 0.28424945473670959 0.4285714328289032
vt 0.28424945473670959 0.8571428656578064
vt 0.71428573131561279 0
vt 0.71428573131561279 0.57142859697341919
vt 0.8556780219078064 0
vt 0.8556780219078064 0.57142859697341919
vt 0 0.4285714328289032
vt 0 0.8571428656578064
vt 0.1413923054933548 0.4285714328289032
vt 0.1413923054933548 0.8571428656578064
vt 0.28571429848670959 0.4285714328289032
vt 0.28571429848670959 0.99853515625
vt 0.71282088756561279 0.4285714328289032
vt 0.71282088756561279 0.99853515625
vt 0.57142859697341919 0
vt 0 0
vt 0.57142859697341919 0.4271065890789032
vt 0 0.4271065890789032
vn 1 0 0
vn 1 0 0
vn 1 0 0
vn 1 0 0
vn 0 0 1
vn 0 0 1
vn 0 0 1
vn 0 0 1
vn -1 0 0
vn -1 0 0
vn -1 0 0
vn -1 0 0
vn 0 0 -1
vn 0 0 -1
vn 0 0 -1
vn 0 0 -1
vn 0 1 0
vn 0 1 0
vn 0 1 0
vn 0 1 0
vn 0 -1 0
vn 0 -1 0
vn 0 -1 0
vn 0 -1 0
f 2306/2306/2306 2305/2305/2305 2307/2307/2307 2308/2308/2308
f 2310/2310/2310 2309/2309/2309 2311/2311/2311 2312/2312/2312
f 2314/2314/2314 2313/2313/2313 2315/2315/2315 2316/2316/2316
f 2318/2318/2318 2317/2317/2317 2319/2319/2319 2320/2320/2320
f 2322/2322/2322 2324/2324/2324 2323/2323/2323 2321/2321/2321
f 2326/2326/2326 2328/2328/2328 2327/2327/2327 2325/2325/2325
o object_95
v 75 10 -14
v 75 10 0
v 75 15 -14
v 75 15 0
v 75 10 0
v 64 10 0
v 75 15 0
v 64 15 0
v 64 10 0
v 64 10 -14
v 64 15 0
v 64 15 -14
v 64 10 -14
v 75 10 -14
v 64 15 -14
v 75 15 -14
v 64 15 -14
v 64 15 0
v 75 15 -14
v 75 15 0
v 64 10 0
v 64 10 -14
v 75 10 0
v 75 10 -14
vt 0.83870965242385864 0
vt 0.83870965242385864 0.45161288976669312
vt 0.99853515625 0
vt 0.99853515625 0.45161288976669312
vt 0.16129031777381897 0.35483869910240173
vt 0.16129031777381897 0.70967739820480347
vt 0.32111579179763794 0.35483869910240173
vt 0.32111579179763794 0.70967739820480347
vt 0.67741936445236206 0
vt 0.67741936445236206 0.45161288976669312
vt 0.83724480867385864 0
vt 0.83724480867385864 0.45161288976669312
vt 0 0.35483869910240173
vt 0 0.70967739820480347
vt 0.15982547402381897 0.35483869910240173
vt 0.15982547402381897 0.70967739820480347
vt 0.32258063554763794 0.35483869910240173
vt 0.32258063554763794 0.80498677492141724
vt 0.67595452070236206 0.35483869910240173
vt 0.67595452070236206 0.80498677492141724
vt 0.45161288976669312 0
vt 0 0
vt 0.45161288976669312 0.35337385535240173
vt 0 0.35337385535240173
vn 1 0 0
vn 1 0 0
vn 1 0 0
vn 1 0 0
vn 0 0 1
vn 0 0 1
vn 0 0 1
vn 0 0 1
vn -1 0 0
vn -1 0 0
vn -1 0 0
vn -1 0 0
vn 0 0 -1
vn 0 0 -1
vn 0 0 -1
vn 0 0 -1
vn 0 1 0
vn 0 1 0
vn 0 1 0
vn 0 1 0
vn 0 -1 0
vn 0 -1 0
vn 0 -1 0
vn 0 -1 0
f 2330/2330/2330 2329/2329/2329 2331/2331/2331 2332/2332/2332
f 2334/2334/2334 2333/2333/2333 2335/2335/2335 2336/2336/2336
f 2338/2338/2338 2337/2337/2337 2339/2339/2339 2340/2340/2340
f 2342/2342/2342 2341/2341/2341 2343/2343/2343 2344/2344/2344
f 2346/2346/2346 2348/2348/2348 2347/2347/2347 2345/2345/2345
f 2350/2350/2350 2352/2352/2352 2351/2351/2351 2349/2349/2349
o object_96
v 56 10 -20
v 56 10 0
v 56 15 -20
v 56 15 0
v 56 10 0
v 60 10 0
v 56 15 0
v 60 15 0
v 60 10 0
v 60 10 -20
v 60 15 0
v 60 15 -20
v 60 10 -20
v 56 10 -20
v 60 15 -20
v 56 15 -20
v 56 15 0
v 56 15 -20
v 60 15 0
v 60 15 -20
v 56 10 -20
v 56 10 0
v 60 10 -20
v 60 10 0
vt 0.43478259444236755 0
vt 0.43478259444236755 0.86810034513473511
vt 0.65070909261703491 0
vt 0.65070909261703491 0.86810034513473511
vt 0 0.43478259444236755
vt 0 0.6086956262588501
vt 0.21592645347118378 0.43478259444236755
vt 0.21592645347118378 0.6086956262588501
vt 0.21739129722118378 0
vt 0.21739129722118378 0.86810034513473511
vt 0.43331775069236755 0
vt 0.43331775069236755 0.86810034513473511
vt 0 0
vt 0 0.17391304671764374
vt 0.21592645347118378 0
vt 0.21592645347118378 0.17391304671764374
vt 0.82608693838119507 0
vt 0.82608693838119507 0.86810034513473511
vt 0.99853515625 0
vt 0.99853515625 0.86810034513473511
vt 0.65217393636703491 0
vt 0.65217393636703491 0.86810034513473511
vt 0.82462209463119507 0
vt 0.82462209463119507 0.86810034513473511
vn -1 0 0
vn -1 0 0
vn -1 0 0
vn -1 0 0
vn 0 0 1
vn 0 0 1
vn 0 0 1
vn 0 0 1
vn 1 0 0
vn 1 0 0
vn 1 0 0
vn 1 0 0
vn 0 0 -1
vn 0 0 -1
vn 0 0 -1
vn 0 0 -1
vn 0 1 0
vn 0 1 0
vn 0 1 0
vn 0 1 0
vn 0 -1 0
vn 0 -1 0
vn 0 -1 0
vn 0 -1 0
f 2354/2354/2354 2356/2356/2356 2355/2355/2355 2353/2353/2353
f 2358/2358/2358 2360/2360/2360 2359/2359/2359 2357/2357/2357
f 2362/2362/2362 2364/2364/2364 2363/2363/2363 2361/2361/2361
f 2366/2366/2366 2368/2368/2368 2367/2367/2367 2365/2365/2365
f 2370/2370/2370 2369/2369/2369 2371/2371/2371 2372/2372/2372
f 2374/2374/2374 2373/2373/2373 2375/2375/2375 2376/2376/2376
o object_97
v 45 10 -40
v 45 10 -20
v 45 15 -40
v 45 15 -20
v 45 10 -20
v 60 10 -20
v 45 15 -20
v 60 15 -20
v 60 10 -20
v 60 10 -40
v 60 15 -20
v 60 15 -40
v 60 10 -40
v 45 10 -40
v 60 15 -40
v 45 15 -40
v 45 15 -20
v 45 15 -40
v 60 15 -20
v 60 15 -40
v 45 10 -40
v 45 10 -20
v 60 10 -40
v 60 10 -20
vt 0.8571428656578064 0
vt 0.8571428656578064 0.57142859697341919
vt 0.99853515625 0
vt 0.99853515625 0.57142859697341919
vt 0.1428571492433548 0.4285714328289032
vt 0.1428571492433548 0.8571428656578064
vt 0.28424945473670959 0.4285714328289032
vt 0.28424945473670959 0.8571428656578064
vt 0.71428573131561279 0
vt 0.71428573131561279 0.57142859697341919
vt 0.8556780219078064 0
vt 0.8556780219078064 0.57142859697341919
vt 0 0.4285714328289032
vt 0 0.8571428656578064
vt 0.1413923054933548 0.4285714328289032
vt 0.1413923054933548 0.8571428656578064
vt 0.28571429848670959 0.4285714328289032
vt 0.28571429848670959 0.99853515625
vt 0.71282088756561279 0.4285714328289032
vt 0.71282088756561279 0.99853515625
vt 0.57142859697341919 0
vt 0 0
vt 0.57142859697341919 0.4271065890789032
vt 0 0.4271065890789032
vn -1 0 0
vn -1 0 0
vn -1 0 0
vn -1 0 0
vn 0 0 1
vn 0 0 1
vn 0 0 1
vn 0 0 1
vn 1 0 0
vn 1 0 0
vn 1 0 0
vn 1 0 0
vn 0 0 -1
vn 0 0 -1
vn 0 0 -1
vn 0 0 -1
vn 0 1 0
vn 0 1 0
vn 0 1 0
vn 0 1 0
vn 0 -1 0
vn 0 -1 0
vn 0 -1 0
vn 0 -1 0
f 2378/2378/2378 2380/2380/2380 2379/2379/2379 2377/2377/2377
f 2382/2382/2382 2384/2384/2384 2383/2383/2383 2381/2381/2381
f 2386/2386/2386 2388/2388/2388 2387/2387/2387 2385/2385/2385
f 2390/2390/2390 2392/2392/2392 2391/2391/2391 2389/2389/2389
f 2394/2394/2394 2393/2393/2393 2395/2395/2395 2396/2396/2396
f 2398/2398/2398 2397/2397/2397 2399/2399/2399 2400/2400/2400
o object_98
v 45 10 -14
v 45 10 0
v 45 15 -14
v 45 15 0
v 45 10 0
v 56 10 0
v 45 15 0
v 56 15 0
v 56 10 0
v 56 10 -14
v 56 15 0
v 56 15 -14
v 56 10 -14
v 45 10 -14
v 56 15 -14
v 45 15 -14
v 45 15 0
v 45 15 -14
v 56 15 0
v 56 15 -14
v 45 10 -14
v 45 10 0
v 56 10 -14
v 56 10 0
vt 0.83870965242385864 0
vt 0.83870965242385864 0.45161288976669312
vt 0.99853515625 0
vt 0.99853515625 0.45161288976669312
vt 0.16129031777381897 0.35483869910240173
vt 0.16129031777381897 0.70967739820480347
vt 0.32111579179763794 0.35483869910240173
vt 0.32111579179763794 0.70967739820480347
vt 0.67741936445236206 0
vt 0.67741936445236206 0.45161288976669312
vt 0.83724480867385864 0
vt 0.83724480867385864 0.45161288976669312
vt 0 0.35483869910240173
vt 0 0.70967739820480347
vt 0.15982547402381897 0.35483869910240173
vt 0.15982547402381897 0.70967739820480347
vt 0.32258063554763794 0.35483869910240173
vt 0.32258063554763794 0.80498677492141724
vt 0.67595452070236206 0.35483869910240173
vt 0.67595452070236206 0.80498677492141724
vt 0.45161288976669312 0
vt 0 0
vt 0.45161288976669312 0.35337385535240173
vt 0 0.35337385535240173
vn -1 0 0
vn -1 0 0
vn -1 0 0
vn -1 0 0
vn 0 0 1
vn 0 0 1
vn 0 0 1
vn 0 0 1
vn 1 0 0
vn 1 0 0
vn 1 0 0
vn 1 0 0
vn 0 0 -1
vn 0 0 -1
vn 0 0 -1
vn 0 0 -1
vn 0 1 0
vn 0 1 0
vn 0 1 0
vn 0 1 0
vn 0 -1 0
vn 0 -1 0
vn 0 -1 0
vn 0 -1 0
f 2402/2402/2402 2404/2404/2404 2403/2403/2403 2401/2401/2401
f 2406/2406/2406 2408/2408/2408 2407/2407/2407 2405/2405/2405
f 2410/2410/2410 2412/2412/2412 2411/2411/2411 2409/2409/2409
f 2414/2414/2414 2416/2416/2416 2415/2415/2415 2413/2413/2413
f 2418/2418/2418 2417/2417/2417 2419/2419/2419 2420/2420/2420
f 2422/2422/2422 2421/2421/2421 2423/2423/2423 2424/2424/2424
o object_99
v 60 10 -40
v 60 10 0
v 60 15 -40
v 60 15 0
v 60 10 0
v 90 10 0
v 60 15 0
v 90 15 0
v 90 10 0
v 90 10 -40
v 90 15 0
v 90 15 -40
v 90 10 -40
v 60 10 -40
v 90 15 -40
v 60 15 -40
v 60 15 0
v 60 15 -40
v 90 15 0
v 90 15 -40
v 60 10 -40
v 60 10 0
v 90 10 -40
v 90 10 0
vt 0.25 0
vt 0.25 0.66666668653488159
vt 0.3318684995174408 0
vt 0.3318684995174408 0.66666668653488159
vt 0.083333335816860199 0
vt 0.083333335816860199 0.5
vt 0.1652018278837204 0
vt 0.1652018278837204 0.5
vt 0.1666666716337204 0
vt 0.1666666716337204 0.66666668653488159
vt 0.24853515625 0
vt 0.24853515625 0.66666668653488159
vt 0 0
vt 0 0.5
vt 0.081868492066860199 0
vt 0.081868492066860199 0.5
vt 0.99853515625 0.5
vt 0.3333333432674408 0.5
vt 0.99853515625 0.99853515625
vt 0.3333333432674408 0.99853515625
vt 0.99853515625 0
vt 0.3333333432674408 0
vt 0.99853515625 0.49853515625
vt 0.3333333432674408 0.49853515625
vn -1 0 0
vn -1 0 0
vn -1 0 0
vn -1 0 0
vn 0 0 1
vn 0 0 1
vn 0 0 1
vn 0 0 1
vn 1 0 0
vn 1 0 0
vn 1 0 0
vn 1 0 0
vn 0 0 -1
vn 0 0 -1
vn 0 0 -1
vn 0 0 -1
vn 0 1 0
vn 0 1 0
vn 0 1 0
vn 0 1 0
vn 0 -1 0
vn 0 -1 0
vn 0 -1 0
vn 0 -1 0
f 2426/2426/2426 2428/2428/2428 2427/2427/2427 2425/2425/2425
f 2430/2430/2430 2432/2432/2432 2431/2431/2431 2429/2429/2429
f 2434/2434/2434 2436/2436/2436 2435/2435/2435 2433/2433/2433
f 2438/2438/2438 2440/2440/2440 2439/2439/2439 2437/2437/2437
f 2442/2442/2442 2441/2441/2441 2443/2443/2443 2444/2444/2444
f 2446/2446/2446 2445/2445/2445 2447/2447/2447 2448/2448/2448
o object_100
v 30 10 -40
v 30 10 0
v 30 15 -40
v 30 15 0
v 30 10 0
v 60 10 0
v 30 15 0
v 60 15 0
v 60 10 0
v 60 10 -40
v 60 15 0
v 60 15 -40
v 60 10 -40
v 30 10 -40
v 60 15 -40
v 30 15 -40
v 30 15 0
v 30 15 -40
v 60 15 0
v 60 15 -40
v 30 10 -40
v 30 10 0
v 60 10 -40
v 60 10 0
vt 0.25 0
vt 0.25 0.66666668653488159
vt 0.3318684995174408 0
vt 0.3318684995174408 0.66666668653488159
vt 0.083333335816860199 0
vt 0.083333335816860199 0.5
vt 0.1652018278837204 0
vt 0.1652018278837204 0.5
vt 0.1666666716337204 0
vt 0.1666666716337204 0.66666668653488159
vt 0.24853515625 0
vt 0.24853515625 0.66666668653488159
vt 0 0
vt 0 0.5
vt 0.081868492066860199 0
vt 0.081868492066860199 0.5
vt 0.99853515625 0.5
vt 0.3333333432674408 0.5
vt 0.99853515625 0.99853515625
vt 0.3333333432674408 0.99853515625
vt 0.99853515625 0
vt 0.3333333432674408 0
vt 0.99853515625 0.49853515625
vt 0.3333333432674408 0.49853515625
vn -1 0 0
vn -1 0 0
vn -1 0 0
vn -1 0 0
vn 0 0 1
vn 0 0 1
vn 0 0 1
vn 0 0 1
vn 1 0 0
vn 1 0 0
vn 1 0 0
vn 1 0 0
vn 0 0 -1
vn 0 0 -1
vn 0 0 -1
vn 0 0 -1
vn 0 1 0
vn 0 1 0
vn 0 1 0
vn 0 1 0
vn 0 -1 0
vn 0 -1 0
vn 0 -1 0
vn 0 -1 0
f 2450/2450/2450 2452/2452/2452 2451/2451/2451 2449/2449/2449
f 2454/2454/2454 2456/2456/2456 2455/2455/2455 2453/2453/2453
f 2458/2458/2458 2460/2460/2460 2459/2459/2459 2457/2457/2457
f 2462/2462/2462 2464/2464/2464 2463/2463/2463 2461/2461/2461
f 2466/2466/2466 2465/2465/2465 2467/2467/2467 2468/2468/2468
f 2470/2470/2470 2469/2469/2469 2471/2471/2471 2472/2472/2472
o object_101
v 180 5 -70
v 180 5 -90
v 180 10 -70
v 180 10 -90
v 180 5 -90
v 176 5 -90
v 180 10 -90
v 176 10 -90
v 176 5 -90
v 176 5 -70
v 176 10 -90
v 176 10 -70
v 176 5 -70
v 180 5 -70
v 176 10 -70
v 180 10 -70
v 176 10 -70
v 176 10 -90
v 180 10 -70
v 180 10 -90
v 176 5 -90
v 176 5 -70
v 180 5 -90
v 180 5 -70
vt 0.43478259444236755 0
vt 0.43478259444236755 0.86810034513473511
vt 0.65070909261703491 0
vt 0.65070909261703491 0.86810034513473511
vt 0 0.43478259444236755
vt 0 0.6086956262588501
vt 0.21592645347118378 0.43478259444236755
vt 0.21592645347118378 0.6086956262588501
vt 0.21739129722118378 0
vt 0.21739129722118378 0.86810034513473511
vt 0.43331775069236755 0
vt 0.43331775069236755 0.86810034513473511
vt 0 0
vt 0 0.17391304671764374
vt 0.21592645347118378 0
vt 0.21592645347118378 0.17391304671764374
vt 0.82608693838119507 0
vt 0.82608693838119507 0.86810034513473511
vt 0.99853515625 0
vt 0.99853515625 0.86810034513473511
vt 0.65217393636703491 0
vt 0.65217393636703491 0.86810034513473511
vt 0.82462209463119507 0
vt 0.82462209463119507 0.86810034513473511
vn 1 0 0
vn 1 0 0
vn 1 0 0
vn 1 0 0
vn 0 0 -1
vn 0 0 -1
vn 0 0 -1
vn 0 0 -1
vn -1 0 0
vn -1 0 0
vn -1 0 0
vn -1 0 0
vn 0 0 1
vn 0 0 1
vn 0 0 1
vn 0 0 1
vn 0 1 0
vn 0 1 0
vn 0 1 0
vn 0 1 0
vn 0 -1 0
vn 0 -1 0
vn 0 -1 0
vn 0 -1 0
f 2474/2474/2474 2476/2476/2476 2475/2475/2475 2473/2473/2473
f 2478/2478/2478 2480/2480/2480 2479/2479/2479 2477/2477/2477
f 2482/2482/2482 2484/2484/2484 2483/2483/2483 2481/2481/2481
f 2486/2486/2486 2488/2488/2488 2487/2487/2487 2485/2485/2485
f 2490/2490/2490 2489/2489/2489 2491/2491/2491 2492/2492/2492
f 2494/2494/2494 2493/2493/2493 2495/2495/2495 2496/2496/2496
o object_102
v 150 5 -85
v 150 5 -90
v 150 10 -85
v 150 10 -90
v 150 5 -90
v 165 5 -90
v 150 10 -90
v 165 10 -90
v 165 5 -90
v 165 5 -85
v 165 10 -90
v 165 10 -85
v 165 5 -85
v 150 5 -85
v 165 10 -85
v 150 10 -85
v 150 10 -90
v 150 10 -85
v 165 10 -90
v 165 10 -85
v 150 5 -85
v 150 5 -90
v 165 5 -85
v 165 5 -90
vt 0.25 0
vt 0.25 0.24853515625
vt 0.49853515625 0
vt 0.49853515625 0.24853515625
vt 0.25 0.25
vt 0.25 0.99853515625
vt 0.49853515625 0.25
vt 0.49853515625 0.99853515625
vt 0 0
vt 0 0.24853515625
vt 0.24853515625 0
vt 0.24853515625 0.24853515625
vt 0 0.25
vt 0 0.99853515625
vt 0.24853515625 0.25
vt 0.24853515625 0.99853515625
vt 0.99853515625 0
vt 0.75 0
vt 0.99853515625 0.75
vt 0.75 0.75
vt 0.74853515625 0
vt 0.5 0
vt 0.74853515625 0.75
vt 0.5 0.75
vn -1 0 0
vn -1 0 0
vn -1 0 0
vn -1 0 0
vn 0 0 -1
vn 0 0 -1
vn 0 0 -1
vn 0 0 -1
vn 1 0 0
vn 1 0 0
vn 1 0 0
vn 1 0 0
vn 0 0 1
vn 0 0 1
vn 0 0 1
vn 0 0 1
vn 0 1 0
vn 0 1 0
vn 0 1 0
vn 0 1 0
vn 0 -1 0
vn 0 -1 0
vn 0 -1 0
vn 0 -1 0
f 2498/2498/2498 2497/2497/2497 2499/2499/2499 2500/2500/2500
f 2502/2502/2502 2501/2501/2501 2503/2503/2503 2504/2504/2504
f 2506/2506/2506 2505/2505/2505 2507/2507/2507 2508/2508/2508
f 2510/2510/2510 2509/2509/2509 2511/2511/2511 2512/2512/2512
f 2514/2514/2514 2516/2516/2516 2515/2515/2515 2513/2513/2513
f 2518/2518/2518 2520/2520/2520 2519/2519/2519 2517/2517/2517
o object_103
v 165 5 -76
v 165 5 -90
v 165 10 -76
v 165 10 -90
v 165 5 -90
v 176 5 -90
v 165 10 -90
v 176 10 -90
v 176 5 -90
v 176 5 -76
v 176 10 -90
v 176 10 -76
v 176 5 -76
v 165 5 -76
v 176 10 -76
v 165 10 -76
v 165 10 -90
v 165 10 -76
v 176 10 -90
v 176 10 -76
v 165 5 -76
v 165 5 -90
v 176 5 -76
v 176 5 -90
vt 0.83870965242385864 0
vt 0.83870965242385864 0.45161288976669312
vt 0.99853515625 0
vt 0.99853515625 0.45161288976669312
vt 0.16129031777381897 0.35483869910240173
vt 0.16129031777381897 0.70967739820480347
vt 0.32111579179763794 0.35483869910240173
vt 0.32111579179763794 0.70967739820480347
vt 0.67741936445236206 0
vt 0.67741936445236206 0.45161288976669312
vt 0.83724480867385864 0
vt 0.83724480867385864 0.45161288976669312
vt 0 0.35483869910240173
vt 0 0.70967739820480347
vt 0.15982547402381897 0.35483869910240173
vt 0.15982547402381897 0.70967739820480347
vt 0.32258063554763794 0.35483869910240173
vt 0.32258063554763794 0.80498677492141724
vt 0.67595452070236206 0.35483869910240173
vt 0.67595452070236206 0.80498677492141724
vt 0.45161288976669312 0
vt 0 0
vt 0.45161288976669312 0.35337385535240173
vt 0 0.35337385535240173
vn -1 0 0
vn -1 0 0
vn -1 0 0
vn -1 0 0
vn 0 0 -1
vn 0 0 -1
vn 0 0 -1
vn 0 0 -1
vn 1 0 0
vn 1 0 0
vn 1 0 0
vn 1 0 0
vn 0 0 1
vn 0 0 1
vn 0 0 1
vn 0 0 1
vn 0 1 0
vn 0 1 0
vn 0 1 0
vn 0 1 0
vn 0 -1 0
vn 0 -1 0
vn 0 -1 0
vn 0 -1 0
f 2522/2522/2522 2521/2521/2521 2523/2523/2523 2524/2524/2524
f 2526/2526/2526 2525/2525/2525 2527/2527/2527 2528/2528/2528
f 2530/2530/2530 2529/2529/2529 2531/2531/2531 2532/2532/2532
f 2534/2534/2534 2533/2533/2533 2535/2535/2535 2536/2536/2536
f 2538/2538/2538 2540/2540/2540 2539/2539/2539 2537/2537/2537
f 2542/2542/2542 2544/2544/2544 2543/2543/2543 2541/2541/2541
o object_104
v 150 5 -50
v 150 5 -63
v 150 10 -50
v 150 10 -63
v 150 5 -63
v 157 5 -63
v 150 10 -63
v 157 10 -63
v 157 5 -63
v 157 5 -50
v 157 10 -63
v 157 10 -50
v 157 5 -50
v 150 5 -50
v 157 10 -50
v 150 10 -50
v 150 10 -63
v 150 10 -50
v 157 10 -63
v 157 10 -50
v 150 5 -50
v 150 5 -63
v 157 5 -50
v 157 5 -63
vt 0.56521737575531006 0.21739129722118378
vt 0 0.21739129722118378
vt 0.56521737575531006 0.43331775069236755
vt 0 0.43331775069236755
vt 0.30288296937942505 0.71739131212234497
vt 0 0.71739131212234497
vt 0.30288296937942505 0.93478262424468994
vt 0 0.93478262424468994
vt 0.56521737575531006 0
vt 0 0
vt 0.56521737575531006 0.21592645347118378
vt 0 0.21592645347118378
vt 0.30288296937942505 0.43478259444236755
vt 0 0.43478259444236755
vt 0.30288296937942505 0.65217393636703491
vt 0 0.65217393636703491
vt 0.6086956262588501 0
vt 0.6086956262588501 0.56521737575531006
vt 0.91157865524291992 0
vt 0.91157865524291992 0.56521737575531006
vt 0.30434781312942505 0.43478259444236755
vt 0.30434781312942505 0.99853515625
vt 0.6072307825088501 0.43478259444236755
vt 0.6072307825088501 0.99853515625
vn -1 0 0
vn -1 0 0
vn -1 0 0
vn -1 0 0
vn 0 0 -1
vn 0 0 -1
vn 0 0 -1
vn 0 0 -1
vn 1 0 0
vn 1 0 0
vn 1 0 0
vn 1 0 0
vn 0 0 1
vn 0 0 1
vn 0 0 1
vn 0 0 1
vn 0 1 0
vn 0 1 0
vn 0 1 0
vn 0 1 0
vn 0 -1 0
vn 0 -1 0
vn 0 -1 0
vn 0 -1 0
f 2546/2546/2546 2545/2545/2545 2547/2547/2547 2548/2548/2548
f 2550/2550/2550 2549/2549/2549 2551/2551/2551 2552/2552/2552
f 2554/2554/2554 2553/2553/2553 2555/2555/2555 2556/2556/2556
f 2558/2558/2558 2557/2557/2557 2559/2559/2559 2560/2560/2560
f 2562/2562/2562 2564/2564/2564 2563/2563/2563 2561/2561/2561
f 2566/2566/2566 2568/2568/2568 2567/2567/2567 2565/2565/2565
o object_105
v 150 5 -90
v 150 5 -50
v 150 10 -90
v 150 10 -50
v 150 5 -50
v 180 5 -50
v 150 10 -50
v 180 10 -50
v 180 5 -50
v 180 5 -90
v 180 10 -50
v 180 10 -90
v 180 5 -90
v 150 5 -90
v 180 10 -90
v 150 10 -90
v 150 10 -50
v 150 10 -90
v 180 10 -50
v 180 10 -90
v 150 5 -90
v 150 5 -50
v 180 5 -90
v 180 5 -50
vt 0.25 0
vt 0.25 0.66666668653488159
vt 0.3318684995174408 0
vt 0.3318684995174408 0.66666668653488159
vt 0.083333335816860199 0
vt 0.083333335816860199 0.5
vt 0.1652018278837204 0
vt 0.1652018278837204 0.5
vt 0.1666666716337204 0
vt 0.1666666716337204 0.66666668653488159
vt 0.24853515625 0
vt 0.24853515625 0.66666668653488159
vt 0 0
vt 0 0.5
vt 0.081868492066860199 0
vt 0.081868492066860199 0.5
vt 0.99853515625 0.5
vt 0.3333333432674408 0.5
vt 0.99853515625 0.99853515625
vt 0.3333333432674408 0.99853515625
vt 0.99853515625 0
vt 0.3333333432674408 0
vt 0.99853515625 0.49853515625
vt 0.3333333432674408 0.49853515625
vn -1 0 0
vn -1 0 0
vn -1 0 0
vn -1 0 0
vn 0 0 1
vn 0 0 1
vn 0 0 1
vn 0 0 1
vn 1 0 0
vn 1 0 0
vn 1 0 0
vn 1 0 0
vn 0 0 -1
vn 0 0 -1
vn 0 0 -1
vn 0 0 -1
vn 0 1 0
vn 0 1 0
vn 0 1 0
vn 0 1 0
vn 0 -1 0
vn 0 -1 0
vn 0 -1 0
vn 0 -1 0
f 2570/2570/2570 2572/2572/2572 2571/2571/2571 2569/2569/2569
f 2574/2574/2574 2576/2576/2576 2575/2575/2575 2573/2573/2573
f 2578/2578/2578 2580/2580/2580 2579/2579/2579 2577/2577/2577
f 2582/2582/2582 2584/2584/2584 2583/2583/2583 2581/2581/2581
f 2586/2586/2586 2585/2585/2585 2587/2587/2587 2588/2588/2588
f 2590/2590/2590 2589/2589/2589 2591/2591/2591 2592/2592/2592
o object_106
v 165 5 -50
v 165 5 -64
v 165 10 -50
v 165 10 -64
v 165 5 -64
v 170 5 -64
v 165 10 -64
v 170 10 -64
v 170 5 -64
v 170 5 -50
v 170 10 -64
v 170 10 -50
v 170 5 -50
v 165 5 -50
v 170 10 -50
v 165 10 -50
v 165 10 -64
v 165 10 -50
v 170 10 -64
v 170 10 -50
v 165 5 -50
v 165 5 -64
v 170 5 -50
v 170 5 -64
vt 0.25 0.25
vt 0.25 0.94853514432907104
vt 0.49853515625 0.25
vt 0.49853515625 0.94853514432907104
vt 0.25 0
vt 0.25 0.24853515625
vt 0.49853515625 0
vt 0.49853515625 0.24853515625
vt 0 0.25
vt 0 0.94853514432907104
vt 0.24853515625 0.25
vt 0.24853515625 0.94853514432907104
vt 0 0
vt 0 0.24853515625
vt 0.24853515625 0
vt 0.24853515625 0.24853515625
vt 0.75 0
vt 0.75 0.69999998807907104
vt 0.99853515625 0
vt 0.99853515625 0.69999998807907104
vt 0.5 0
vt 0.5 0.69999998807907104
vt 0.74853515625 0
vt 0.74853515625 0.69999998807907104
vn -1 0 0
vn -1 0 0
vn -1 0 0
vn -1 0 0
vn 0 0 -1
vn 0 0 -1
vn 0 0 -1
vn 0 0 -1
vn 1 0 0
vn 1 0 0
vn 1 0 0
vn 1 0 0
vn 0 0 1
vn 0 0 1
vn 0 0 1
vn 0 0 1
vn 0 1 0
vn 0 1 0
vn 0 1 0
vn 0 1 0
vn 0 -1 0
vn 0 -1 0
vn 0 -1 0
vn 0 -1 0
f 2594/2594/2594 2593/2593/2593 2595/2595/2595 2596/2596/2596
f 2598/2598/2598 2597/2597/2597 2599/2599/2599 2600/2600/2600
f 2602/2602/2602 2601/2601/2601 2603/2603/2603 2604/2604/2604
f 2606/2606/2606 2605/2605/2605 2607/2607/2607 2608/2608/2608
f 2610/2610/2610 2612/2612/2612 2611/2611/2611 2609/2609/2609
f 2614/2614/2614 2616/2616/2616 2615/2615/2615 2613/2613/2613
o object_107
v 165 5 -50
v 165 5 -70
v 165 10 -50
v 165 10 -70
v 165 5 -70
v 180 5 -70
v 165 10 -70
v 180 10 -70
v 180 5 -70
v 180 5 -50
v 180 10 -70
v 180 10 -50
v 180 5 -50
v 165 5 -50
v 180 10 -50
v 165 10 -50
v 165 10 -70
v 165 10 -50
v 180 10 -70
v 180 10 -50
v 165 5 -50
v 165 5 -70
v 180 5 -50
v 180 5 -70
vt 0.8571428656578064 0
vt 0.8571428656578064 0.57142859697341919
vt 0.99853515625 0
vt 0.99853515625 0.57142859697341919
vt 0.1428571492433548 0.4285714328289032
vt 0.1428571492433548 0.8571428656578064
vt 0.28424945473670959 0.4285714328289032
vt 0.28424945473670959 0.8571428656578064
vt 0.71428573131561279 0
vt 0.71428573131561279 0.57142859697341919
vt 0.8556780219078064 0
vt 0.8556780219078064 0.57142859697341919
vt 0 0.4285714328289032
vt 0 0.8571428656578064
vt 0.1413923054933548 0.4285714328289032
vt 0.1413923054933548 0.8571428656578064
vt 0.28571429848670959 0.4285714328289032
vt 0.28571429848670959 0.99853515625
vt 0.71282088756561279 0.4285714328289032
vt 0.71282088756561279 0.99853515625
vt 0.57142859697341919 0
vt 0 0
vt 0.57142859697341919 0.4271065890789032
vt 0 0.4271065890789032
vn -1 0 0
vn -1 0 0
vn -1 0 0
vn -1 0 0
vn 0 0 -1
vn 0 0 -1
vn 0 0 -1
vn 0 0 -1
vn 1 0 0
vn 1 0 0
vn 1 0 0
vn 1 0 0
vn 0 0 1
vn 0 0 1
vn 0 0 1
vn 0 0 1
vn 0 1 0
vn 0 1 0
vn 0 1 0
vn 0 1 0
vn 0 -1 0
vn 0 -1 0
vn 0 -1 0
vn 0 -1 0
f 2618/2618/2618 2617/2617/2617 2619/2619/2619 2620/2620/2620
f 2622/2622/2622 2621/2621/2621 2623/2623/2623 2624/2624/2624
f 2626/2626/2626 2625/2625/2625 2627/2627/2627 2628/2628/2628
f 2630/2630/2630 2629/2629/2629 2631/2631/2631 2632/2632/2632
f 2634/2634/2634 2636/2636/2636 2635/2635/2635 2633/2633/2633
f 2638/2638/2638 2640/2640/2640 2639/2639/2639 2637/2637/2637
o object_108
v 150 5 -50
v 150 5 -63
v 150 10 -50
v 150 10 -63
v 150 5 -63
v 143 5 -63
v 150 10 -63
v 143 10 -63
v 143 5 -63
v 143 5 -50
v 143 10 -63
v 143 10 -50
v 143 5 -50
v 150 5 -50
v 143 10 -50
v 150 10 -50
v 143 10 -50
v 143 10 -63
v 150 10 -50
v 150 10 -63
v 143 5 -63
v 143 5 -50
v 150 5 -63
v 150 5 -50
vt 0.56521737575531006 0.21739129722118378
vt 0 0.21739129722118378
vt 0.56521737575531006 0.43331775069236755
vt 0 0.43331775069236755
vt 0.30288296937942505 0.71739131212234497
vt 0 0.71739131212234497
vt 0.30288296937942505 0.93478262424468994
vt 0 0.93478262424468994
vt 0.56521737575531006 0
vt 0 0
vt 0.56521737575531006 0.21592645347118378
vt 0 0.21592645347118378
vt 0.30288296937942505 0.43478259444236755
vt 0 0.43478259444236755
vt 0.30288296937942505 0.65217393636703491
vt 0 0.65217393636703491
vt 0.6086956262588501 0
vt 0.6086956262588501 0.56521737575531006
vt 0.91157865524291992 0
vt 0.91157865524291992 0.56521737575531006
vt 0.30434781312942505 0.43478259444236755
vt 0.30434781312942505 0.99853515625
vt 0.6072307825088501 0.43478259444236755
vt 0.6072307825088501 0.99853515625
vn 1 0 0
vn 1 0 0
vn 1 0 0
vn 1 0 0
vn 0 0 -1
vn 0 0 -1
vn 0 0 -1
vn 0 0 -1
vn -1 0 0
vn -1 0 0
vn -1 0 0
vn -1 0 0
vn 0 0 1
vn 0 0 1
vn 0 0 1
vn 0 0 1
vn 0 1 0
vn 0 1 0
vn 0 1 0
vn 0 1 0
vn 0 -1 0
vn 0 -1 0
vn 0 -1 0
vn 0 -1 0
f 2642/2642/2642 2644/2644/2644 2643/2643/2643 2641/2641/2641
f 2646/2646/2646 2648/2648/2648 2647/2647/2647 2645/2645/2645
f 2650/2650/2650 2652/2652/2652 2651/2651/2651 2649/2649/2649
f 2654/2654/2654 2656/2656/2656 2655/2655/2655 2653/2653/2653
f 2658/2658/2658 2657/2657/2657 2659/2659/2659 2660/2660/2660
f 2662/2662/2662 2661/2661/2661 2663/2663/2663 2664/2664/2664
o object_109
v 135 5 -50
v 135 5 -64
v 135 10 -50
v 135 10 -64
v 135 5 -64
v 130 5 -64
v 135 10 -64
v 130 10 -64
v 130 5 -64
v 130 5 -50
v 130 10 -64
v 130 10 -50
v 130 5 -50
v 135 5 -50
v 130 10 -50
v 135 10 -50
v 130 10 -50
v 130 10 -64
v 135 10 -50
v 135 10 -64
v 130 5 -64
v 130 5 -50
v 135 5 -64
v 135 5 -50
vt 0.25 0.25
vt 0.25 0.94853514432907104
vt 0.49853515625 0.25
vt 0.49853515625 0.94853514432907104
vt 0.25 0
vt 0.25 0.24853515625
vt 0.49853515625 0
vt 0.49853515625 0.24853515625
vt 0 0.25
vt 0 0.94853514432907104
vt 0.24853515625 0.25
vt 0.24853515625 0.94853514432907104
vt 0 0
vt 0 0.24853515625
vt 0.24853515625 0
vt 0.24853515625 0.24853515625
vt 0.75 0
vt 0.75 0.69999998807907104
vt 0.99853515625 0
vt 0.99853515625 0.69999998807907104
vt 0.5 0
vt 0.5 0.69999998807907104
vt 0.74853515625 0
vt 0.74853515625 0.69999998807907104
vn 1 0 0
vn 1 0 0
vn 1 0 0
vn 1 0 0
vn 0 0 -1
vn 0 0 -1
vn 0 0 -1
vn 0 0 -1
vn -1 0 0
vn -1 0 0
vn -1 0 0
vn -1 0 0
vn 0 0 1
vn 0 0 1
vn 0 0 1
vn 0 0 1
vn 0 1 0
vn 0 1 0
vn 0 1 0
vn 0 1 0
vn 0 -1 0
vn 0 -1 0
vn 0 -1 0
vn 0 -1 0
f 2666/2666/2666 2668/2668/2668 2667/2667/2667 2665/2665/2665
f 2670/2670/2670 2672/2672/2672 2671/2671/2671 2669/2669/2669
f 2674/2674/2674 2676/2676/2676 2675/2675/2675 2673/2673/2673
f 2678/2678/2678 2680/2680/2680 2679/2679/2679 2677/2677/2677
f 2682/2682/2682 2681/2681/2681 2683/2683/2683 2684/2684/2684
f 2686/2686/2686 2685/2685/2685 2687/2687/2687 2688/2688/2688
o object_110
v 135 5 -50
v 135 5 -70
v 135 10 -50
v 135 10 -70
v 135 5 -70
v 120 5 -70
v 135 10 -70
v 120 10 -70
v 120 5 -70
v 120 5 -50
v 120 10 -70
v 120 10 -50
v 120 5 -50
v 135 5 -50
v 120 10 -50
v 135 10 -50
v 120 10 -50
v 120 10 -70
v 135 10 -50
v 135 10 -70
v 120 5 -70
v 120 5 -50
v 135 5 -70
v 135 5 -50
vt 0.8571428656578064 0
vt 0.8571428656578064 0.57142859697341919
vt 0.99853515625 0
vt 0.99853515625 0.57142859697341919
vt 0.1428571492433548 0.4285714328289032
vt 0.1428571492433548 0.8571428656578064
vt 0.28424945473670959 0.4285714328289032
vt 0.28424945473670959 0.8571428656578064
vt 0.71428573131561279 0
vt 0.71428573131561279 0.57142859697341919
vt 0.8556780219078064 0
vt 0.8556780219078064 0.57142859697341919
vt 0 0.4285714328289032
vt 0 0.8571428656578064
vt 0.1413923054933548 0.4285714328289032
vt 0.1413923054933548 0.8571428656578064
vt 0.28571429848670959 0.4285714328289032
vt 0.28571429848670959 0.99853515625
vt 0.71282088756561279 0.4285714328289032
vt 0.71282088756561279 0.99853515625
vt 0.57142859697341919 0
vt 0 0
vt 0.57142859697341919 0.4271065890789032
vt 0 0.4271065890789032
vn 1 0 0
vn 1 0 0
vn 1 0 0
vn 1 0 0
vn 0 0 -1
vn 0 0 -1
vn 0 0 -1
vn 0 0 -1
vn -1 0 0
vn -1 0 0
vn -1 0 0
vn -1 0 0
vn 0 0 1
vn 0 0 1
vn 0 0 1
vn 0 0 1
vn 0 1 0
vn 0 1 0
vn 0 1 0
vn 0 1 0
vn 0 -1 0
vn 0 -1 0
vn 0 -1 0
vn 0 -1 0
f 2690/2690/2690 2692/2692/2692 2691/2691/2691 2689/2689/2689
f 2694/2694/2694 2696/2696/2696 2695/2695/2695 2693/2693/2693
f 2698/2698/2698 2700/2700/2700 2699/2699/2699 2697/2697/2697
f 2702/2702/2702 2704/2704/2704 2703/2703/2703 2701/2701/2701
f 2706/2706/2706 2705/2705/2705 2707/2707/2707 2708/2708/2708
f 2710/2710/2710 2709/2709/2709 2711/2711/2711 2712/2712/2712
o object_111
v 124 5 -70
v 124 5 -90
v 124 10 -70
v 124 10 -90
v 124 5 -90
v 120 5 -90
v 124 10 -90
v 120 10 -90
v 120 5 -90
v 120 5 -70
v 120 10 -90
v 120 10 -70
v 120 5 -70
v 124 5 -70
v 120 10 -70
v 124 10 -70
v 120 10 -70
v 120 10 -90
v 124 10 -70
v 124 10 -90
v 120 5 -90
v 120 5 -70
v 124 5 -90
v 124 5 -70
vt 0.43478259444236755 0
vt 0.43478259444236755 0.86810034513473511
vt 0.65070909261703491 0
vt 0.65070909261703491 0.86810034513473511
vt 0 0.43478259444236755
vt 0 0.6086956262588501
vt 0.21592645347118378 0.43478259444236755
vt 0.21592645347118378 0.6086956262588501
vt 0.21739129722118378 0
vt 0.21739129722118378 0.86810034513473511
vt 0.43331775069236755 0
vt 0.43331775069236755 0.86810034513473511
vt 0 0
vt 0 0.17391304671764374
vt 0.21592645347118378 0
vt 0.21592645347118378 0.17391304671764374
vt 0.82608693838119507 0
vt 0.82608693838119507 0.86810034513473511
vt 0.99853515625 0
vt 0.99853515625 0.86810034513473511
vt 0.65217393636703491 0
vt 0.65217393636703491 0.86810034513473511
vt 0.82462209463119507 0
vt 0.82462209463119507 0.86810034513473511
vn 1 0 0
vn 1 0 0
vn 1 0 0
vn 1 0 0
vn 0 0 -1
vn 0 0 -1
vn 0 0 -1
vn 0 0 -1
vn -1 0 0
vn -1 0 0
vn -1 0 0
vn -1 0 0
vn 0 0 1
vn 0 0 1
vn 0 0 1
vn 0 0 1
vn 0 1 0
vn 0 1 0
vn 0 1 0
vn 0 1 0
vn 0 -1 0
vn 0 -1 0
vn 0 -1 0
vn 0 -1 0
f 2714/2714/2714 2716/2716/2716 2715/2715/2715 2713/2713/2713
f 2718/2718/2718 2720/2720/2720 2719/2719/2719 2717/2717/2717
f 2722/2722/2722 2724/2724/2724 2723/2723/2723 2721/2721/2721
f 2726/2726/2726 2728/2728/2728 2727/2727/2727 2725/2725/2725
f 2730/2730/2730 2729/2729/2729 2731/2731/2731 2732/2732/2732
f 2734/2734/2734 2733/2733/2733 2735/2735/2735 2736/2736/2736
o object_112
v 120 5 -90
v 120 5 -50
v 120 10 -90
v 120 10 -50
v 120 5 -50
v 150 5 -50
v 120 10 -50
v 150 10 -50
v 150 5 -50
v 150 5 -90
v 150 10 -50
v 150 10 -90
v 150 5 -90
v 120 5 -90
v 150 10 -90
v 120 10 -90
v 120 10 -50
v 120 10 -90
v 150 10 -50
v 150 10 -90
v 120 5 -90
v 120 5 -50
v 150 5 -90
v 150 5 -50
vt 0.25 0
vt 0.25 0.66666668653488159
vt 0.3318684995174408 0
vt 0.3318684995174408 0.66666668653488159
vt 0.083333335816860199 0
vt 0.083333335816860199 0.5
vt 0.1652018278837204 0
vt 0.1652018278837204 0.5
vt 0.1666666716337204 0
vt 0.1666666716337204 0.66666668653488159
vt 0.24853515625 0
vt 0.24853515625 0.66666668653488159
vt 0 0
vt 0 0.5
vt 0.081868492066860199 0
vt 0.081868492066860199 0.5
vt 0.99853515625 0.5
vt 0.3333333432674408 0.5
vt 0.99853515625 0.99853515625
vt 0.3333333432674408 0.99853515625
vt 0.99853515625 0
vt 0.3333333432674408 0
vt 0.99853515625 0.49853515625
vt 0.3333333432674408 0.49853515625
vn -1 0 0
vn -1 0 0
vn -1 0 0
vn -1 0 0
vn 0 0 1
vn 0 0 1
vn 0 0 1
vn 0 0 1
vn 1 0 0
vn 1 0 0
vn 1 0 0
vn 1 0 0
vn 0 0 -1
vn 0 0 -1
vn 0 0 -1
vn 0 0 -1
vn 0 1 0
vn 0 1 0
vn 0 1 0
vn 0 1 0
vn 0 -1 0
vn 0 -1 0
vn 0 -1 0
vn 0 -1 0
f 2738/2738/2738 2740/2740/2740 2739/2739/2739 2737/2737/2737
f 2742/2742/2742 2744/2744/2744 2743/2743/2743 2741/2741/2741
f 2746/2746/2746 2748/2748/2748 2747/2747/2747 2745/2745/2745
f 2750/2750/2750 2752/2752/2752 2751/2751/2751 2749/2749/2749
f 2754/2754/2754 2753/2753/2753 2755/2755/2755 2756/2756/2756
f 2758/2758/2758 2757/2757/2757 2759/2759/2759 2760/2760/2760
o object_113
v 135 5 -76
v 135 5 -90
v 135 10 -76
v 135 10 -90
v 135 5 -90
v 124 5 -90
v 135 10 -90
v 124 10 -90
v 124 5 -90
v 124 5 -76
v 124 10 -90
v 124 10 -76
v 124 5 -76
v 135 5 -76
v 124 10 -76
v 135 10 -76
v 124 10 -76
v 124 10 -90
v 135 10 -76
v 135 10 -90
v 124 5 -90
v 124 5 -76
v 135 5 -90
v 135 5 -76
vt 0.83870965242385864 0
vt 0.83870965242385864 0.45161288976669312
vt 0.99853515625 0
vt 0.99853515625 0.45161288976669312
vt 0.16129031777381897 0.35483869910240173
vt 0.16129031777381897 0.70967739820480347
vt 0.32111579179763794 0.35483869910240173
vt 0.32111579179763794 0.70967739820480347
vt 0.67741936445236206 0
vt 0.67741936445236206 0.45161288976669312
vt 0.83724480867385864 0
vt 0.83724480867385864 0.45161288976669312
vt 0 0.35483869910240173
vt 0 0.70967739820480347
vt 0.15982547402381897 0.35483869910240173
vt 0.15982547402381897 0.70967739820480347
vt 0.32258063554763794 0.35483869910240173
vt 0.32258063554763794 0.80498677492141724
vt 0.67595452070236206 0.35483869910240173
vt 0.67595452070236206 0.80498677492141724
vt 0.45161288976669312 0
vt 0 0
vt 0.45161288976669312 0.35337385535240173
vt 0 0.35337385535240173
vn 1 0 0
vn 1 0 0
vn 1 0 0
vn 1 0 0
vn 0 0 -1
vn 0 0 -1
vn 0 0 -1
vn 0 0 -1
vn -1 0 0
vn -1 0 0
vn -1 0 0
vn -1 0 0
vn 0 0 1
vn 0 0 1
vn 0 0 1
vn 0 0 1
vn 0 1 0
vn 0 1 0
vn 0 1 0
vn 0 1 0
vn 0 -1 0
vn 0 -1 0
vn 0 -1 0
vn 0 -1 0
f 2762/2762/2762 2764/2764/2764 2763/2763/2763 2761/2761/2761
f 2766/2766/2766 2768/2768/2768 2767/2767/2767 2765/2765/2765
f 2770/2770/2770 2772/2772/2772 2771/2771/2771 2769/2769/2769
f 2774/2774/2774 2776/2776/2776 2775/2775/2775 2773/2773/2773
f 2778/2778/2778 2777/2777/2777 2779/2779/2779 2780/2780/2780
f 2782/2782/2782 2781/2781/2781 2783/2783/2783 2784/2784/2784
o object_114
v 150 5 -85
v 150 5 -90
v 150 10 -85
v 150 10 -90
v 150 5 -90
v 135 5 -90
v 150 10 -90
v 135 10 -90
v 135 5 -90
v 135 5 -85
v 135 10 -90
v 135 10 -85
v 135 5 -85
v 150 5 -85
v 135 10 -85
v 150 10 -85
v 135 10 -85
v 135 10 -90
v 150 10 -85
v 150 10 -90
v 135 5 -90
v 135 5 -85
v 150 5 -90
v 150 5 -85
vt 0.25 0
vt 0.25 0.24853515625
vt 0.49853515625 0
vt 0.49853515625 0.24853515625
vt 0.25 0.25
vt 0.25 0.99853515625
vt 0.49853515625 0.25
vt 0.49853515625 0.99853515625
vt 0 0
vt 0 0.24853515625
vt 0.24853515625 0
vt 0.24853515625 0.24853515625
vt 0 0.25
vt 0 0.99853515625
vt 0.24853515625 0.25
vt 0.24853515625 0.99853515625
vt 0.99853515625 0
vt 0.75 0
vt 0.99853515625 0.75
vt 0.75 0.75
vt 0.74853515625 0
vt 0.5 0
vt 0.74853515625 0.75
vt 0.5 0.75
vn 1 0 0
vn 1 0 0
vn 1 0 0
vn 1 0 0
vn 0 0 -1
vn 0 0 -1
vn 0 0 -1
vn 0 0 -1
vn -1 0 0
vn -1 0 0
vn -1 0 0
vn -1 0 0
vn 0 0 1
vn 0 0 1
vn 0 0 1
vn 0 0 1
vn 0 1 0
vn 0 1 0
vn 0 1 0
vn 0 1 0
vn 0 -1 0
vn 0 -1 0
vn 0 -1 0
vn 0 -1 0
f 2786/2786/2786 2788/2788/2788 2787/2787/2787 2785/2785/2785
f 2790/2790/2790 2792/2792/2792 2791/2791/2791 2789/2789/2789
f 2794/2794/2794 2796/2796/2796 2795/2795/2795 2793/2793/2793
f 2798/2798/2798 2800/2800/2800 2799/2799/2799 2797/2797/2797
f 2802/2802/2802 2801/2801/2801 2803/2803/2803 2804/2804/2804
f 2806/2806/2806 2805/2805/2805 2807/2807/2807 2808/2808/2808
o object_115
v 90 5 -85
v 90 5 -90
v 90 10 -85
v 90 10 -90
v 90 5 -90
v 105 5 -90
v 90 10 -90
v 105 10 -90
v 105 5 -90
v 105 5 -85
v 105 10 -90
v 105 10 -85
v 105 5 -85
v 90 5 -85
v 105 10 -85
v 90 10 -85
v 90 10 -90
v 90 10 -85
v 105 10 -90
v 105 10 -85
v 90 5 -85
v 90 5 -90
v 105 5 -85
v 105 5 -90
vt 0.25 0
vt 0.25 0.24853515625
vt 0.49853515625 0
vt 0.49853515625 0.24853515625
vt 0.25 0.25
vt 0.25 0.99853515625
vt 0.49853515625 0.25
vt 0.49853515625 0.99853515625
vt 0 0
vt 0 0.24853515625
vt 0.24853515625 0
vt 0.24853515625 0.24853515625
vt 0 0.25
vt 0 0.99853515625
vt 0.24853515625 0.25
vt 0.24853515625 0.99853515625
vt 0.99853515625 0
vt 0.75 0
vt 0.99853515625 0.75
vt 0.75 0.75
vt 0.74853515625 0
vt 0.5 0
vt 0.74853515625 0.75
vt 0.5 0.75
vn -1 0 0
vn -1 0 0
vn -1 0 0
vn -1 0 0
vn 0 0 -1
vn 0 0 -1
vn 0 0 -1
vn 0 0 -1
vn 1 0 0
vn 1 0 0
vn 1 0 0
vn 1 0 0
vn 0 0 1
vn 0 0 1
vn 0 0 1
vn 0 0 1
vn 0 1 0
vn 0 1 0
vn 0 1 0
vn 0 1 0
vn 0 -1 0
vn 0 -1 0
vn 0 -1 0
vn 0 -1 0
f 2810/2810/2810 2809/2809/2809 2811/2811/2811 2812/2812/2812
f 2814/2814/2814 2813/2813/2813 2815/2815/2815 2816/2816/2816
f 2818/2818/2818 2817/2817/2817 2819/2819/2819 2820/2820/2820
f 2822/2822/2822 2821/2821/2821 2823/2823/2823 2824/2824/2824
f 2826/2826/2826 2828/2828/2828 2827/2827/2827 2825/2825/2825
f 2830/2830/2830 2832/2832/2832 2831/2831/2831 2829/2829/2829
o object_116
v 105 5 -50
v 105 5 -70
v 105 10 -50
v 105 10 -70
v 105 5 -70
v 120 5 -70
v 105 10 -70
v 120 10 -70
v 120 5 -70
v 120 5 -50
v 120 10 -70
v 120 10 -50
v 120 5 -50
v 105 5 -50
v 120 10 -50
v 105 10 -50
v 105 10 -70
v 105 10 -50
v 120 10 -70
v 120 10 -50
v 105 5 -50
v 105 5 -70
v 120 5 -50
v 120 5 -70
vt 0.8571428656578064 0
vt 0.8571428656578064 0.57142859697341919
vt 0.99853515625 0
vt 0.99853515625 0.57142859697341919
vt 0.1428571492433548 0.4285714328289032
vt 0.1428571492433548 0.8571428656578064
vt 0.28424945473670959 0.4285714328289032
vt 0.28424945473670959 0.8571428656578064
vt 0.71428573131561279 0
vt 0.71428573131561279 0.57142859697341919
vt 0.8556780219078064 0
vt 0.8556780219078064 0.57142859697341919
vt 0 0.4285714328289032
vt 0 0.8571428656578064
vt 0.1413923054933548 0.4285714328289032
vt 0.1413923054933548 0.8571428656578064
vt 0.28571429848670959 0.4285714328289032
vt 0.28571429848670959 0.99853515625
vt 0.71282088756561279 0.4285714328289032
vt 0.71282088756561279 0.99853515625
vt 0.57142859697341919 0
vt 0 0
vt 0.57142859697341919 0.4271065890789032
vt 0 0.4271065890789032
vn -1 0 0
vn -1 0 0
vn -1 0 0
vn -1 0 0
vn 0 0 -1
vn 0 0 -1
vn 0 0 -1
vn 0 0 -1
vn 1 0 0
vn 1 0 0
vn 1 0 0
vn 1 0 0
vn 0 0 1
vn 0 0 1
vn 0 0 1
vn 0 0 1
vn 0 1 0
vn 0 1 0
vn 0 1 0
vn 0 1 0
vn 0 -1 0
vn 0 -1 0
vn 0 -1 0
vn 0 -1 0
f 2834/2834/2834 2833/2833/2833 2835/2835/2835 2836/2836/2836
f 2838/2838/2838 2837/2837/2837 2839/2839/2839 2840/2840/2840
f 2842/2842/2842 2841/2841/2841 2843/2843/2843 2844/2844/2844
f 2846/2846/2846 2845/2845/2845 2847/2847/2847 2848/2848/2848
f 2850/2850/2850 2852/2852/2852 2851/2851/2851 2849/2849/2849
f 2854/2854/2854 2856/2856/2856 2855/2855/2855 2853/2853/2853
o object_117
v 105 5 -50
v 105 5 -64
v 105 10 -50
v 105 10 -64
v 105 5 -64
v 110 5 -64
v 105 10 -64
v 110 10 -64
v 110 5 -64
v 110 5 -50
v 110 10 -64
v 110 10 -50
v 110 5 -50
v 105 5 -50
v 110 10 -50
v 105 10 -50
v 105 10 -64
v 105 10 -50
v 110 10 -64
v 110 10 -50
v 105 5 -50
v 105 5 -64
v 110 5 -50
v 110 5 -64
vt 0.25 0.25
vt 0.25 0.94853514432907104
vt 0.49853515625 0.25
vt 0.49853515625 0.94853514432907104
vt 0.25 0
vt 0.25 0.24853515625
vt 0.49853515625 0
vt 0.49853515625 0.24853515625
vt 0 0.25
vt 0 0.94853514432907104
vt 0.24853515625 0.25
vt 0.24853515625 0.94853514432907104
vt 0 0
vt 0 0.24853515625
vt 0.24853515625 0
vt 0.24853515625 0.24853515625
vt 0.75 0
vt 0.75 0.69999998807907104
vt 0.99853515625 0
vt 0.99853515625 0.69999998807907104
vt 0.5 0
vt 0.5 0.69999998807907104
vt 0.74853515625 0
vt 0.74853515625 0.69999998807907104
vn -1 0 0
vn -1 0 0
vn -1 0 0
vn -1 0 0
vn 0 0 -1
vn 0 0 -1
vn 0 0 -1
vn 0 0 -1
vn 1 0 0
vn 1 0 0
vn 1 0 0
vn 1 0 0
vn 0 0 1
vn 0 0 1
vn 0 0 1
vn 0 0 1
vn 0 1 0
vn 0 1 0
vn 0 1 0
vn 0 1 0
vn 0 -1 0
vn 0 -1 0
vn 0 -1 0
vn 0 -1 0
f 2858/2858/2858 2857/2857/2857 2859/2859/2859 2860/2860/2860
f 2862/2862/2862 2861/2861/2861 2863/2863/2863 2864/2864/2864
f 2866/2866/2866 2865/2865/2865 2867/2867/2867 2868/2868/2868
f 2870/2870/2870 2869/2869/2869 2871/2871/2871 2872/2872/2872
f 2874/2874/2874 2876/2876/2876 2875/2875/2875 2873/2873/2873
f 2878/2878/2878 2880/2880/2880 2879/2879/2879 2877/2877/2877
o object_118
v 105 5 -76
v 105 5 -90
v 105 10 -76
v 105 10 -90
v 105 5 -90
v 116 5 -90
v 105 10 -90
v 116 10 -90
v 116 5 -90
v 116 5 -76
v 116 10 -90
v 116 10 -76
v 116 5 -76
v 105 5 -76
v 116 10 -76
v 105 10 -76
v 105 10 -90
v 105 10 -76
v 116 10 -90
v 116 10 -76
v 105 5 -76
v 105 5 -90
v 116 5 -76
v 116 5 -90
vt 0.83870965242385864 0
vt 0.83870965242385864 0.45161288976669312
vt 0.99853515625 0
vt 0.99853515625 0.45161288976669312
vt 0.16129031777381897 0.35483869910240173
vt 0.16129031777381897 0.70967739820480347
vt 0.32111579179763794 0.35483869910240173
vt 0.32111579179763794 0.70967739820480347
vt 0.67741936445236206 0
vt 0.67741936445236206 0.45161288976669312
vt 0.83724480867385864 0
vt 0.83724480867385864 0.45161288976669312
vt 0 0.35483869910240173
vt 0 0.70967739820480347
vt 0.15982547402381897 0.35483869910240173
vt 0.15982547402381897 0.70967739820480347
vt 0.32258063554763794 0.35483869910240173
vt 0.32258063554763794 0.80498677492141724
vt 0.67595452070236206 0.35483869910240173
vt 0.67595452070236206 0.80498677492141724
vt 0.45161288976669312 0
vt 0 0
vt 0.45161288976669312 0.35337385535240173
vt 0 0.35337385535240173
vn -1 0 0
vn -1 0 0
vn -1 0 0
vn -1 0 0
vn 0 0 -1
vn 0 0 -1
vn 0 0 -1
vn 0 0 -1
vn 1 0 0
vn 1 0 0
vn 1 0 0
vn 1 0 0
vn 0 0 1
vn 0 0 1
vn 0 0 1
vn 0 0 1
vn 0 1 0
vn 0 1 0
vn 0 1 0
vn 0 1 0
vn 0 -1 0
vn 0 -1 0
vn 0 -1 0
vn 0 -1 0
f 2882/2882/2882 2881/2881/2881 2883/2883/2883 2884/2884/2884
f 2886/2886/2886 2885/2885/2885 2887/2887/2887 2888/2888/2888
f 2890/2890/2890 2889/2889/2889 2891/2891/2891 2892/2892/2892
f 2894/2894/2894 2893/2893/2893 2895/2895/2895 2896/2896/2896
f 2898/2898/2898 2900/2900/2900 2899/2899/2899 2897/2897/2897
f 2902/2902/2902 2904/2904/2904 2903/2903/2903 2901/2901/2901
o object_119
v 116 5 -70
v 116 5 -90
v 116 10 -70
v 116 10 -90
v 116 5 -90
v 120 5 -90
v 116 10 -90
v 120 10 -90
v 120 5 -90
v 120 5 -70
v 120 10 -90
v 120 10 -70
v 120 5 -70
v 116 5 -70
v 120 10 -70
v 116 10 -70
v 116 10 -90
v 116 10 -70
v 120 10 -90
v 120 10 -70
v 116 5 -70
v 116 5 -90
v 120 5 -70
v 120 5 -90
vt 0.43478259444236755 0
vt 0.43478259444236755 0.86810034513473511
vt 0.65070909261703491 0
vt 0.65070909261703491 0.86810034513473511
vt 0 0.43478259444236755
vt 0 0.6086956262588501
vt 0.21592645347118378 0.43478259444236755
vt 0.21592645347118378 0.6086956262588501
vt 0.21739129722118378 0
vt 0.21739129722118378 0.86810034513473511
vt 0.43331775069236755 0
vt 0.43331775069236755 0.86810034513473511
vt 0 0
vt 0 0.17391304671764374
vt 0.21592645347118378 0
vt 0.21592645347118378 0.17391304671764374
vt 0.82608693838119507 0
vt 0.82608693838119507 0.86810034513473511
vt 0.99853515625 0
vt 0.99853515625 0.86810034513473511
vt 0.65217393636703491 0
vt 0.65217393636703491 0.86810034513473511
vt 0.82462209463119507 0
vt 0.82462209463119507 0.86810034513473511
vn -1 0 0
vn -1 0 0
vn -1 0 0
vn -1 0 0
vn 0 0 -1
vn 0 0 -1
vn 0 0 -1
vn 0 0 -1
vn 1 0 0
vn 1 0 0
vn 1 0 0
vn 1 0 0
vn 0 0 1
vn 0 0 1
vn 0 0 1
vn 0 0 1
vn 0 1 0
vn 0 1 0
vn 0 1 0
vn 0 1 0
vn 0 -1 0
vn 0 -1 0
vn 0 -1 0
vn 0 -1 0
f 2906/2906/2906 2905/2905/2905 2907/2907/2907 2908/2908/2908
f 2910/2910/2910 2909/2909/2909 2911/2911/2911 2912/2912/2912
f 2914/2914/2914 2913/2913/2913 2915/2915/2915 2916/2916/2916
f 2918/2918/2918 2917/2917/2917 2919/2919/2919 2920/2920/2920
f 2922/2922/2922 2924/2924/2924 2923/2923/2923 2921/2921/2921
f 2926/2926/2926 2928/2928/2928 2927/2927/2927 2925/2925/2925
o object_120
v 90 5 -85
v 90 5 -90
v 90 10 -85
v 90 10 -90
v 90 5 -90
v 75 5 -90
v 90 10 -90
v 75 10 -90
v 75 5 -90
v 75 5 -85
v 75 10 -90
v 75 10 -85
v 75 5 -85
v 90 5 -85
v 75 10 -85
v 90 10 -85
v 75 10 -85
v 75 10 -90
v 90 10 -85
v 90 10 -90
v 75 5 -90
v 75 5 -85
v 90 5 -90
v 90 5 -85
vt 0.25 0
vt 0.25 0.24853515625
vt 0.49853515625 0
vt 0.49853515625 0.24853515625
vt 0.25 0.25
vt 0.25 0.99853515625
vt 0.49853515625 0.25
vt 0.49853515625 0.99853515625
vt 0 0
vt 0 0.24853515625
vt 0.24853515625 0
vt 0.24853515625 0.24853515625
vt 0 0.25
vt 0 0.99853515625
vt 0.24853515625 0.25
vt 0.24853515625 0.99853515625
vt 0.99853515625 0
vt 0.75 0
vt 0.99853515625 0.75
vt 0.75 0.75
vt 0.74853515625 0
vt 0.5 0
vt 0.74853515625 0.75
vt 0.5 0.75
vn 1 0 0
vn 1 0 0
vn 1 0 0
vn 1 0 0
vn 0 0 -1
vn 0 0 -1
vn 0 0 -1
vn 0 0 -1
vn -1 0 0
vn -1 0 0
vn -1 0 0
vn -1 0 0
vn 0 0 1
vn 0 0 1
vn 0 0 1
vn 0 0 1
vn 0 1 0
vn 0 1 0
vn 0 1 0
vn 0 1 0
vn 0 -1 0
vn 0 -1 0
vn 0 -1 0
vn 0 -1 0
f 2930/2930/2930 2932/2932/2932 2931/2931/2931 2929/2929/2929
f 2934/2934/2934 2936/2936/2936 2935/2935/2935 2933/2933/2933
f 2938/2938/2938 2940/2940/2940 2939/2939/2939 2937/2937/2937
f 2942/2942/2942 2944/2944/2944 2943/2943/2943 2941/2941/2941
f 2946/2946/2946 2945/2945/2945 2947/2947/2947 2948/2948/2948
f 2950/2950/2950 2949/2949/2949 2951/2951/2951 2952/2952/2952
o object_121
v 90 5 -50
v 90 5 -63
v 90 10 -50
v 90 10 -63
v 90 5 -63
v 97 5 -63
v 90 10 -63
v 97 10 -63
v 97 5 -63
v 97 5 -50
v 97 10 -63
v 97 10 -50
v 97 5 -50
v 90 5 -50
v 97 10 -50
v 90 10 -50
v 90 10 -63
v 90 10 -50
v 97 10 -63
v 97 10 -50
v 90 5 -50
v 90 5 -63
v 97 5 -50
v 97 5 -63
vt 0.56521737575531006 0.21739129722118378
vt 0 0.21739129722118378
vt 0.56521737575531006 0.43331775069236755
vt 0 0.43331775069236755
vt 0.30288296937942505 0.71739131212234497
vt 0 0.71739131212234497
vt 0.30288296937942505 0.93478262424468994
vt 0 0.93478262424468994
vt 0.56521737575531006 0
vt 0 0
vt 0.56521737575531006 0.21592645347118378
vt 0 0.21592645347118378
vt 0.30288296937942505 0.43478259444236755
vt 0 0.43478259444236755
vt 0.30288296937942505 0.65217393636703491
vt 0 0.65217393636703491
vt 0.6086956262588501 0
vt 0.6086956262588501 0.56521737575531006
vt 0.91157865524291992 0
vt 0.91157865524291992 0.56521737575531006
vt 0.30434781312942505 0.43478259444236755
vt 0.30434781312942505 0.99853515625
vt 0.6072307825088501 0.43478259444236755
vt 0.6072307825088501 0.99853515625
vn -1 0 0
vn -1 0 0
vn -1 0 0
vn -1 0 0
vn 0 0 -1
vn 0 0 -1
vn 0 0 -1
vn 0 0 -1
vn 1 0 0
vn 1 0 0
vn 1 0 0
vn 1 0 0
vn 0 0 1
vn 0 0 1
vn 0 0 1
vn 0 0 1
vn 0 1 0
vn 0 1 0
vn 0 1 0
vn 0 1 0
vn 0 -1 0
vn 0 -1 0
vn 0 -1 0
vn 0 -1 0
f 2954/2954/2954 2953/2953/2953 2955/2955/2955 2956/2956/2956
f 2958/2958/2958 2957/2957/2957 2959/2959/2959 2960/2960/2960
f 2962/2962/2962 2961/2961/2961 2963/2963/2963 2964/2964/2964
f 2966/2966/2966 2965/2965/2965 2967/2967/2967 2968/2968/2968
f 2970/2970/2970 2972/2972/2972 2971/2971/2971 2969/2969/2969
f 2974/2974/2974 2976/2976/2976 2975/2975/2975 2973/2973/2973
o object_122
v 90 5 -90
v 90 5 -50
v 90 10 -90
v 90 10 -50
v 90 5 -50
v 120 5 -50
v 90 10 -50
v 120 10 -50
v 120 5 -50
v 120 5 -90
v 120 10 -50
v 120 10 -90
v 120 5 -90
v 90 5 -90
v 120 10 -90
v 90 10 -90
v 90 10 -50
v 90 10 -90
v 120 10 -50
v 120 10 -90
v 90 5 -90
v 90 5 -50
v 120 5 -90
v 120 5 -50
vt 0.25 0
vt 0.25 0.66666668653488159
vt 0.3318684995174408 0
vt 0.3318684995174408 0.66666668653488159
vt 0.083333335816860199 0
vt 0.083333335816860199 0.5
vt 0.1652018278837204 0
vt 0.1652018278837204 0.5
vt 0.1666666716337204 0
vt 0.1666666716337204 0.66666668653488159
vt 0.24853515625 0
vt 0.24853515625 0.66666668653488159
vt 0 0
vt 0 0.5
vt 0.081868492066860199 0
vt 0.081868492066860199 0.5
vt 0.99853515625 0.5
vt 0.3333333432674408 0.5
vt 0.99853515625 0.99853515625
vt 0.3333333432674408 0.99853515625
vt 0.99853515625 0
vt 0.3333333432674408 0
vt 0.99853515625 0.49853515625
vt 0.3333333432674408 0.49853515625
vn -1 0 0
vn -1 0 0
vn -1 0 0
vn -1 0 0
vn 0 0 1
vn 0 0 1
vn 0 0 1
vn 0 0 1
vn 1 0 0
vn 1 0 0
vn 1 0 0
vn 1 0 0
vn 0 0 -1
vn 0 0 -1
vn 0 0 -1
vn 0 0 -1
vn 0 1 0
vn 0 1 0
vn 0 1 0
vn 0 1 0
vn 0 -1 0
vn 0 -1 0
vn 0 -1 0
vn 0 -1 0
f 2978/2978/2978 2980/2980/2980 2979/2979/2979 2977/2977/2977
f 2982/2982/2982 2984/2984/2984 2983/2983/2983 2981/2981/2981
f 2986/2986/2986 2988/2988/2988 2987/2987/2987 2985/2985/2985
f 2990/2990/2990 2992/2992/2992 2991/2991/2991 2989/2989/2989
f 2994/2994/2994 2993/2993/2993 2995/2995/2995 2996/2996/2996
f 2998/2998/2998 2997/2997/2997 2999/2999/2999 3000/3000/3000
o object_123
v 90 5 -50
v 90 5 -63
v 90 10 -50
v 90 10 -63
v 90 5 -63
v 83 5 -63
v 90 10 -63
v 83 10 -63
v 83 5 -63
v 83 5 -50
v 83 10 -63
v 83 10 -50
v 83 5 -50
v 90 5 -50
v 83 10 -50
v 90 10 -50
v 83 10 -50
v 83 10 -63
v 90 10 -50
v 90 10 -63
v 83 5 -63
v 83 5 -50
v 90 5 -63
v 90 5 -50
vt 0.56521737575531006 0.21739129722118378
vt 0 0.21739129722118378
vt 0.56521737575531006 0.43331775069236755
vt 0 0.43331775069236755
vt 0.30288296937942505 0.71739131212234497
vt 0 0.71739131212234497
vt 0.30288296937942505 0.93478262424468994
vt 0 0.93478262424468994
vt 0.56521737575531006 0
vt 0 0
vt 0.56521737575531006 0.21592645347118378
vt 0 0.21592645347118378
vt 0.30288296937942505 0.43478259444236755
vt 0 0.43478259444236755
vt 0.30288296937942505 0.65217393636703491
vt 0 0.65217393636703491
vt 0.6086956262588501 0
vt 0.6086956262588501 0.56521737575531006
vt 0.91157865524291992 0
vt 0.91157865524291992 0.56521737575531006
vt 0.30434781312942505 0.43478259444236755
vt 0.30434781312942505 0.99853515625
vt 0.6072307825088501 0.43478259444236755
vt 0.6072307825088501 0.99853515625
vn 1 0 0
vn 1 0 0
vn 1 0 0
vn 1 0 0
vn 0 0 -1
vn 0 0 -1
vn 0 0 -1
vn 0 0 -1
vn -1 0 0
vn -1 0 0
vn -1 0 0
vn -1 0 0
vn 0 0 1
vn 0 0 1
vn 0 0 1
vn 0 0 1
vn 0 1 0
vn 0 1 0
vn 0 1 0
vn 0 1 0
vn 0 -1 0
vn 0 -1 0
vn 0 -1 0
vn 0 -1 0
f 3002/3002/3002 3004/3004/3004 3003/3003/3003 3001/3001/3001
f 3006/3006/3006 3008/3008/3008 3007/3007/3007 3005/3005/3005
f 3010/3010/3010 3012/3012/3012 3011/3011/3011 3009/3009/3009
f 3014/3014/3014 3016/3016/3016 3015/3015/3015 3013/3013/3013
f 3018/3018/3018 3017/3017/3017 3019/3019/3019 3020/3020/3020
f 3022/3022/3022 3021/3021/3021 3023/3023/3023 3024/3024/3024
o object_124
v 75 5 -50
v 75 5 -64
v 75 10 -50
v 75 10 -64
v 75 5 -64
v 70 5 -64
v 75 10 -64
v 70 10 -64
v 70 5 -64
v 70 5 -50
v 70 10 -64
v 70 10 -50
v 70 5 -50
v 75 5 -50
v 70 10 -50
v 75 10 -50
v 70 10 -50
v 70 10 -64
v 75 10 -50
v 75 10 -64
v 70 5 -64
v 70 5 -50
v 75 5 -64
v 75 5 -50
vt 0.25 0.25
vt 0.25 0.94853514432907104
vt 0.49853515625 0.25
vt 0.49853515625 0.94853514432907104
vt 0.25 0
vt 0.25 0.24853515625
vt 0.49853515625 0
vt 0.49853515625 0.24853515625
vt 0 0.25
vt 0 0.94853514432907104
vt 0.24853515625 0.25
vt 0.24853515625 0.94853514432907104
vt 0 0
vt 0 0.24853515625
vt 0.24853515625 0
vt 0.24853515625 0.24853515625
vt 0.75 0
vt 0.75 0.69999998807907104
vt 0.99853515625 0
vt 0.99853515625 0.69999998807907104
vt 0.5 0
vt 0.5 0.69999998807907104
vt 0.74853515625 0
vt 0.74853515625 0.69999998807907104
vn 1 0 0
vn 1 0 0
vn 1 0 0
vn 1 0 0
vn 0 0 -1
vn 0 0 -1
vn 0 0 -1
vn 0 0 -1
vn -1 0 0
vn -1 0 0
vn -1 0 0
vn -1 0 0
vn 0 0 1
vn 0 0 1
vn 0 0 1
vn 0 0 1
vn 0 1 0
vn 0 1 0
vn 0 1 0
vn 0 1 0
vn 0 -1 0
vn 0 -1 0
vn 0 -1 0
vn 0 -1 0
f 3026/3026/3026 3028/3028/3028 3027/3027/3027 3025/3025/3025
f 3030/3030/3030 3032/3032/3032 3031/3031/3031 3029/3029/3029
f 3034/3034/3034 3036/3036/3036 3035/3035/3035 3033/3033/3033
f 3038/3038/3038 3040/3040/3040 3039/3039/3039 3037/3037/3037
f 3042/3042/3042 3041/3041/3041 3043/3043/3043 3044/3044/3044
f 3046/3046/3046 3045/3045/3045 3047/3047/3047 3048/3048/3048
o object_125
v 64 5 -70
v 64 5 -90
v 64 10 -70
v 64 10 -90
v 64 5 -90
v 60 5 -90
v 64 10 -90
v 60 10 -90
v 60 5 -90
v 60 5 -70
v 60 10 -90
v 60 10 -70
v 60 5 -70
v 64 5 -70
v 60 10 -70
v 64 10 -70
v 60 10 -70
v 60 10 -90
v 64 10 -70
v 64 10 -90
v 60 5 -90
v 60 5 -70
v 64 5 -90
v 64 5 -70
vt 0.43478259444236755 0
vt 0.43478259444236755 0.86810034513473511
vt 0.65070909261703491 0
vt 0.65070909261703491 0.86810034513473511
vt 0 0.43478259444236755
vt 0 0.6086956262588501
vt 0.21592645347118378 0.43478259444236755
vt 0.21592645347118378 0.6086956262588501
vt 0.21739129722118378 0
vt 0.21739129722118378 0.86810034513473511
vt 0.43331775069236755 0
vt 0.43331775069236755 0.86810034513473511
vt 0 0
vt 0 0.17391304671764374
vt 0.21592645347118378 0
vt 0.21592645347118378 0.17391304671764374
vt 0.82608693838119507 0
vt 0.82608693838119507 0.86810034513473511
vt 0.99853515625 0
vt 0.99853515625 0.86810034513473511
vt 0.65217393636703491 0
vt 0.65217393636703491 0.86810034513473511
vt 0.82462209463119507 0
vt 0.82462209463119507 0.86810034513473511
vn 1 0 0
vn 1 0 0
vn 1 0 0
vn 1 0 0
vn 0 0 -1
vn 0 0 -1
vn 0 0 -1
vn 0 0 -1
vn -1 0 0
vn -1 0 0
vn -1 0 0
vn -1 0 0
vn 0 0 1
vn 0 0 1
vn 0 0 1
vn 0 0 1
vn 0 1 0
vn 0 1 0
vn 0 1 0
vn 0 1 0
vn 0 -1 0
vn 0 -1 0
vn 0 -1 0
vn 0 -1 0
f 3050/3050/3050 3052/3052/3052 3051/3051/3051 3049/3049/3049
f 3054/3054/3054 3056/3056/3056 3055/3055/3055 3053/3053/3053
f 3058/3058/3058 3060/3060/3060 3059/3059/3059 3057/3057/3057
f 3062/3062/3062 3064/3064/3064 3063/3063/3063 3061/3061/3061
f 3066/3066/3066 3065/3065/3065 3067/3067/3067 3068/3068/3068
f 3070/3070/3070 3069/3069/3069 3071/3071/3071 3072/3072/3072
o object_126
v 75 5 -50
v 75 5 -70
v 75 10 -50
v 75 10 -70
v 75 5 -70
v 60 5 -70
v 75 10 -70
v 60 10 -70
v 60 5 -70
v 60 5 -50
v 60 10 -70
v 60 10 -50
v 60 5 -50
v 75 5 -50
v 60 10 -50
v 75 10 -50
v 60 10 -50
v 60 10 -70
v 75 10 -50
v 75 10 -70
v 60 5 -70
v 60 5 -50
v 75 5 -70
v 75 5 -50
vt 0.8571428656578064 0
vt 0.8571428656578064 0.57142859697341919
vt 0.99853515625 0
vt 0.99853515625 0.57142859697341919
vt 0.1428571492433548 0.4285714328289032
vt 0.1428571492433548 0.8571428656578064
vt 0.28424945473670959 0.4285714328289032
vt 0.28424945473670959 0.8571428656578064
vt 0.71428573131561279 0
vt 0.71428573131561279 0.57142859697341919
vt 0.8556780219078064 0
vt 0.8556780219078064 0.57142859697341919
vt 0 0.4285714328289032
vt 0 0.8571428656578064
vt 0.1413923054933548 0.4285714328289032
vt 0.1413923054933548 0.8571428656578064
vt 0.28571429848670959 0.4285714328289032
vt 0.28571429848670959 0.99853515625
vt 0.71282088756561279 0.4285714328289032
vt 0.71282088756561279 0.99853515625
vt 0.57142859697341919 0
vt 0 0
vt 0.57142859697341919 0.4271065890789032
vt 0 0.4271065890789032
vn 1 0 0
vn 1 0 0
vn 1 0 0
vn 1 0 0
vn 0 0 -1
vn 0 0 -1
vn 0 0 -1
vn 0 0 -1
vn -1 0 0
vn -1 0 0
vn -1 0 0
vn -1 0 0
vn 0 0 1
vn 0 0 1
vn 0 0 1
vn 0 0 1
vn 0 1 0
vn 0 1 0
vn 0 1 0
vn 0 1 0
vn 0 -1 0
vn 0 -1 0
vn 0 -1 0
vn 0 -1 0
f 3074/3074/3074 3076/3076/3076 3075/3075/3075 3073/3073/3073
f 3078/3078/3078 3080/3080/3080 3079/3079/3079 3077/3077/3077
f 3082/3082/3082 3084/3084/3084 3083/3083/3083 3081/3081/3081
f 3086/3086/3086 3088/3088/3088 3087/3087/3087 3085/3085/3085
f 3090/3090/3090 3089/3089/3089 3091/3091/3091 3092/3092/3092
f 3094/3094/3094 3093/3093/3093 3095/3095/3095 3096/3096/3096
o object_127
v 75 5 -76
v 75 5 -90
v 75 10 -76
v 75 10 -90
v 75 5 -90
v 64 5 -90
v 75 10 -90
v 64 10 -90
v 64 5 -90
v 64 5 -76
v 64 10 -90
v 64 10 -76
v 64 5 -76
v 75 5 -76
v 64 10 -76
v 75 10 -76
v 64 10 -76
v 64 10 -90
v 75 10 -76
v 75 10 -90
v 64 5 -90
v 64 5 -76
v 75 5 -90
v 75 5 -76
vt 0.83870965242385864 0
vt 0.83870965242385864 0.45161288976669312
vt 0.99853515625 0
vt 0.99853515625 0.45161288976669312
vt 0.16129031777381897 0.35483869910240173
vt 0.16129031777381897 0.70967739820480347
vt 0.32111579179763794 0.35483869910240173
vt 0.32111579179763794 0.70967739820480347
vt 0.67741936445236206 0
vt 0.67741936445236206 0.45161288976669312
vt 0.83724480867385864 0
vt 0.83724480867385864 0.45161288976669312
vt 0 0.35483869910240173
vt 0 0.70967739820480347
vt 0.15982547402381897 0.35483869910240173
vt 0.15982547402381897 0.70967739820480347
vt 0.32258063554763794 0.35483869910240173
vt 0.32258063554763794 0.80498677492141724
vt 0.67595452070236206 0.35483869910240173
vt 0.67595452070236206 0.80498677492141724
vt 0.45161288976669312 0
vt 0 0
vt 0.45161288976669312 0.35337385535240173
vt 0 0.35337385535240173
vn 1 0 0
vn 1 0 0
vn 1 0 0
vn 1 0 0
vn 0 0 -1
vn 0 0 -1
vn 0 0 -1
vn 0 0 -1
vn -1 0 0
vn -1 0 0
vn -1 0 0
vn -1 0 0
vn 0 0 1
vn 0 0 1
vn 0 0 1
vn 0 0 1
vn 0 1 0
vn 0 1 0
vn 0 1 0
vn 0 1 0
vn 0 -1 0
vn 0 -1 0
vn 0 -1 0
vn 0 -1 0
f 3098/3098/3098 3100/3100/3100 3099/3099/3099 3097/3097/3097
f 3102/3102/3102 3104/3104/3104 3103/3103/3103 3101/3101/3101
f 3106/3106/3106 3108/3108/3108 3107/3107/3107 3105/3105/3105
f 3110/3110/3110 3112/3112/3112 3111/3111/3111 3109/3109/3109
f 3114/3114/3114 3113/3113/3113 3115/3115/3115 3116/3116/3116
f 3118/3118/3118 3117/3117/3117 3119/3119/3119 3120/3120/3120
o object_128
v 60 5 -90
v 60 5 -50
v 60 10 -90
v 60 10 -50
v 60 5 -50
v 90 5 -50
v 60 10 -50
v 90 10 -50
v 90 5 -50
v 90 5 -90
v 90 10 -50
v 90 10 -90
v 90 5 -90
v 60 5 -90
v 90 10 -90
v 60 10 -90
v 60 10 -50
v 60 10 -90
v 90 10 -50
v 90 10 -90
v 60 5 -90
v 60 5 -50
v 90 5 -90
v 90 5 -50
vt 0.25 0
vt 0.25 0.66666668653488159
vt 0.3318684995174408 0
vt 0.3318684995174408 0.66666668653488159
vt 0.083333335816860199 0
vt 0.083333335816860199 0.5
vt 0.1652018278837204 0
vt 0.1652018278837204 0.5
vt 0.1666666716337204 0
vt 0.1666666716337204 0.66666668653488159
vt 0.24853515625 0
vt 0.24853515625 0.66666668653488159
vt 0 0
vt 0 0.5
vt 0.081868492066860199 0
vt 0.081868492066860199 0.5
vt 0.99853515625 0.5
vt 0.3333333432674408 0.5
vt 0.99853515625 0.99853515625
vt 0.3333333432674408 0.99853515625
vt 0.99853515625 0
vt 0.3333333432674408 0
vt 0.99853515625 0.49853515625
vt 0.3333333432674408 0.49853515625
vn -1 0 0
vn -1 0 0
vn -1 0 0
vn -1 0 0
vn 0 0 1
vn 0 0 1
vn 0 0 1
vn 0 0 1
vn 1 0 0
vn 1 0 0
vn 1 0 0
vn 1 0 0
vn 0 0 -1
vn 0 0 -1
vn 0 0 -1
vn 0 0 -1
vn 0 1 0
vn 0 1 0
vn 0 1 0
vn 0 1 0
vn 0 -1 0
vn 0 -1 0
vn 0 -1 0
vn 0 -1 0
f 3122/3122/3122 3124/3124/3124 3123/3123/3123 3121/3121/3121
f 3126/3126/3126 3128/3128/3128 3127/3127/3127 3125/3125/3125
f 3130/3130/3130 3132/3132/3132 3131/3131/3131 3129/3129/3129
f 3134/3134/3134 3136/3136/3136 3135/3135/3135 3133/3133/3133
f 3138/3138/3138 3137/3137/3137 3139/3139/3139 3140/3140/3140
f 3142/3142/3142 3141/3141/3141 3143/3143/3143 3144/3144/3144
o object_129
v 30 5 -85
v 30 5 -90
v 30 10 -85
v 30 10 -90
v 30 5 -90
v 45 5 -90
v 30 10 -90
v 45 10 -90
v 45 5 -90
v 45 5 -85
v 45 10 -90
v 45 10 -85
v 45 5 -85
v 30 5 -85
v 45 10 -85
v 30 10 -85
v 30 10 -90
v 30 10 -85
v 45 10 -90
v 45 10 -85
v 30 5 -85
v 30 5 -90
v 45 5 -85
v 45 5 -90
vt 0.25 0
vt 0.25 0.24853515625
vt 0.49853515625 0
vt 0.49853515625 0.24853515625
vt 0.25 0.25
vt 0.25 0.99853515625
vt 0.49853515625 0.25
vt 0.49853515625 0.99853515625
vt 0 0
vt 0 0.24853515625
vt 0.24853515625 0
vt 0.24853515625 0.24853515625
vt 0 0.25
vt 0 0.99853515625
vt 0.24853515625 0.25
vt 0.24853515625 0.99853515625
vt 0.99853515625 0
vt 0.75 0
vt 0.99853515625 0.75
vt 0.75 0.75
vt 0.74853515625 0
vt 0.5 0
vt 0.74853515625 0.75
vt 0.5 0.75
vn -1 0 0
vn -1 0 0
vn -1 0 0
vn -1 0 0
vn 0 0 -1
vn 0 0 -1
vn 0 0 -1
vn 0 0 -1
vn 1 0 0
vn 1 0 0
vn 1 0 0
vn 1 0 0
vn 0 0 1
vn 0 0 1
vn 0 0 1
vn 0 0 1
vn 0 1 0
vn 0 1 0
vn 0 1 0
vn 0 1 0
vn 0 -1 0
vn 0 -1 0
vn 0 -1 0
vn 0 -1 0
f 3146/3146/3146 3145/3145/3145 3147/3147/3147 3148/3148/3148
f 3150/3150/3150 3149/3149/3149 3151/3151/3151 3152/3152/3152
f 3154/3154/3154 3153/3153/3153 3155/3155/3155 3156/3156/3156
f 3158/3158/3158 3157/3157/3157 3159/3159/3159 3160/3160/3160
f 3162/3162/3162 3164/3164/3164 3163/3163/3163 3161/3161/3161
f 3166/3166/3166 3168/3168/3168 3167/3167/3167 3165/3165/3165
o object_130
v 45 5 -76
v 45 5 -90
v 45 10 -76
v 45 10 -90
v 45 5 -90
v 56 5 -90
v 45 10 -90
v 56 10 -90
v 56 5 -90
v 56 5 -76
v 56 10 -90
v 56 10 -76
v 56 5 -76
v 45 5 -76
v 56 10 -76
v 45 10 -76
v 45 10 -90
v 45 10 -76
v 56 10 -90
v 56 10 -76
v 45 5 -76
v 45 5 -90
v 56 5 -76
v 56 5 -90
vt 0.83870965242385864 0
vt 0.83870965242385864 0.45161288976669312
vt 0.99853515625 0
vt 0.99853515625 0.45161288976669312
vt 0.16129031777381897 0.35483869910240173
vt 0.16129031777381897 0.70967739820480347
vt 0.32111579179763794 0.35483869910240173
vt 0.32111579179763794 0.70967739820480347
vt 0.67741936445236206 0
vt 0.67741936445236206 0.45161288976669312
vt 0.83724480867385864 0
vt 0.83724480867385864 0.45161288976669312
vt 0 0.35483869910240173
vt 0 0.70967739820480347
vt 0.15982547402381897 0.35483869910240173
vt 0.15982547402381897 0.70967739820480347
vt 0.32258063554763794 0.35483869910240173
vt 0.32258063554763794 0.80498677492141724
vt 0.67595452070236206 0.35483869910240173
vt 0.67595452070236206 0.80498677492141724
vt 0.45161288976669312 0
vt 0 0
vt 0.45161288976669312 0.35337385535240173
vt 0 0.35337385535240173
vn -1 0 0
vn -1 0 0
vn -1 0 0
vn -1 0 0
vn 0 0 -1
vn 0 0 -1
vn 0 0 -1
vn 0 0 -1
vn 1 0 0
vn 1 0 0
vn 1 0 0
vn 1 0 0
vn 0 0 1
vn 0 0 1
vn 0 0 1
vn 0 0 1
vn 0 1 0
vn 0 1 0
vn 0 1 0
vn 0 1 0
vn 0 -1 0
vn 0 -1 0
vn 0 -1 0
vn 0 -1 0
f 3170/3170/3170 3169/3169/3169 3171/3171/3171 3172/3172/3172
f 3174/3174/3174 3173/3173/3173 3175/3175/3175 3176/3176/3176
f 3178/3178/3178 3177/3177/3177 3179/3179/3179 3180/3180/3180
f 3182/3182/3182 3181/3181/3181 3183/3183/3183 3184/3184/3184
f 3186/3186/3186 3188/3188/3188 3187/3187/3187 3185/3185/3185
f 3190/3190/3190 3192/3192/3192 3191/3191/3191 3189/3189/3189
o object_131
v 45 5 -50
v 45 5 -64
v 45 10 -50
v 45 10 -64
v 45 5 -64
v 50 5 -64
v 45 10 -64
v 50 10 -64
v 50 5 -64
v 50 5 -50
v 50 10 -64
v 50 10 -50
v 50 5 -50
v 45 5 -50
v 50 10 -50
v 45 10 -50
v 45 10 -64
v 45 10 -50
v 50 10 -64
v 50 10 -50
v 45 5 -50
v 45 5 -64
v 50 5 -50
v 50 5 -64
vt 0.25 0.25
vt 0.25 0.94853514432907104
vt 0.49853515625 0.25
vt 0.49853515625 0.94853514432907104
vt 0.25 0
vt 0.25 0.24853515625
vt 0.49853515625 0
vt 0.49853515625 0.24853515625
vt 0 0.25
vt 0 0.94853514432907104
vt 0.24853515625 0.25
vt 0.24853515625 0.94853514432907104
vt 0 0
vt 0 0.24853515625
vt 0.24853515625 0
vt 0.24853515625 0.24853515625
vt 0.75 0
vt 0.75 0.69999998807907104
vt 0.99853515625 0
vt 0.99853515625 0.69999998807907104
vt 0.5 0
vt 0.5 0.69999998807907104
vt 0.74853515625 0
vt 0.74853515625 0.69999998807907104
vn -1 0 0
vn -1 0 0
vn -1 0 0
vn -1 0 0
vn 0 0 -1
vn 0 0 -1
vn 0 0 -1
vn 0 0 -1
vn 1 0 0
vn 1 0 0
vn 1 0 0
vn 1 0 0
vn 0 0 1
vn 0 0 1
vn 0 0 1
vn 0 0 1
vn 0 1 0
vn 0 1 0
vn 0 1 0
vn 0 1 0
vn 0 -1 0
vn 0 -1 0
vn 0 -1 0
vn 0 -1 0
f 3194/3194/3194 3193/3193/3193 3195/3195/3195 3196/3196/3196
f 3198/3198/3198 3197/3197/3197 3199/3199/3199 3200/3200/3200
f 3202/3202/3202 3201/3201/3201 3203/3203/3203 3204/3204/3204
f 3206/3206/3206 3205/3205/3205 3207/3207/3207 3208/3208/3208
f 3210/3210/3210 3212/3212/3212 3211/3211/3211 3209/3209/3209
f 3214/3214/3214 3216/3216/3216 3215/3215/3215 3213/3213/3213
o object_132
v 30 5 -50
v 30 5 -63
v 30 10 -50
v 30 10 -63
v 30 5 -63
v 37 5 -63
v 30 10 -63
v 37 10 -63
v 37 5 -63
v 37 5 -50
v 37 10 -63
v 37 10 -50
v 37 5 -50
v 30 5 -50
v 37 10 -50
v 30 10 -50
v 30 10 -63
v 30 10 -50
v 37 10 -63
v 37 10 -50
v 30 5 -50
v 30 5 -63
v 37 5 -50
v 37 5 -63
vt 0.56521737575531006 0.21739129722118378
vt 0 0.21739129722118378
vt 0.56521737575531006 0.43331775069236755
vt 0 0.43331775069236755
vt 0.30288296937942505 0.71739131212234497
vt 0 0.71739131212234497
vt 0.30288296937942505 0.93478262424468994
vt 0 0.93478262424468994
vt 0.56521737575531006 0
vt 0 0
vt 0.56521737575531006 0.21592645347118378
vt 0 0.21592645347118378
vt 0.30288296937942505 0.43478259444236755
vt 0 0.43478259444236755
vt 0.30288296937942505 0.65217393636703491
vt 0 0.65217393636703491
vt 0.6086956262588501 0
vt 0.6086956262588501 0.56521737575531006
vt 0.91157865524291992 0
vt 0.91157865524291992 0.56521737575531006
vt 0.30434781312942505 0.43478259444236755
vt 0.30434781312942505 0.99853515625
vt 0.6072307825088501 0.43478259444236755
vt 0.6072307825088501 0.99853515625
vn -1 0 0
vn -1 0 0
vn -1 0 0
vn -1 0 0
vn 0 0 -1
vn 0 0 -1
vn 0 0 -1
vn 0 0 -1
vn 1 0 0
vn 1 0 0
vn 1 0 0
vn 1 0 0
vn 0 0 1
vn 0 0 1
vn 0 0 1
vn 0 0 1
vn 0 1 0
vn 0 1 0
vn 0 1 0
vn 0 1 0
vn 0 -1 0
vn 0 -1 0
vn 0 -1 0
vn 0 -1 0
f 3218/3218/3218 3217/3217/3217 3219/3219/3219 3220/3220/3220
f 3222/3222/3222 3221/3221/3221 3223/3223/3223 3224/3224/3224
f 3226/3226/3226 3225/3225/3225 3227/3227/3227 3228/3228/3228
f 3230/3230/3230 3229/3229/3229 3231/3231/3231 3232/3232/3232
f 3234/3234/3234 3236/3236/3236 3235/3235/3235 3233/3233/3233
f 3238/3238/3238 3240/3240/3240 3239/3239/3239 3237/3237/3237
o object_133
v 45 5 -50
v 45 5 -70
v 45 10 -50
v 45 10 -70
v 45 5 -70
v 60 5 -70
v 45 10 -70
v 60 10 -70
v 60 5 -70
v 60 5 -50
v 60 10 -70
v 60 10 -50
v 60 5 -50
v 45 5 -50
v 60 10 -50
v 45 10 -50
v 45 10 -70
v 45 10 -50
v 60 10 -70
v 60 10 -50
v 45 5 -50
v 45 5 -70
v 60 5 -50
v 60 5 -70
vt 0.8571428656578064 0
vt 0.8571428656578064 0.57142859697341919
vt 0.99853515625 0
vt 0.99853515625 0.57142859697341919
vt 0.1428571492433548 0.4285714328289032
vt 0.1428571492433548 0.8571428656578064
vt 0.28424945473670959 0.4285714328289032
vt 0.28424945473670959 0.8571428656578064
vt 0.71428573131561279 0
vt 0.71428573131561279 0.57142859697341919
vt 0.8556780219078064 0
vt 0.8556780219078064 0.57142859697341919
vt 0 0.4285714328289032
vt 0 0.8571428656578064
vt 0.1413923054933548 0.4285714328289032
vt 0.1413923054933548 0.8571428656578064
vt 0.28571429848670959 0.4285714328289032
vt 0.28571429848670959 0.99853515625
vt 0.71282088756561279 0.4285714328289032
vt 0.71282088756561279 0.99853515625
vt 0.57142859697341919 0
vt 0 0
vt 0.57142859697341919 0.4271065890789032
vt 0 0.4271065890789032
vn -1 0 0
vn -1 0 0
vn -1 0 0
vn -1 0 0
vn 0 0 -1
vn 0 0 -1
vn 0 0 -1
vn 0 0 -1
vn 1 0 0
vn 1 0 0
vn 1 0 0
vn 1 0 0
vn 0 0 1
vn 0 0 1
vn 0 0 1
vn 0 0 1
vn 0 1 0
vn 0 1 0
vn 0 1 0
vn 0 1 0
vn 0 -1 0
vn 0 -1 0
vn 0 -1 0
vn 0 -1 0
f 3242/3242/3242 3241/3241/3241 3243/3243/3243 3244/3244/3244
f 3246/3246/3246 3245/3245/3245 3247/3247/3247 3248/3248/3248
f 3250/3250/3250 3249/3249/3249 3251/3251/3251 3252/3252/3252
f 3254/3254/3254 3253/3253/3253 3255/3255/3255 3256/3256/3256
f 3258/3258/3258 3260/3260/3260 3259/3259/3259 3257/3257/3257
f 3262/3262/3262 3264/3264/3264 3263/3263/3263 3261/3261/3261
o object_134
v 90 5 -5
v 90 5 0
v 90 10 -5
v 90 10 0
v 90 5 0
v 75 5 0
v 90 10 0
v 75 10 0
v 75 5 0
v 75 5 -5
v 75 10 0
v 75 10 -5
v 75 5 -5
v 90 5 -5
v 75 10 -5
v 90 10 -5
v 75 10 -5
v 75 10 0
v 90 10 -5
v 90 10 0
v 75 5 0
v 75 5 -5
v 90 5 0
v 90 5 -5
vt 0.25 0
vt 0.25 0.24853515625
vt 0.49853515625 0
vt 0.49853515625 0.24853515625
vt 0.25 0.25
vt 0.25 0.99853515625
vt 0.49853515625 0.25
vt 0.49853515625 0.99853515625
vt 0 0
vt 0 0.24853515625
vt 0.24853515625 0
vt 0.24853515625 0.24853515625
vt 0 0.25
vt 0 0.99853515625
vt 0.24853515625 0.25
vt 0.24853515625 0.99853515625
vt 0.99853515625 0
vt 0.75 0
vt 0.99853515625 0.75
vt 0.75 0.75
vt 0.74853515625 0
vt 0.5 0
vt 0.74853515625 0.75
vt 0.5 0.75
vn 1 0 0
vn 1 0 0
vn 1 0 0
vn 1 0 0
vn 0 0 1
vn 0 0 1
vn 0 0 1
vn 0 0 1
vn -1 0 0
vn -1 0 0
vn -1 0 0
vn -1 0 0
vn 0 0 -1
vn 0 0 -1
vn 0 0 -1
vn 0 0 -1
vn 0 1 0
vn 0 1 0
vn 0 1 0
vn 0 1 0
vn 0 -1 0
vn 0 -1 0
vn 0 -1 0
vn 0 -1 0
f 3266/3266/3266 3265/3265/3265 3267/3267/3267 3268/3268/3268
f 3270/3270/3270 3269/3269/3269 3271/3271/3271 3272/3272/3272
f 3274/3274/3274 3273/3273/3273 3275/3275/3275 3276/3276/3276
f 3278/3278/3278 3277/3277/3277 3279/3279/3279 3280/3280/3280
f 3282/3282/3282 3284/3284/3284 3283/3283/3283 3281/3281/3281
f 3286/3286/3286 3288/3288/3288 3287/3287/3287 3285/3285/3285
o object_135
v 150 5 -40
v 150 5 -27
v 150 10 -40
v 150 10 -27
v 150 5 -27
v 143 5 -27
v 150 10 -27
v 143 10 -27
v 143 5 -27
v 143 5 -40
v 143 10 -27
v 143 10 -40
v 143 5 -40
v 150 5 -40
v 143 10 -40
v 150 10 -40
v 143 10 -40
v 143 10 -27
v 150 10 -40
v 150 10 -27
v 143 5 -27
v 143 5 -40
v 150 5 -27
v 150 5 -40
vt 0.56521737575531006 0.21739129722118378
vt 0 0.21739129722118378
vt 0.56521737575531006 0.43331775069236755
vt 0 0.43331775069236755
vt 0.30288296937942505 0.71739131212234497
vt 0 0.71739131212234497
vt 0.30288296937942505 0.93478262424468994
vt 0 0.93478262424468994
vt 0.56521737575531006 0
vt 0 0
vt 0.56521737575531006 0.21592645347118378
vt 0 0.21592645347118378
vt 0.30288296937942505 0.43478259444236755
vt 0 0.43478259444236755
vt 0.30288296937942505 0.65217393636703491
vt 0 0.65217393636703491
vt 0.6086956262588501 0
vt 0.6086956262588501 0.56521737575531006
vt 0.91157865524291992 0
vt 0.91157865524291992 0.56521737575531006
vt 0.30434781312942505 0.43478259444236755
vt 0.30434781312942505 0.99853515625
vt 0.6072307825088501 0.43478259444236755
vt 0.6072307825088501 0.99853515625
vn 1 0 0
vn 1 0 0
vn 1 0 0
vn 1 0 0
vn 0 0 1
vn 0 0 1
vn 0 0 1
vn 0 0 1
vn -1 0 0
vn -1 0 0
vn -1 0 0
vn -1 0 0
vn 0 0 -1
vn 0 0 -1
vn 0 0 -1
vn 0 0 -1
vn 0 1 0
vn 0 1 0
vn 0 1 0
vn 0 1 0
vn 0 -1 0
vn 0 -1 0
vn 0 -1 0
vn 0 -1 0
f 3290/3290/3290 3289/3289/3289 3291/3291/3291 3292/3292/3292
f 3294/3294/3294 3293/3293/3293 3295/3295/3295 3296/3296/3296
f 3298/3298/3298 3297/3297/3297 3299/3299/3299 3300/3300/3300
f 3302/3302/3302 3301/3301/3301 3303/3303/3303 3304/3304/3304
f 3306/3306/3306 3308/3308/3308 3307/3307/3307 3305/3305/3305
f 3310/3310/3310 3312/3312/3312 3311/3311/3311 3309/3309/3309
o object_136
v 135 5 -40
v 135 5 -26
v 135 10 -40
v 135 10 -26
v 135 5 -26
v 130 5 -26
v 135 10 -26
v 130 10 -26
v 130 5 -26
v 130 5 -40
v 130 10 -26
v 130 10 -40
v 130 5 -40
v 135 5 -40
v 130 10 -40
v 135 10 -40
v 130 10 -40
v 130 10 -26
v 135 10 -40
v 135 10 -26
v 130 5 -26
v 130 5 -40
v 135 5 -26
v 135 5 -40
vt 0.25 0.25
vt 0.25 0.94853514432907104
vt 0.49853515625 0.25
vt 0.49853515625 0.94853514432907104
vt 0.25 0
vt 0.25 0.24853515625
vt 0.49853515625 0
vt 0.49853515625 0.24853515625
vt 0 0.25
vt 0 0.94853514432907104
vt 0.24853515625 0.25
vt 0.24853515625 0.94853514432907104
vt 0 0
vt 0 0.24853515625
vt 0.24853515625 0
vt 0.24853515625 0.24853515625
vt 0.75 0
vt 0.75 0.69999998807907104
vt 0.99853515625 0
vt 0.99853515625 0.69999998807907104
vt 0.5 0
vt 0.5 0.69999998807907104
vt 0.74853515625 0
vt 0.74853515625 0.69999998807907104
vn 1 0 0
vn 1 0 0
vn 1 0 0
vn 1 0 0
vn 0 0 1
vn 0 0 1
vn 0 0 1
vn 0 0 1
vn -1 0 0
vn -1 0 0
vn -1 0 0
vn -1 0 0
vn 0 0 -1
vn 0 0 -1
vn 0 0 -1
vn 0 0 -1
vn 0 1 0
vn 0 1 0
vn 0 1 0
vn 0 1 0
vn 0 -1 0
vn 0 -1 0
vn 0 -1 0
vn 0 -1 0
f 3314/3314/3314 3313/3313/3313 3315/3315/3315 3316/3316/3316
f 3318/3318/3318 3317/3317/3317 3319/3319/3319 3320/3320/3320
f 3322/3322/3322 3321/3321/3321 3323/3323/3323 3324/3324/3324
f 3326/3326/3326 3325/3325/3325 3327/3327/3327 3328/3328/3328
f 3330/3330/3330 3332/3332/3332 3331/3331/3331 3329/3329/3329
f 3334/3334/3334 3336/3336/3336 3335/3335/3335 3333/3333/3333
o object_137
v 150 5 -5
v 150 5 0
v 150 10 -5
v 150 10 0
v 150 5 0
v 135 5 0
v 150 10 0
v 135 10 0
v 135 5 0
v 135 5 -5
v 135 10 0
v 135 10 -5
v 135 5 -5
v 150 5 -5
v 135 10 -5
v 150 10 -5
v 135 10 -5
v 135 10 0
v 150 10 -5
v 150 10 0
v 135 5 0
v 135 5 -5
v 150 5 0
v 150 5 -5
vt 0.25 0
vt 0.25 0.24853515625
vt 0.49853515625 0
vt 0.49853515625 0.24853515625
vt 0.25 0.25
vt 0.25 0.99853515625
vt 0.49853515625 0.25
vt 0.49853515625 0.99853515625
vt 0 0
vt 0 0.24853515625
vt 0.24853515625 0
vt 0.24853515625 0.24853515625
vt 0 0.25
vt 0 0.99853515625
vt 0.24853515625 0.25
vt 0.24853515625 0.99853515625
vt 0.99853515625 0
vt 0.75 0
vt 0.99853515625 0.75
vt 0.75 0.75
vt 0.74853515625 0
vt 0.5 0
vt 0.74853515625 0.75
vt 0.5 0.75
vn 1 0 0
vn 1 0 0
vn 1 0 0
vn 1 0 0
vn 0 0 1
vn 0 0 1
vn 0 0 1
vn 0 0 1
vn -1 0 0
vn -1 0 0
vn -1 0 0
vn -1 0 0
vn 0 0 -1
vn 0 0 -1
vn 0 0 -1
vn 0 0 -1
vn 0 1 0
vn 0 1 0
vn 0 1 0
vn 0 1 0
vn 0 -1 0
vn 0 -1 0
vn 0 -1 0
vn 0 -1 0
f 3338/3338/3338 3337/3337/3337 3339/3339/3339 3340/3340/3340
f 3342/3342/3342 3341/3341/3341 3343/3343/3343 3344/3344/3344
f 3346/3346/3346 3345/3345/3345 3347/3347/3347 3348/3348/3348
f 3350/3350/3350 3349/3349/3349 3351/3351/3351 3352/3352/3352
f 3354/3354/3354 3356/3356/3356 3355/3355/3355 3353/3353/3353
f 3358/3358/3358 3360/3360/3360 3359/3359/3359 3357/3357/3357
o object_138
v 180 5 -20
v 180 5 0
v 180 10 -20
v 180 10 0
v 180 5 0
v 176 5 0
v 180 10 0
v 176 10 0
v 176 5 0
v 176 5 -20
v 176 10 0
v 176 10 -20
v 176 5 -20
v 180 5 -20
v 176 10 -20
v 180 10 -20
v 176 10 -20
v 176 10 0
v 180 10 -20
v 180 10 0
v 176 5 0
v 176 5 -20
v 180 5 0
v 180 5 -20
vt 0.43478259444236755 0
vt 0.43478259444236755 0.86810034513473511
vt 0.65070909261703491 0
vt 0.65070909261703491 0.86810034513473511
vt 0 0.43478259444236755
vt 0 0.6086956262588501
vt 0.21592645347118378 0.43478259444236755
vt 0.21592645347118378 0.6086956262588501
vt 0.21739129722118378 0
vt 0.21739129722118378 0.86810034513473511
vt 0.43331775069236755 0
vt 0.43331775069236755 0.86810034513473511
vt 0 0
vt 0 0.17391304671764374
vt 0.21592645347118378 0
vt 0.21592645347118378 0.17391304671764374
vt 0.82608693838119507 0
vt 0.82608693838119507 0.86810034513473511
vt 0.99853515625 0
vt 0.99853515625 0.86810034513473511
vt 0.65217393636703491 0
vt 0.65217393636703491 0.86810034513473511
vt 0.82462209463119507 0
vt 0.82462209463119507 0.86810034513473511
vn 1 0 0
vn 1 0 0
vn 1 0 0
vn 1 0 0
vn 0 0 1
vn 0 0 1
vn 0 0 1
vn 0 0 1
vn -1 0 0
vn -1 0 0
vn -1 0 0
vn -1 0 0
vn 0 0 -1
vn 0 0 -1
vn 0 0 -1
vn 0 0 -1
vn 0 1 0
vn 0 1 0
vn 0 1 0
vn 0 1 0
vn 0 -1 0
vn 0 -1 0
vn 0 -1 0
vn 0 -1 0
f 3362/3362/3362 3361/3361/3361 3363/3363/3363 3364/3364/3364
f 3366/3366/3366 3365/3365/3365 3367/3367/3367 3368/3368/3368
f 3370/3370/3370 3369/3369/3369 3371/3371/3371 3372/3372/3372
f 3374/3374/3374 3373/3373/3373 3375/3375/3375 3376/3376/3376
f 3378/3378/3378 3380/3380/3380 3379/3379/3379 3377/3377/3377
f 3382/3382/3382 3384/3384/3384 3383/3383/3383 3381/3381/3381
o object_139
v 150 5 -5
v 150 5 0
v 150 10 -5
v 150 10 0
v 150 5 0
v 165 5 0
v 150 10 0
v 165 10 0
v 165 5 0
v 165 5 -5
v 165 10 0
v 165 10 -5
v 165 5 -5
v 150 5 -5
v 165 10 -5
v 150 10 -5
v 150 10 0
v 150 10 -5
v 165 10 0
v 165 10 -5
v 150 5 -5
v 150 5 0
v 165 5 -5
v 165 5 0
vt 0.25 0
vt 0.25 0.24853515625
vt 0.49853515625 0
vt 0.49853515625 0.24853515625
vt 0.25 0.25
vt 0.25 0.99853515625
vt 0.49853515625 0.25
vt 0.49853515625 0.99853515625
vt 0 0
vt 0 0.24853515625
vt 0.24853515625 0
vt 0.24853515625 0.24853515625
vt 0 0.25
vt 0 0.99853515625
vt 0.24853515625 0.25
vt 0.24853515625 0.99853515625
vt 0.99853515625 0
vt 0.75 0
vt 0.99853515625 0.75
vt 0.75 0.75
vt 0.74853515625 0
vt 0.5 0
vt 0.74853515625 0.75
vt 0.5 0.75
vn -1 0 0
vn -1 0 0
vn -1 0 0
vn -1 0 0
vn 0 0 1
vn 0 0 1
vn 0 0 1
vn 0 0 1
vn 1 0 0
vn 1 0 0
vn 1 0 0
vn 1 0 0
vn 0 0 -1
vn 0 0 -1
vn 0 0 -1
vn 0 0 -1
vn 0 1 0
vn 0 1 0
vn 0 1 0
vn 0 1 0
vn 0 -1 0
vn 0 -1 0
vn 0 -1 0
vn 0 -1 0
f 3386/3386/3386 3388/3388/3388 3387/3387/3387 3385/3385/3385
f 3390/3390/3390 3392/3392/3392 3391/3391/3391 3389/3389/3389
f 3394/3394/3394 3396/3396/3396 3395/3395/3395 3393/3393/3393
f 3398/3398/3398 3400/3400/3400 3399/3399/3399 3397/3397/3397
f 3402/3402/3402 3401/3401/3401 3403/3403/3403 3404/3404/3404
f 3406/3406/3406 3405/3405/3405 3407/3407/3407 3408/3408/3408
o object_140
v 165 5 -14
v 165 5 0
v 165 10 -14
v 165 10 0
v 165 5 0
v 176 5 0
v 165 10 0
v 176 10 0
v 176 5 0
v 176 5 -14
v 176 10 0
v 176 10 -14
v 176 5 -14
v 165 5 -14
v 176 10 -14
v 165 10 -14
v 165 10 0
v 165 10 -14
v 176 10 0
v 176 10 -14
v 165 5 -14
v 165 5 0
v 176 5 -14
v 176 5 0
vt 0.83870965242385864 0
vt 0.83870965242385864 0.45161288976669312
vt 0.99853515625 0
vt 0.99853515625 0.45161288976669312
vt 0.16129031777381897 0.35483869910240173
vt 0.16129031777381897 0.70967739820480347
vt 0.32111579179763794 0.35483869910240173
vt 0.32111579179763794 0.70967739820480347
vt 0.67741936445236206 0
vt 0.67741936445236206 0.45161288976669312
vt 0.83724480867385864 0
vt 0.83724480867385864 0.45161288976669312
vt 0 0.35483869910240173
vt 0 0.70967739820480347
vt 0.15982547402381897 0.35483869910240173
vt 0.15982547402381897 0.70967739820480347
vt 0.32258063554763794 0.35483869910240173
vt 0.32258063554763794 0.80498677492141724
vt 0.67595452070236206 0.35483869910240173
vt 0.67595452070236206 0.80498677492141724
vt 0.45161288976669312 0
vt 0 0
vt 0.45161288976669312 0.35337385535240173
vt 0 0.35337385535240173
vn -1 0 0
vn -1 0 0
vn -1 0 0
vn -1 0 0
vn 0 0 1
vn 0 0 1
vn 0 0 1
vn 0 0 1
vn 1 0 0
vn 1 0 0
vn 1 0 0
vn 1 0 0
vn 0 0 -1
vn 0 0 -1
vn 0 0 -1
vn 0 0 -1
vn 0 1 0
vn 0 1 0
vn 0 1 0
vn 0 1 0
vn 0 -1 0
vn 0 -1 0
vn 0 -1 0
vn 0 -1 0
f 3410/3410/3410 3412/3412/3412 3411/3411/3411 3409/3409/3409
f 3414/3414/3414 3416/3416/3416 3415/3415/3415 3413/3413/3413
f 3418/3418/3418 3420/3420/3420 3419/3419/3419 3417/3417/3417
f 3422/3422/3422 3424/3424/3424 3423/3423/3423 3421/3421/3421
f 3426/3426/3426 3425/3425/3425 3427/3427/3427 3428/3428/3428
f 3430/3430/3430 3429/3429/3429 3431/3431/3431 3432/3432/3432
o object_141
v 150 5 -40
v 150 5 0
v 150 10 -40
v 150 10 0
v 150 5 0
v 180 5 0
v 150 10 0
v 180 10 0
v 180 5 0
v 180 5 -40
v 180 10 0
v 180 10 -40
v 180 5 -40
v 150 5 -40
v 180 10 -40
v 150 10 -40
v 150 10 0
v 150 10 -40
v 180 10 0
v 180 10 -40
v 150 5 -40
v 150 5 0
v 180 5 -40
v 180 5 0
vt 0.25 0
vt 0.25 0.66666668653488159
vt 0.3318684995174408 0
vt 0.3318684995174408 0.66666668653488159
vt 0.083333335816860199 0
vt 0.083333335816860199 0.5
vt 0.1652018278837204 0
vt 0.1652018278837204 0.5
vt 0.1666666716337204 0
vt 0.1666666716337204 0.66666668653488159
vt 0.24853515625 0
vt 0.24853515625 0.66666668653488159
vt 0 0
vt 0 0.5
vt 0.081868492066860199 0
vt 0.081868492066860199 0.5
vt 0.99853515625 0.5
vt 0.3333333432674408 0.5
vt 0.99853515625 0.99853515625
vt 0.3333333432674408 0.99853515625
vt 0.99853515625 0
vt 0.3333333432674408 0
vt 0.99853515625 0.49853515625
vt 0.3333333432674408 0.49853515625
vn -1 0 0
vn -1 0 0
vn -1 0 0
vn -1 0 0
vn 0 0 1
vn 0 0 1
vn 0 0 1
vn 0 0 1
vn 1 0 0
vn 1 0 0
vn 1 0 0
vn 1 0 0
vn 0 0 -1
vn 0 0 -1
vn 0 0 -1
vn 0 0 -1
vn 0 1 0
vn 0 1 0
vn 0 1 0
vn 0 1 0
vn 0 -1 0
vn 0 -1 0
vn 0 -1 0
vn 0 -1 0
f 3434/3434/3434 3436/3436/3436 3435/3435/3435 3433/3433/3433
f 3438/3438/3438 3440/3440/3440 3439/3439/3439 3437/3437/3437
f 3442/3442/3442 3444/3444/3444 3443/3443/3443 3441/3441/3441
f 3446/3446/3446 3448/3448/3448 3447/3447/3447 3445/3445/3445
f 3450/3450/3450 3449/3449/3449 3451/3451/3451 3452/3452/3452
f 3454/3454/3454 3453/3453/3453 3455/3455/3455 3456/3456/3456
o object_142
v 150 5 -40
v 150 5 -27
v 150 10 -40
v 150 10 -27
v 150 5 -27
v 157 5 -27
v 150 10 -27
v 157 10 -27
v 157 5 -27
v 157 5 -40
v 157 10 -27
v 157 10 -40
v 157 5 -40
v 150 5 -40
v 157 10 -40
v 150 10 -40
v 150 10 -27
v 150 10 -40
v 157 10 -27
v 157 10 -40
v 150 5 -40
v 150 5 -27
v 157 5 -40
v 157 5 -27
vt 0.56521737575531006 0.21739129722118378
vt 0 0.21739129722118378
vt 0.56521737575531006 0.43331775069236755
vt 0 0.43331775069236755
vt 0.30288296937942505 0.71739131212234497
vt 0 0.71739131212234497
vt 0.30288296937942505 0.93478262424468994
vt 0 0.93478262424468994
vt 0.56521737575531006 0
vt 0 0
vt 0.56521737575531006 0.21592645347118378
vt 0 0.21592645347118378
vt 0.30288296937942505 0.43478259444236755
vt 0 0.43478259444236755
vt 0.30288296937942505 0.65217393636703491
vt 0 0.65217393636703491
vt 0.6086956262588501 0
vt 0.6086956262588501 0.56521737575531006
vt 0.91157865524291992 0
vt 0.91157865524291992 0.56521737575531006
vt 0.30434781312942505 0.43478259444236755
vt 0.30434781312942505 0.99853515625
vt 0.6072307825088501 0.43478259444236755
vt 0.6072307825088501 0.99853515625
vn -1 0 0
vn -1 0 0
vn -1 0 0
vn -1 0 0
vn 0 0 1
vn 0 0 1
vn 0 0 1
vn 0 0 1
vn 1 0 0
vn 1 0 0
vn 1 0 0
vn 1 0 0
vn 0 0 -1
vn 0 0 -1
vn 0 0 -1
vn 0 0 -1
vn 0 1 0
vn 0 1 0
vn 0 1 0
vn 0 1 0
vn 0 -1 0
vn 0 -1 0
vn 0 -1 0
vn 0 -1 0
f 3458/3458/3458 3460/3460/3460 3459/3459/3459 3457/3457/3457
f 3462/3462/3462 3464/3464/3464 3463/3463/3463 3461/3461/3461
f 3466/3466/3466 3468/3468/3468 3467/3467/3467 3465/3465/3465
f 3470/3470/3470 3472/3472/3472 3471/3471/3471 3469/3469/3469
f 3474/3474/3474 3473/3473/3473 3475/3475/3475 3476/3476/3476
f 3478/3478/3478 3477/3477/3477 3479/3479/3479 3480/3480/3480
o object_143
v 165 5 -40
v 165 5 -26
v 165 10 -40
v 165 10 -26
v 165 5 -26
v 170 5 -26
v 165 10 -26
v 170 10 -26
v 170 5 -26
v 170 5 -40
v 170 10 -26
v 170 10 -40
v 170 5 -40
v 165 5 -40
v 170 10 -40
v 165 10 -40
v 165 10 -26
v 165 10 -40
v 170 10 -26
v 170 10 -40
v 165 5 -40
v 165 5 -26
v 170 5 -40
v 170 5 -26
vt 0.25 0.25
vt 0.25 0.94853514432907104
vt 0.49853515625 0.25
vt 0.49853515625 0.94853514432907104
vt 0.25 0
vt 0.25 0.24853515625
vt 0.49853515625 0
vt 0.49853515625 0.24853515625
vt 0 0.25
vt 0 0.94853514432907104
vt 0.24853515625 0.25
vt 0.24853515625 0.94853514432907104
vt 0 0
vt 0 0.24853515625
vt 0.24853515625 0
vt 0.24853515625 0.24853515625
vt 0.75 0
vt 0.75 0.69999998807907104
vt 0.99853515625 0
vt 0.99853515625 0.69999998807907104
vt 0.5 0
vt 0.5 0.69999998807907104
vt 0.74853515625 0
vt 0.74853515625 0.69999998807907104
vn -1 0 0
vn -1 0 0
vn -1 0 0
vn -1 0 0
vn 0 0 1
vn 0 0 1
vn 0 0 1
vn 0 0 1
vn 1 0 0
vn 1 0 0
vn 1 0 0
vn 1 0 0
vn 0 0 -1
vn 0 0 -1
vn 0 0 -1
vn 0 0 -1
vn 0 1 0
vn 0 1 0
vn 0 1 0
vn 0 1 0
vn 0 -1 0
vn 0 -1 0
vn 0 -1 0
vn 0 -1 0
f 3482/3482/3482 3484/3484/3484 3483/3483/3483 3481/3481/3481
f 3486/3486/3486 3488/3488/3488 3487/3487/3487 3485/3485/3485
f 3490/3490/3490 3492/3492/3492 3491/3491/3491 3489/3489/3489
f 3494/3494/3494 3496/3496/3496 3495/3495/3495 3493/3493/3493
f 3498/3498/3498 3497/3497/3497 3499/3499/3499 3500/3500/3500
f 3502/3502/3502 3501/3501/3501 3503/3503/3503 3504/3504/3504
o object_144
v 165 5 -40
v 165 5 -20
v 165 10 -40
v 165 10 -20
v 165 5 -20
v 180 5 -20
v 165 10 -20
v 180 10 -20
v 180 5 -20
v 180 5 -40
v 180 10 -20
v 180 10 -40
v 180 5 -40
v 165 5 -40
v 180 10 -40
v 165 10 -40
v 165 10 -20
v 165 10 -40
v 180 10 -20
v 180 10 -40
v 165 5 -40
v 165 5 -20
v 180 5 -40
v 180 5 -20
vt 0.8571428656578064 0
vt 0.8571428656578064 0.57142859697341919
vt 0.99853515625 0
vt 0.99853515625 0.57142859697341919
vt 0.1428571492433548 0.4285714328289032
vt 0.1428571492433548 0.8571428656578064
vt 0.28424945473670959 0.4285714328289032
vt 0.28424945473670959 0.8571428656578064
vt 0.71428573131561279 0
vt 0.71428573131561279 0.57142859697341919
vt 0.8556780219078064 0
vt 0.8556780219078064 0.57142859697341919
vt 0 0.4285714328289032
vt 0 0.8571428656578064
vt 0.1413923054933548 0.4285714328289032
vt 0.1413923054933548 0.8571428656578064
vt 0.28571429848670959 0.4285714328289032
vt 0.28571429848670959 0.99853515625
vt 0.71282088756561279 0.4285714328289032
vt 0.71282088756561279 0.99853515625
vt 0.57142859697341919 0
vt 0 0
vt 0.57142859697341919 0.4271065890789032
vt 0 0.4271065890789032
vn -1 0 0
vn -1 0 0
vn -1 0 0
vn -1 0 0
vn 0 0 1
vn 0 0 1
vn 0 0 1
vn 0 0 1
vn 1 0 0
vn 1 0 0
vn 1 0 0
vn 1 0 0
vn 0 0 -1
vn 0 0 -1
vn 0 0 -1
vn 0 0 -1
vn 0 1 0
vn 0 1 0
vn 0 1 0
vn 0 1 0
vn 0 -1 0
vn 0 -1 0
vn 0 -1 0
vn 0 -1 0
f 3506/3506/3506 3508/3508/3508 3507/3507/3507 3505/3505/3505
f 3510/3510/3510 3512/3512/3512 3511/3511/3511 3509/3509/3509
f 3514/3514/3514 3516/3516/3516 3515/3515/3515 3513/3513/3513
f 3518/3518/3518 3520/3520/3520 3519/3519/3519 3517/3517/3517
f 3522/3522/3522 3521/3521/3521 3523/3523/3523 3524/3524/3524
f 3526/3526/3526 3525/3525/3525 3527/3527/3527 3528/3528/3528
o object_145
v 116 5 -20
v 116 5 0
v 116 10 -20
v 116 10 0
v 116 5 0
v 120 5 0
v 116 10 0
v 120 10 0
v 120 5 0
v 120 5 -20
v 120 10 0
v 120 10 -20
v 120 5 -20
v 116 5 -20
v 120 10 -20
v 116 10 -20
v 116 10 0
v 116 10 -20
v 120 10 0
v 120 10 -20
v 116 5 -20
v 116 5 0
v 120 5 -20
v 120 5 0
vt 0.43478259444236755 0
vt 0.43478259444236755 0.86810034513473511
vt 0.65070909261703491 0
vt 0.65070909261703491 0.86810034513473511
vt 0 0.43478259444236755
vt 0 0.6086956262588501
vt 0.21592645347118378 0.43478259444236755
vt 0.21592645347118378 0.6086956262588501
vt 0.21739129722118378 0
vt 0.21739129722118378 0.86810034513473511
vt 0.43331775069236755 0
vt 0.43331775069236755 0.86810034513473511
vt 0 0
vt 0 0.17391304671764374
vt 0.21592645347118378 0
vt 0.21592645347118378 0.17391304671764374
vt 0.82608693838119507 0
vt 0.82608693838119507 0.86810034513473511
vt 0.99853515625 0
vt 0.99853515625 0.86810034513473511
vt 0.65217393636703491 0
vt 0.65217393636703491 0.86810034513473511
vt 0.82462209463119507 0
vt 0.82462209463119507 0.86810034513473511
vn -1 0 0
vn -1 0 0
vn -1 0 0
vn -1 0 0
vn 0 0 1
vn 0 0 1
vn 0 0 1
vn 0 0 1
vn 1 0 0
vn 1 0 0
vn 1 0 0
vn 1 0 0
vn 0 0 -1
vn 0 0 -1
vn 0 0 -1
vn 0 0 -1
vn 0 1 0
vn 0 1 0
vn 0 1 0
vn 0 1 0
vn 0 -1 0
vn 0 -1 0
vn 0 -1 0
vn 0 -1 0
f 3530/3530/3530 3532/3532/3532 3531/3531/3531 3529/3529/3529
f 3534/3534/3534 3536/3536/3536 3535/3535/3535 3533/3533/3533
f 3538/3538/3538 3540/3540/3540 3539/3539/3539 3537/3537/3537
f 3542/3542/3542 3544/3544/3544 3543/3543/3543 3541/3541/3541
f 3546/3546/3546 3545/3545/3545 3547/3547/3547 3548/3548/3548
f 3550/3550/3550 3549/3549/3549 3551/3551/3551 3552/3552/3552
o object_146
v 135 5 -14
v 135 5 0
v 135 10 -14
v 135 10 0
v 135 5 0
v 124 5 0
v 135 10 0
v 124 10 0
v 124 5 0
v 124 5 -14
v 124 10 0
v 124 10 -14
v 124 5 -14
v 135 5 -14
v 124 10 -14
v 135 10 -14
v 124 10 -14
v 124 10 0
v 135 10 -14
v 135 10 0
v 124 5 0
v 124 5 -14
v 135 5 0
v 135 5 -14
vt 0.83870965242385864 0
vt 0.83870965242385864 0.45161288976669312
vt 0.99853515625 0
vt 0.99853515625 0.45161288976669312
vt 0.16129031777381897 0.35483869910240173
vt 0.16129031777381897 0.70967739820480347
vt 0.32111579179763794 0.35483869910240173
vt 0.32111579179763794 0.70967739820480347
vt 0.67741936445236206 0
vt 0.67741936445236206 0.45161288976669312
vt 0.83724480867385864 0
vt 0.83724480867385864 0.45161288976669312
vt 0 0.35483869910240173
vt 0 0.70967739820480347
vt 0.15982547402381897 0.35483869910240173
vt 0.15982547402381897 0.70967739820480347
vt 0.32258063554763794 0.35483869910240173
vt 0.32258063554763794 0.80498677492141724
vt 0.67595452070236206 0.35483869910240173
vt 0.67595452070236206 0.80498677492141724
vt 0.45161288976669312 0
vt 0 0
vt 0.45161288976669312 0.35337385535240173
vt 0 0.35337385535240173
vn 1 0 0
vn 1 0 0
vn 1 0 0
vn 1 0 0
vn 0 0 1
vn 0 0 1
vn 0 0 1
vn 0 0 1
vn -1 0 0
vn -1 0 0
vn -1 0 0
vn -1 0 0
vn 0 0 -1
vn 0 0 -1
vn 0 0 -1
vn 0 0 -1
vn 0 1 0
vn 0 1 0
vn 0 1 0
vn 0 1 0
vn 0 -1 0
vn 0 -1 0
vn 0 -1 0
vn 0 -1 0
f 3554/3554/3554 3553/3553/3553 3555/3555/3555 3556/3556/3556
f 3558/3558/3558 3557/3557/3557 3559/3559/3559 3560/3560/3560
f 3562/3562/3562 3561/3561/3561 3563/3563/3563 3564/3564/3564
f 3566/3566/3566 3565/3565/3565 3567/3567/3567 3568/3568/3568
f 3570/3570/3570 3572/3572/3572 3571/3571/3571 3569/3569/3569
f 3574/3574/3574 3576/3576/3576 3575/3575/3575 3573/3573/3573
o object_147
v 135 5 -40
v 135 5 -20
v 135 10 -40
v 135 10 -20
v 135 5 -20
v 120 5 -20
v 135 10 -20
v 120 10 -20
v 120 5 -20
v 120 5 -40
v 120 10 -20
v 120 10 -40
v 120 5 -40
v 135 5 -40
v 120 10 -40
v 135 10 -40
v 120 10 -40
v 120 10 -20
v 135 10 -40
v 135 10 -20
v 120 5 -20
v 120 5 -40
v 135 5 -20
v 135 5 -40
vt 0.8571428656578064 0
vt 0.8571428656578064 0.57142859697341919
vt 0.99853515625 0
vt 0.99853515625 0.57142859697341919
vt 0.1428571492433548 0.4285714328289032
vt 0.1428571492433548 0.8571428656578064
vt 0.28424945473670959 0.4285714328289032
vt 0.28424945473670959 0.8571428656578064
vt 0.71428573131561279 0
vt 0.71428573131561279 0.57142859697341919
vt 0.8556780219078064 0
vt 0.8556780219078064 0.57142859697341919
vt 0 0.4285714328289032
vt 0 0.8571428656578064
vt 0.1413923054933548 0.4285714328289032
vt 0.1413923054933548 0.8571428656578064
vt 0.28571429848670959 0.4285714328289032
vt 0.28571429848670959 0.99853515625
vt 0.71282088756561279 0.4285714328289032
vt 0.71282088756561279 0.99853515625
vt 0.57142859697341919 0
vt 0 0
vt 0.57142859697341919 0.4271065890789032
vt 0 0.4271065890789032
vn 1 0 0
vn 1 0 0
vn 1 0 0
vn 1 0 0
vn 0 0 1
vn 0 0 1
vn 0 0 1
vn 0 0 1
vn -1 0 0
vn -1 0 0
vn -1 0 0
vn -1 0 0
vn 0 0 -1
vn 0 0 -1
vn 0 0 -1
vn 0 0 -1
vn 0 1 0
vn 0 1 0
vn 0 1 0
vn 0 1 0
vn 0 -1 0
vn 0 -1 0
vn 0 -1 0
vn 0 -1 0
f 3578/3578/3578 3577/3577/3577 3579/3579/3579 3580/3580/3580
f 3582/3582/3582 3581/3581/3581 3583/3583/3583 3584/3584/3584
f 3586/3586/3586 3585/3585/3585 3587/3587/3587 3588/3588/3588
f 3590/3590/3590 3589/3589/3589 3591/3591/3591 3592/3592/3592
f 3594/3594/3594 3596/3596/3596 3595/3595/3595 3593/3593/3593
f 3598/3598/3598 3600/3600/3600 3599/3599/3599 3597/3597/3597
o object_148
v 124 5 -20
v 124 5 0
v 124 10 -20
v 124 10 0
v 124 5 0
v 120 5 0
v 124 10 0
v 120 10 0
v 120 5 0
v 120 5 -20
v 120 10 0
v 120 10 -20
v 120 5 -20
v 124 5 -20
v 120 10 -20
v 124 10 -20
v 120 10 -20
v 120 10 0
v 124 10 -20
v 124 10 0
v 120 5 0
v 120 5 -20
v 124 5 0
v 124 5 -20
vt 0.43478259444236755 0
vt 0.43478259444236755 0.86810034513473511
vt 0.65070909261703491 0
vt 0.65070909261703491 0.86810034513473511
vt 0 0.43478259444236755
vt 0 0.6086956262588501
vt 0.21592645347118378 0.43478259444236755
vt 0.21592645347118378 0.6086956262588501
vt 0.21739129722118378 0
vt 0.21739129722118378 0.86810034513473511
vt 0.43331775069236755 0
vt 0.43331775069236755 0.86810034513473511
vt 0 0
vt 0 0.17391304671764374
vt 0.21592645347118378 0
vt 0.21592645347118378 0.17391304671764374
vt 0.82608693838119507 0
vt 0.82608693838119507 0.86810034513473511
vt 0.99853515625 0
vt 0.99853515625 0.86810034513473511
vt 0.65217393636703491 0
vt 0.65217393636703491 0.86810034513473511
vt 0.82462209463119507 0
vt 0.82462209463119507 0.86810034513473511
vn 1 0 0
vn 1 0 0
vn 1 0 0
vn 1 0 0
vn 0 0 1
vn 0 0 1
vn 0 0 1
vn 0 0 1
vn -1 0 0
vn -1 0 0
vn -1 0 0
vn -1 0 0
vn 0 0 -1
vn 0 0 -1
vn 0 0 -1
vn 0 0 -1
vn 0 1 0
vn 0 1 0
vn 0 1 0
vn 0 1 0
vn 0 -1 0
vn 0 -1 0
vn 0 -1 0
vn 0 -1 0
f 3602/3602/3602 3601/3601/3601 3603/3603/3603 3604/3604/3604
f 3606/3606/3606 3605/3605/3605 3607/3607/3607 3608/3608/3608
f 3610/3610/3610 3609/3609/3609 3611/3611/3611 3612/3612/3612
f 3614/3614/3614 3613/3613/3613 3615/3615/3615 3616/3616/3616
f 3618/3618/3618 3620/3620/3620 3619/3619/3619 3617/3617/3617
f 3622/3622/3622 3624/3624/3624 3623/3623/3623 3621/3621/3621
o object_149
v 120 5 -40
v 120 5 0
v 120 10 -40
v 120 10 0
v 120 5 0
v 150 5 0
v 120 10 0
v 150 10 0
v 150 5 0
v 150 5 -40
v 150 10 0
v 150 10 -40
v 150 5 -40
v 120 5 -40
v 150 10 -40
v 120 10 -40
v 120 10 0
v 120 10 -40
v 150 10 0
v 150 10 -40
v 120 5 -40
v 120 5 0
v 150 5 -40
v 150 5 0
vt 0.25 0
vt 0.25 0.66666668653488159
vt 0.3318684995174408 0
vt 0.3318684995174408 0.66666668653488159
vt 0.083333335816860199 0
vt 0.083333335816860199 0.5
vt 0.1652018278837204 0
vt 0.1652018278837204 0.5
vt 0.1666666716337204 0
vt 0.1666666716337204 0.66666668653488159
vt 0.24853515625 0
vt 0.24853515625 0.66666668653488159
vt 0 0
vt 0 0.5
vt 0.081868492066860199 0
vt 0.081868492066860199 0.5
vt 0.99853515625 0.5
vt 0.3333333432674408 0.5
vt 0.99853515625 0.99853515625
vt 0.3333333432674408 0.99853515625
vt 0.99853515625 0
vt 0.3333333432674408 0
vt 0.99853515625 0.49853515625
vt 0.3333333432674408 0.49853515625
vn -1 0 0
vn -1 0 0
vn -1 0 0
vn -1 0 0
vn 0 0 1
vn 0 0 1
vn 0 0 1
vn 0 0 1
vn 1 0 0
vn 1 0 0
vn 1 0 0
vn 1 0 0
vn 0 0 -1
vn 0 0 -1
vn 0 0 -1
vn 0 0 -1
vn 0 1 0
vn 0 1 0
vn 0 1 0
vn 0 1 0
vn 0 -1 0
vn 0 -1 0
vn 0 -1 0
vn 0 -1 0
f 3626/3626/3626 3628/3628/3628 3627/3627/3627 3625/3625/3625
f 3630/3630/3630 3632/3632/3632 3631/3631/3631 3629/3629/3629
f 3634/3634/3634 3636/3636/3636 3635/3635/3635 3633/3633/3633
f 3638/3638/3638 3640/3640/3640 3639/3639/3639 3637/3637/3637
f 3642/3642/3642 3641/3641/3641 3643/3643/3643 3644/3644/3644
f 3646/3646/3646 3645/3645/3645 3647/3647/3647 3648/3648/3648
o object_150
v 90 5 -40
v 90 5 0
v 90 10 -40
v 90 10 0
v 90 5 0
v 120 5 0
v 90 10 0
v 120 10 0
v 120 5 0
v 120 5 -40
v 120 10 0
v 120 10 -40
v 120 5 -40
v 90 5 -40
v 120 10 -40
v 90 10 -40
v 90 10 0
v 90 10 -40
v 120 10 0
v 120 10 -40
v 90 5 -40
v 90 5 0
v 120 5 -40
v 120 5 0
vt 0.25 0
vt 0.25 0.66666668653488159
vt 0.3318684995174408 0
vt 0.3318684995174408 0.66666668653488159
vt 0.083333335816860199 0
vt 0.083333335816860199 0.5
vt 0.1652018278837204 0
vt 0.1652018278837204 0.5
vt 0.1666666716337204 0
vt 0.1666666716337204 0.66666668653488159
vt 0.24853515625 0
vt 0.24853515625 0.66666668653488159
vt 0 0
vt 0 0.5
vt 0.081868492066860199 0
vt 0.081868492066860199 0.5
vt 0.99853515625 0.5
vt 0.3333333432674408 0.5
vt 0.99853515625 0.99853515625
vt 0.3333333432674408 0.99853515625
vt 0.99853515625 0
vt 0.3333333432674408 0
vt 0.99853515625 0.49853515625
vt 0.3333333432674408 0.49853515625
vn -1 0 0
vn -1 0 0
vn -1 0 0
vn -1 0 0
vn 0 0 1
vn 0 0 1
vn 0 0 1
vn 0 0 1
vn 1 0 0
vn 1 0 0
vn 1 0 0
vn 1 0 0
vn 0 0 -1
vn 0 0 -1
vn 0 0 -1
vn 0 0 -1
vn 0 1 0
vn 0 1 0
vn 0 1 0
vn 0 1 0
vn 0 -1 0
vn 0 -1 0
vn 0 -1 0
vn 0 -1 0
f 3650/3650/3650 3652/3652/3652 3651/3651/3651 3649/3649/3649
f 3654/3654/3654 3656/3656/3656 3655/3655/3655 3653/3653/3653
f 3658/3658/3658 3660/3660/3660 3659/3659/3659 3657/3657/3657
f 3662/3662/3662 3664/3664/3664 3663/3663/3663 3661/3661/3661
f 3666/3666/3666 3665/3665/3665 3667/3667/3667 3668/3668/3668
f 3670/3670/3670 3669/3669/3669 3671/3671/3671 3672/3672/3672
o object_151
v 105 5 -14
v 105 5 0
v 105 10 -14
v 105 10 0
v 105 5 0
v 116 5 0
v 105 10 0
v 116 10 0
v 116 5 0
v 116 5 -14
v 116 10 0
v 116 10 -14
v 116 5 -14
v 105 5 -14
v 116 10 -14
v 105 10 -14
v 105 10 0
v 105 10 -14
v 116 10 0
v 116 10 -14
v 105 5 -14
v 105 5 0
v 116 5 -14
v 116 5 0
vt 0.83870965242385864 0
vt 0.83870965242385864 0.45161288976669312
vt 0.99853515625 0
vt 0.99853515625 0.45161288976669312
vt 0.16129031777381897 0.35483869910240173
vt 0.16129031777381897 0.70967739820480347
vt 0.32111579179763794 0.35483869910240173
vt 0.32111579179763794 0.70967739820480347
vt 0.67741936445236206 0
vt 0.67741936445236206 0.45161288976669312
vt 0.83724480867385864 0
vt 0.83724480867385864 0.45161288976669312
vt 0 0.35483869910240173
vt 0 0.70967739820480347
vt 0.15982547402381897 0.35483869910240173
vt 0.15982547402381897 0.70967739820480347
vt 0.32258063554763794 0.35483869910240173
vt 0.32258063554763794 0.80498677492141724
vt 0.67595452070236206 0.35483869910240173
vt 0.67595452070236206 0.80498677492141724
vt 0.45161288976669312 0
vt 0 0
vt 0.45161288976669312 0.35337385535240173
vt 0 0.35337385535240173
vn -1 0 0
vn -1 0 0
vn -1 0 0
vn -1 0 0
vn 0 0 1
vn 0 0 1
vn 0 0 1
vn 0 0 1
vn 1 0 0
vn 1 0 0
vn 1 0 0
vn 1 0 0
vn 0 0 -1
vn 0 0 -1
vn 0 0 -1
vn 0 0 -1
vn 0 1 0
vn 0 1 0
vn 0 1 0
vn 0 1 0
vn 0 -1 0
vn 0 -1 0
vn 0 -1 0
vn 0 -1 0
f 3674/3674/3674 3676/3676/3676 3675/3675/3675 3673/3673/3673
f 3678/3678/3678 3680/3680/3680 3679/3679/3679 3677/3677/3677
f 3682/3682/3682 3684/3684/3684 3683/3683/3683 3681/3681/3681
f 3686/3686/3686 3688/3688/3688 3687/3687/3687 3685/3685/3685
f 3690/3690/3690 3689/3689/3689 3691/3691/3691 3692/3692/3692
f 3694/3694/3694 3693/3693/3693 3695/3695/3695 3696/3696/3696
o object_152
v 90 5 -5
v 90 5 0
v 90 10 -5
v 90 10 0
v 90 5 0
v 105 5 0
v 90 10 0
v 105 10 0
v 105 5 0
v 105 5 -5
v 105 10 0
v 105 10 -5
v 105 5 -5
v 90 5 -5
v 105 10 -5
v 90 10 -5
v 90 10 0
v 90 10 -5
v 105 10 0
v 105 10 -5
v 90 5 -5
v 90 5 0
v 105 5 -5
v 105 5 0
vt 0.25 0
vt 0.25 0.24853515625
vt 0.49853515625 0
vt 0.49853515625 0.24853515625
vt 0.25 0.25
vt 0.25 0.99853515625
vt 0.49853515625 0.25
vt 0.49853515625 0.99853515625
vt 0 0
vt 0 0.24853515625
vt 0.24853515625 0
vt 0.24853515625 0.24853515625
vt 0 0.25
vt 0 0.99853515625
vt 0.24853515625 0.25
vt 0.24853515625 0.99853515625
vt 0.99853515625 0
vt 0.75 0
vt 0.99853515625 0.75
vt 0.75 0.75
vt 0.74853515625 0
vt 0.5 0
vt 0.74853515625 0.75
vt 0.5 0.75
vn -1 0 0
vn -1 0 0
vn -1 0 0
vn -1 0 0
vn 0 0 1
vn 0 0 1
vn 0 0 1
vn 0 0 1
vn 1 0 0
vn 1 0 0
vn 1 0 0
vn 1 0 0
vn 0 0 -1
vn 0 0 -1
vn 0 0 -1
vn 0 0 -1
vn 0 1 0
vn 0 1 0
vn 0 1 0
vn 0 1 0
vn 0 -1 0
vn 0 -1 0
vn 0 -1 0
vn 0 -1 0
f 3698/3698/3698 3700/3700/3700 3699/3699/3699 3697/3697/3697
f 3702/3702/3702 3704/3704/3704 3703/3703/3703 3701/3701/3701
f 3706/3706/3706 3708/3708/3708 3707/3707/3707 3705/3705/3705
f 3710/3710/3710 3712/3712/3712 3711/3711/3711 3709/3709/3709
f 3714/3714/3714 3713/3713/3713 3715/3715/3715 3716/3716/3716
f 3718/3718/3718 3717/3717/3717 3719/3719/3719 3720/3720/3720
o object_153
v 90 5 -40
v 90 5 -27
v 90 10 -40
v 90 10 -27
v 90 5 -27
v 83 5 -27
v 90 10 -27
v 83 10 -27
v 83 5 -27
v 83 5 -40
v 83 10 -27
v 83 10 -40
v 83 5 -40
v 90 5 -40
v 83 10 -40
v 90 10 -40
v 83 10 -40
v 83 10 -27
v 90 10 -40
v 90 10 -27
v 83 5 -27
v 83 5 -40
v 90 5 -27
v 90 5 -40
vt 0.56521737575531006 0.21739129722118378
vt 0 0.21739129722118378
vt 0.56521737575531006 0.43331775069236755
vt 0 0.43331775069236755
vt 0.30288296937942505 0.71739131212234497
vt 0 0.71739131212234497
vt 0.30288296937942505 0.93478262424468994
vt 0 0.93478262424468994
vt 0.56521737575531006 0
vt 0 0
vt 0.56521737575531006 0.21592645347118378
vt 0 0.21592645347118378
vt 0.30288296937942505 0.43478259444236755
vt 0 0.43478259444236755
vt 0.30288296937942505 0.65217393636703491
vt 0 0.65217393636703491
vt 0.6086956262588501 0
vt 0.6086956262588501 0.56521737575531006
vt 0.91157865524291992 0
vt 0.91157865524291992 0.56521737575531006
vt 0.30434781312942505 0.43478259444236755
vt 0.30434781312942505 0.99853515625
vt 0.6072307825088501 0.43478259444236755
vt 0.6072307825088501 0.99853515625
vn 1 0 0
vn 1 0 0
vn 1 0 0
vn 1 0 0
vn 0 0 1
vn 0 0 1
vn 0 0 1
vn 0 0 1
vn -1 0 0
vn -1 0 0
vn -1 0 0
vn -1 0 0
vn 0 0 -1
vn 0 0 -1
vn 0 0 -1
vn 0 0 -1
vn 0 1 0
vn 0 1 0
vn 0 1 0
vn 0 1 0
vn 0 -1 0
vn 0 -1 0
vn 0 -1 0
vn 0 -1 0
f 3722/3722/3722 3721/3721/3721 3723/3723/3723 3724/3724/3724
f 3726/3726/3726 3725/3725/3725 3727/3727/3727 3728/3728/3728
f 3730/3730/3730 3729/3729/3729 3731/3731/3731 3732/3732/3732
f 3734/3734/3734 3733/3733/3733 3735/3735/3735 3736/3736/3736
f 3738/3738/3738 3740/3740/3740 3739/3739/3739 3737/3737/3737
f 3742/3742/3742 3744/3744/3744 3743/3743/3743 3741/3741/3741
o object_154
v 105 5 -40
v 105 5 -20
v 105 10 -40
v 105 10 -20
v 105 5 -20
v 120 5 -20
v 105 10 -20
v 120 10 -20
v 120 5 -20
v 120 5 -40
v 120 10 -20
v 120 10 -40
v 120 5 -40
v 105 5 -40
v 120 10 -40
v 105 10 -40
v 105 10 -20
v 105 10 -40
v 120 10 -20
v 120 10 -40
v 105 5 -40
v 105 5 -20
v 120 5 -40
v 120 5 -20
vt 0.8571428656578064 0
vt 0.8571428656578064 0.57142859697341919
vt 0.99853515625 0
vt 0.99853515625 0.57142859697341919
vt 0.1428571492433548 0.4285714328289032
vt 0.1428571492433548 0.8571428656578064
vt 0.28424945473670959 0.4285714328289032
vt 0.28424945473670959 0.8571428656578064
vt 0.71428573131561279 0
vt 0.71428573131561279 0.57142859697341919
vt 0.8556780219078064 0
vt 0.8556780219078064 0.57142859697341919
vt 0 0.4285714328289032
vt 0 0.8571428656578064
vt 0.1413923054933548 0.4285714328289032
vt 0.1413923054933548 0.8571428656578064
vt 0.28571429848670959 0.4285714328289032
vt 0.28571429848670959 0.99853515625
vt 0.71282088756561279 0.4285714328289032
vt 0.71282088756561279 0.99853515625
vt 0.57142859697341919 0
vt 0 0
vt 0.57142859697341919 0.4271065890789032
vt 0 0.4271065890789032
vn -1 0 0
vn -1 0 0
vn -1 0 0
vn -1 0 0
vn 0 0 1
vn 0 0 1
vn 0 0 1
vn 0 0 1
vn 1 0 0
vn 1 0 0
vn 1 0 0
vn 1 0 0
vn 0 0 -1
vn 0 0 -1
vn 0 0 -1
vn 0 0 -1
vn 0 1 0
vn 0 1 0
vn 0 1 0
vn 0 1 0
vn 0 -1 0
vn 0 -1 0
vn 0 -1 0
vn 0 -1 0
f 3746/3746/3746 3748/3748/3748 3747/3747/3747 3745/3745/3745
f 3750/3750/3750 3752/3752/3752 3751/3751/3751 3749/3749/3749
f 3754/3754/3754 3756/3756/3756 3755/3755/3755 3753/3753/3753
f 3758/3758/3758 3760/3760/3760 3759/3759/3759 3757/3757/3757
f 3762/3762/3762 3761/3761/3761 3763/3763/3763 3764/3764/3764
f 3766/3766/3766 3765/3765/3765 3767/3767/3767 3768/3768/3768
o object_155
v 90 5 -40
v 90 5 -27
v 90 10 -40
v 90 10 -27
v 90 5 -27
v 97 5 -27
v 90 10 -27
v 97 10 -27
v 97 5 -27
v 97 5 -40
v 97 10 -27
v 97 10 -40
v 97 5 -40
v 90 5 -40
v 97 10 -40
v 90 10 -40
v 90 10 -27
v 90 10 -40
v 97 10 -27
v 97 10 -40
v 90 5 -40
v 90 5 -27
v 97 5 -40
v 97 5 -27
vt 0.56521737575531006 0.21739129722118378
vt 0 0.21739129722118378
vt 0.56521737575531006 0.43331775069236755
vt 0 0.43331775069236755
vt 0.30288296937942505 0.71739131212234497
vt 0 0.71739131212234497
vt 0.30288296937942505 0.93478262424468994
vt 0 0.93478262424468994
vt 0.56521737575531006 0
vt 0 0
vt 0.56521737575531006 0.21592645347118378
vt 0 0.21592645347118378
vt 0.30288296937942505 0.43478259444236755
vt 0 0.43478259444236755
vt 0.30288296937942505 0.65217393636703491
vt 0 0.65217393636703491
vt 0.6086956262588501 0
vt 0.6086956262588501 0.56521737575531006
vt 0.91157865524291992 0
vt 0.91157865524291992 0.56521737575531006
vt 0.30434781312942505 0.43478259444236755
vt 0.30434781312942505 0.99853515625
vt 0.6072307825088501 0.43478259444236755
vt 0.6072307825088501 0.99853515625
vn -1 0 0
vn -1 0 0
vn -1 0 0
vn -1 0 0
vn 0 0 1
vn 0 0 1
vn 0 0 1
vn 0 0 1
vn 1 0 0
vn 1 0 0
vn 1 0 0
vn 1 0 0
vn 0 0 -1
vn 0 0 -1
vn 0 0 -1
vn 0 0 -1
vn 0 1 0
vn 0 1 0
vn 0 1 0
vn 0 1 0
vn 0 -1 0
vn 0 -1 0
vn 0 -1 0
vn 0 -1 0
f 3770/3770/3770 3772/3772/3772 3771/3771/3771 3769/3769/3769
f 3774/3774/3774 3776/3776/3776 3775/3775/3775 3773/3773/3773
f 3778/3778/3778 3780/3780/3780 3779/3779/3779 3777/3777/3777
f 3782/3782/3782 3784/3784/3784 3783/3783/3783 3781/3781/3781
f 3786/3786/3786 3785/3785/3785 3787/3787/3787 3788/3788/3788
f 3790/3790/3790 3789/3789/3789 3791/3791/3791 3792/3792/3792
o object_156
v 105 5 -40
v 105 5 -26
v 105 10 -40
v 105 10 -26
v 105 5 -26
v 110 5 -26
v 105 10 -26
v 110 10 -26
v 110 5 -26
v 110 5 -40
v 110 10 -26
v 110 10 -40
v 110 5 -40
v 105 5 -40
v 110 10 -40
v 105 10 -40
v 105 10 -26
v 105 10 -40
v 110 10 -26
v 110 10 -40
v 105 5 -40
v 105 5 -26
v 110 5 -40
v 110 5 -26
vt 0.25 0.25
vt 0.25 0.94853514432907104
vt 0.49853515625 0.25
vt 0.49853515625 0.94853514432907104
vt 0.25 0
vt 0.25 0.24853515625
vt 0.49853515625 0
vt 0.49853515625 0.24853515625
vt 0 0.25
vt 0 0.94853514432907104
vt 0.24853515625 0.25
vt 0.24853515625 0.94853514432907104
vt 0 0
vt 0 0.24853515625
vt 0.24853515625 0
vt 0.24853515625 0.24853515625
vt 0.75 0
vt 0.75 0.69999998807907104
vt 0.99853515625 0
vt 0.99853515625 0.69999998807907104
vt 0.5 0
vt 0.5 0.69999998807907104
vt 0.74853515625 0
vt 0.74853515625 0.69999998807907104
vn -1 0 0
vn -1 0 0
vn -1 0 0
vn -1 0 0
vn 0 0 1
vn 0 0 1
vn 0 0 1
vn 0 0 1
vn 1 0 0
vn 1 0 0
vn 1 0 0
vn 1 0 0
vn 0 0 -1
vn 0 0 -1
vn 0 0 -1
vn 0 0 -1
vn 0 1 0
vn 0 1 0
vn 0 1 0
vn 0 1 0
vn 0 -1 0
vn 0 -1 0
vn 0 -1 0
vn 0 -1 0
f 3794/3794/3794 3796/3796/3796 3795/3795/3795 3793/3793/3793
f 3798/3798/3798 3800/3800/3800 3799/3799/3799 3797/3797/3797
f 3802/3802/3802 3804/3804/3804 3803/3803/3803 3801/3801/3801
f 3806/3806/3806 3808/3808/3808 3807/3807/3807 3805/3805/3805
f 3810/3810/3810 3809/3809/3809 3811/3811/3811 3812/3812/3812
f 3814/3814/3814 3813/3813/3813 3815/3815/3815 3816/3816/3816
o object_157
v 30 5 -5
v 30 5 0
v 30 10 -5
v 30 10 0
v 30 5 0
v 45 5 0
v 30 10 0
v 45 10 0
v 45 5 0
v 45 5 -5
v 45 10 0
v 45 10 -5
v 45 5 -5
v 30 5 -5
v 45 10 -5
v 30 10 -5
v 30 10 0
v 30 10 -5
v 45 10 0
v 45 10 -5
v 30 5 -5
v 30 5 0
v 45 5 -5
v 45 5 0
vt 0.25 0
vt 0.25 0.24853515625
vt 0.49853515625 0
vt 0.49853515625 0.24853515625
vt 0.25 0.25
vt 0.25 0.99853515625
vt 0.49853515625 0.25
vt 0.49853515625 0.99853515625
vt 0 0
vt 0 0.24853515625
vt 0.24853515625 0
vt 0.24853515625 0.24853515625
vt 0 0.25
vt 0 0.99853515625
vt 0.24853515625 0.25
vt 0.24853515625 0.99853515625
vt 0.99853515625 0
vt 0.75 0
vt 0.99853515625 0.75
vt 0.75 0.75
vt 0.74853515625 0
vt 0.5 0
vt 0.74853515625 0.75
vt 0.5 0.75
vn -1 0 0
vn -1 0 0
vn -1 0 0
vn -1 0 0
vn 0 0 1
vn 0 0 1
vn 0 0 1
vn 0 0 1
vn 1 0 0
vn 1 0 0
vn 1 0 0
vn 1 0 0
vn 0 0 -1
vn 0 0 -1
vn 0 0 -1
vn 0 0 -1
vn 0 1 0
vn 0 1 0
vn 0 1 0
vn 0 1 0
vn 0 -1 0
vn 0 -1 0
vn 0 -1 0
vn 0 -1 0
f 3818/3818/3818 3820/3820/3820 3819/3819/3819 3817/3817/3817
f 3822/3822/3822 3824/3824/3824 3823/3823/3823 3821/3821/3821
f 3826/3826/3826 3828/3828/3828 3827/3827/3827 3825/3825/3825
f 3830/3830/3830 3832/3832/3832 3831/3831/3831 3829/3829/3829
f 3834/3834/3834 3833/3833/3833 3835/3835/3835 3836/3836/3836
f 3838/3838/3838 3837/3837/3837 3839/3839/3839 3840/3840/3840
o object_158
v 30 5 -40
v 30 5 -27
v 30 10 -40
v 30 10 -27
v 30 5 -27
v 37 5 -27
v 30 10 -27
v 37 10 -27
v 37 5 -27
v 37 5 -40
v 37 10 -27
v 37 10 -40
v 37 5 -40
v 30 5 -40
v 37 10 -40
v 30 10 -40
v 30 10 -27
v 30 10 -40
v 37 10 -27
v 37 10 -40
v 30 5 -40
v 30 5 -27
v 37 5 -40
v 37 5 -27
vt 0.56521737575531006 0.21739129722118378
vt 0 0.21739129722118378
vt 0.56521737575531006 0.43331775069236755
vt 0 0.43331775069236755
vt 0.30288296937942505 0.71739131212234497
vt 0 0.71739131212234497
vt 0.30288296937942505 0.93478262424468994
vt 0 0.93478262424468994
vt 0.56521737575531006 0
vt 0 0
vt 0.56521737575531006 0.21592645347118378
vt 0 0.21592645347118378
vt 0.30288296937942505 0.43478259444236755
vt 0 0.43478259444236755
vt 0.30288296937942505 0.65217393636703491
vt 0 0.65217393636703491
vt 0.6086956262588501 0
vt 0.6086956262588501 0.56521737575531006
vt 0.91157865524291992 0
vt 0.91157865524291992 0.56521737575531006
vt 0.30434781312942505 0.43478259444236755
vt 0.30434781312942505 0.99853515625
vt 0.6072307825088501 0.43478259444236755
vt 0.6072307825088501 0.99853515625
vn -1 0 0
vn -1 0 0
vn -1 0 0
vn -1 0 0
vn 0 0 1
vn 0 0 1
vn 0 0 1
vn 0 0 1
vn 1 0 0
vn 1 0 0
vn 1 0 0
vn 1 0 0
vn 0 0 -1
vn 0 0 -1
vn 0 0 -1
vn 0 0 -1
vn 0 1 0
vn 0 1 0
vn 0 1 0
vn 0 1 0
vn 0 -1 0
vn 0 -1 0
vn 0 -1 0
vn 0 -1 0
f 3842/3842/3842 3844/3844/3844 3843/3843/3843 3841/3841/3841
f 3846/3846/3846 3848/3848/3848 3847/3847/3847 3845/3845/3845
f 3850/3850/3850 3852/3852/3852 3851/3851/3851 3849/3849/3849
f 3854/3854/3854 3856/3856/3856 3855/3855/3855 3853/3853/3853
f 3858/3858/3858 3857/3857/3857 3859/3859/3859 3860/3860/3860
f 3862/3862/3862 3861/3861/3861 3863/3863/3863 3864/3864/3864
o object_159
v 45 5 -40
v 45 5 -26
v 45 10 -40
v 45 10 -26
v 45 5 -26
v 50 5 -26
v 45 10 -26
v 50 10 -26
v 50 5 -26
v 50 5 -40
v 50 10 -26
v 50 10 -40
v 50 5 -40
v 45 5 -40
v 50 10 -40
v 45 10 -40
v 45 10 -26
v 45 10 -40
v 50 10 -26
v 50 10 -40
v 45 5 -40
v 45 5 -26
v 50 5 -40
v 50 5 -26
vt 0.25 0.25
vt 0.25 0.94853514432907104
vt 0.49853515625 0.25
vt 0.49853515625 0.94853514432907104
vt 0.25 0
vt 0.25 0.24853515625
vt 0.49853515625 0
vt 0.49853515625 0.24853515625
vt 0 0.25
vt 0 0.94853514432907104
vt 0.24853515625 0.25
vt 0.24853515625 0.94853514432907104
vt 0 0
vt 0 0.24853515625
vt 0.24853515625 0
vt 0.24853515625 0.24853515625
vt 0.75 0
vt 0.75 0.69999998807907104
vt 0.99853515625 0
vt 0.99853515625 0.69999998807907104
vt 0.5 0
vt 0.5 0.69999998807907104
vt 0.74853515625 0
vt 0.74853515625 0.69999998807907104
vn -1 0 0
vn -1 0 0
vn -1 0 0
vn -1 0 0
vn 0 0 1
vn 0 0 1
vn 0 0 1
vn 0 0 1
vn 1 0 0
vn 1 0 0
vn 1 0 0
vn 1 0 0
vn 0 0 -1
vn 0 0 -1
vn 0 0 -1
vn 0 0 -1
vn 0 1 0
vn 0 1 0
vn 0 1 0
vn 0 1 0
vn 0 -1 0
vn 0 -1 0
vn 0 -1 0
vn 0 -1 0
f 3866/3866/3866 3868/3868/3868 3867/3867/3867 3865/3865/3865
f 3870/3870/3870 3872/3872/3872 3871/3871/3871 3869/3869/3869
f 3874/3874/3874 3876/3876/3876 3875/3875/3875 3873/3873/3873
f 3878/3878/3878 3880/3880/3880 3879/3879/3879 3877/3877/3877
f 3882/3882/3882 3881/3881/3881 3883/3883/3883 3884/3884/3884
f 3886/3886/3886 3885/3885/3885 3887/3887/3887 3888/3888/3888
o object_160
v 75 5 -40
v 75 5 -26
v 75 10 -40
v 75 10 -26
v 75 5 -26
v 70 5 -26
v 75 10 -26
v 70 10 -26
v 70 5 -26
v 70 5 -40
v 70 10 -26
v 70 10 -40
v 70 5 -40
v 75 5 -40
v 70 10 -40
v 75 10 -40
v 70 10 -40
v 70 10 -26
v 75 10 -40
v 75 10 -26
v 70 5 -26
v 70 5 -40
v 75 5 -26
v 75 5 -40
vt 0.25 0.25
vt 0.25 0.94853514432907104
vt 0.49853515625 0.25
vt 0.49853515625 0.94853514432907104
vt 0.25 0
vt 0.25 0.24853515625
vt 0.49853515625 0
vt 0.49853515625 0.24853515625
vt 0 0.25
vt 0 0.94853514432907104
vt 0.24853515625 0.25
vt 0.24853515625 0.94853514432907104
vt 0 0
vt 0 0.24853515625
vt 0.24853515625 0
vt 0.24853515625 0.24853515625
vt 0.75 0
vt 0.75 0.69999998807907104
vt 0.99853515625 0
vt 0.99853515625 0.69999998807907104
vt 0.5 0
vt 0.5 0.69999998807907104
vt 0.74853515625 0
vt 0.74853515625 0.69999998807907104
vn 1 0 0
vn 1 0 0
vn 1 0 0
vn 1 0 0
vn 0 0 1
vn 0 0 1
vn 0 0 1
vn 0 0 1
vn -1 0 0
vn -1 0 0
vn -1 0 0
vn -1 0 0
vn 0 0 -1
vn 0 0 -1
vn 0 0 -1
vn 0 0 -1
vn 0 1 0
vn 0 1 0
vn 0 1 0
vn 0 1 0
vn 0 -1 0
vn 0 -1 0
vn 0 -1 0
vn 0 -1 0
f 3890/3890/3890 3889/3889/3889 3891/3891/3891 3892/3892/3892
f 3894/3894/3894 3893/3893/3893 3895/3895/3895 3896/3896/3896
f 3898/3898/3898 3897/3897/3897 3899/3899/3899 3900/3900/3900
f 3902/3902/3902 3901/3901/3901 3903/3903/3903 3904/3904/3904
f 3906/3906/3906 3908/3908/3908 3907/3907/3907 3905/3905/3905
f 3910/3910/3910 3912/3912/3912 3911/3911/3911 3909/3909/3909
o object_161
v 64 5 -20
v 64 5 0
v 64 10 -20
v 64 10 0
v 64 5 0
v 60 5 0
v 64 10 0
v 60 10 0
v 60 5 0
v 60 5 -20
v 60 10 0
v 60 10 -20
v 60 5 -20
v 64 5 -20
v 60 10 -20
v 64 10 -20
v 60 10 -20
v 60 10 0
v 64 10 -20
v 64 10 0
v 60 5 0
v 60 5 -20
v 64 5 0
v 64 5 -20
vt 0.43478259444236755 0
vt 0.43478259444236755 0.86810034513473511
vt 0.65070909261703491 0
vt 0.65070909261703491 0.86810034513473511
vt 0 0.43478259444236755
vt 0 0.6086956262588501
vt 0.21592645347118378 0.43478259444236755
vt 0.21592645347118378 0.6086956262588501
vt 0.21739129722118378 0
vt 0.21739129722118378 0.86810034513473511
vt 0.43331775069236755 0
vt 0.43331775069236755 0.86810034513473511
vt 0 0
vt 0 0.17391304671764374
vt 0.21592645347118378 0
vt 0.21592645347118378 0.17391304671764374
vt 0.82608693838119507 0
vt 0.82608693838119507 0.86810034513473511
vt 0.99853515625 0
vt 0.99853515625 0.86810034513473511
vt 0.65217393636703491 0
vt 0.65217393636703491 0.86810034513473511
vt 0.82462209463119507 0
vt 0.82462209463119507 0.86810034513473511
vn 1 0 0
vn 1 0 0
vn 1 0 0
vn 1 0 0
vn 0 0 1
vn 0 0 1
vn 0 0 1
vn 0 0 1
vn -1 0 0
vn -1 0 0
vn -1 0 0
vn -1 0 0
vn 0 0 -1
vn 0 0 -1
vn 0 0 -1
vn 0 0 -1
vn 0 1 0
vn 0 1 0
vn 0 1 0
vn 0 1 0
vn 0 -1 0
vn 0 -1 0
vn 0 -1 0
vn 0 -1 0
f 3914/3914/3914 3913/3913/3913 3915/3915/3915 3916/3916/3916
f 3918/3918/3918 3917/3917/3917 3919/3919/3919 3920/3920/3920
f 3922/3922/3922 3921/3921/3921 3923/3923/3923 3924/3924/3924
f 3926/3926/3926 3925/3925/3925 3927/3927/3927 3928/3928/3928
f 3930/3930/3930 3932/3932/3932 3931/3931/3931 3929/3929/3929
f 3934/3934/3934 3936/3936/3936 3935/3935/3935 3933/3933/3933
o object_162
v 75 5 -40
v 75 5 -20
v 75 10 -40
v 75 10 -20
v 75 5 -20
v 60 5 -20
v 75 10 -20
v 60 10 -20
v 60 5 -20
v 60 5 -40
v 60 10 -20
v 60 10 -40
v 60 5 -40
v 75 5 -40
v 60 10 -40
v 75 10 -40
v 60 10 -40
v 60 10 -20
v 75 10 -40
v 75 10 -20
v 60 5 -20
v 60 5 -40
v 75 5 -20
v 75 5 -40
vt 0.8571428656578064 0
vt 0.8571428656578064 0.57142859697341919
vt 0.99853515625 0
vt 0.99853515625 0.57142859697341919
vt 0.1428571492433548 0.4285714328289032
vt 0.1428571492433548 0.8571428656578064
vt 0.28424945473670959 0.4285714328289032
vt 0.28424945473670959 0.8571428656578064
vt 0.71428573131561279 0
vt 0.71428573131561279 0.57142859697341919
vt 0.8556780219078064 0
vt 0.8556780219078064 0.57142859697341919
vt 0 0.4285714328289032
vt 0 0.8571428656578064
vt 0.1413923054933548 0.4285714328289032
vt 0.1413923054933548 0.8571428656578064
vt 0.28571429848670959 0.4285714328289032
vt 0.28571429848670959 0.99853515625
vt 0.71282088756561279 0.4285714328289032
vt 0.71282088756561279 0.99853515625
vt 0.57142859697341919 0
vt 0 0
vt 0.57142859697341919 0.4271065890789032
vt 0 0.4271065890789032
vn 1 0 0
vn 1 0 0
vn 1 0 0
vn 1 0 0
vn 0 0 1
vn 0 0 1
vn 0 0 1
vn 0 0 1
vn -1 0 0
vn -1 0 0
vn -1 0 0
vn -1 0 0
vn 0 0 -1
vn 0 0 -1
vn 0 0 -1
vn 0 0 -1
vn 0 1 0
vn 0 1 0
vn 0 1 0
vn 0 1 0
vn 0 -1 0
vn 0 -1 0
vn 0 -1 0
vn 0 -1 0
f 3938/3938/3938 3937/3937/3937 3939/3939/3939 3940/3940/3940
f 3942/3942/3942 3941/3941/3941 3943/3943/3943 3944/3944/3944
f 3946/3946/3946 3945/3945/3945 3947/3947/3947 3948/3948/3948
f 3950/3950/3950 3949/3949/3949 3951/3951/3951 3952/3952/3952
f 3954/3954/3954 3956/3956/3956 3955/3955/3955 3953/3953/3953
f 3958/3958/3958 3960/3960/3960 3959/3959/3959 3957/3957/3957
o object_163
v 75 5 -14
v 75 5 0
v 75 10 -14
v 75 10 0
v 75 5 0
v 64 5 0
v 75 10 0
v 64 10 0
v 64 5 0
v 64 5 -14
v 64 10 0
v 64 10 -14
v 64 5 -14
v 75 5 -14
v 64 10 -14
v 75 10 -14
v 64 10 -14
v 64 10 0
v 75 10 -14
v 75 10 0
v 64 5 0
v 64 5 -14
v 75 5 0
v 75 5 -14
vt 0.83870965242385864 0
vt 0.83870965242385864 0.45161288976669312
vt 0.99853515625 0
vt 0.99853515625 0.45161288976669312
vt 0.16129031777381897 0.35483869910240173
vt 0.16129031777381897 0.70967739820480347
vt 0.32111579179763794 0.35483869910240173
vt 0.32111579179763794 0.70967739820480347
vt 0.67741936445236206 0
vt 0.67741936445236206 0.45161288976669312
vt 0.83724480867385864 0
vt 0.83724480867385864 0.45161288976669312
vt 0 0.35483869910240173
vt 0 0.70967739820480347
vt 0.15982547402381897 0.35483869910240173
vt 0.15982547402381897 0.70967739820480347
vt 0.32258063554763794 0.35483869910240173
vt 0.32258063554763794 0.80498677492141724
vt 0.67595452070236206 0.35483869910240173
vt 0.67595452070236206 0.80498677492141724
vt 0.45161288976669312 0
vt 0 0
vt 0.45161288976669312 0.35337385535240173
vt 0 0.35337385535240173
vn 1 0 0
vn 1 0 0
vn 1 0 0
vn 1 0 0
vn 0 0 1
vn 0 0 1
vn 0 0 1
vn 0 0 1
vn -1 0 0
vn -1 0 0
vn -1 0 0
vn -1 0 0
vn 0 0 -1
vn 0 0 -1
vn 0 0 -1
vn 0 0 -1
vn 0 1 0
vn 0 1 0
vn 0 1 0
vn 0 1 0
vn 0 -1 0
vn 0 -1 0
vn 0 -1 0
vn 0 -1 0
f 3962/3962/3962 3961/3961/3961 3963/3963/3963 3964/3964/3964
f 3966/3966/3966 3965/3965/3965 3967/3967/3967 3968/3968/3968
f 3970/3970/3970 3969/3969/3969 3971/3971/3971 3972/3972/3972
f 3974/3974/3974 3973/3973/3973 3975/3975/3975 3976/3976/3976
f 3978/3978/3978 3980/3980/3980 3979/3979/3979 3977/3977/3977
f 3982/3982/3982 3984/3984/3984 3983/3983/3983 3981/3981/3981
o object_164
v 56 5 -20
v 56 5 0
v 56 10 -20
v 56 10 0
v 56 5 0
v 60 5 0
v 56 10 0
v 60 10 0
v 60 5 0
v 60 5 -20
v 60 10 0
v 60 10 -20
v 60 5 -20
v 56 5 -20
v 60 10 -20
v 56 10 -20
v 56 10 0
v 56 10 -20
v 60 10 0
v 60 10 -20
v 56 5 -20
v 56 5 0
v 60 5 -20
v 60 5 0
vt 0.43478259444236755 0
vt 0.43478259444236755 0.86810034513473511
vt 0.65070909261703491 0
vt 0.65070909261703491 0.86810034513473511
vt 0 0.43478259444236755
vt 0 0.6086956262588501
vt 0.21592645347118378 0.43478259444236755
vt 0.21592645347118378 0.6086956262588501
vt 0.21739129722118378 0
vt 0.21739129722118378 0.86810034513473511
vt 0.43331775069236755 0
vt 0.43331775069236755 0.86810034513473511
vt 0 0
vt 0 0.17391304671764374
vt 0.21592645347118378 0
vt 0.21592645347118378 0.17391304671764374
vt 0.82608693838119507 0
vt 0.82608693838119507 0.86810034513473511
vt 0.99853515625 0
vt 0.99853515625 0.86810034513473511
vt 0.65217393636703491 0
vt 0.65217393636703491 0.86810034513473511
vt 0.82462209463119507 0
vt 0.82462209463119507 0.86810034513473511
vn -1 0 0
vn -1 0 0
vn -1 0 0
vn -1 0 0
vn 0 0 1
vn 0 0 1
vn 0 0 1
vn 0 0 1
vn 1 0 0
vn 1 0 0
vn 1 0 0
vn 1 0 0
vn 0 0 -1
vn 0 0 -1
vn 0 0 -1
vn 0 0 -1
vn 0 1 0
vn 0 1 0
vn 0 1 0
vn 0 1 0
vn 0 -1 0
vn 0 -1 0
vn 0 -1 0
vn 0 -1 0
f 3986/3986/3986 3988/3988/3988 3987/3987/3987 3985/3985/3985
f 3990/3990/3990 3992/3992/3992 3991/3991/3991 3989/3989/3989
f 3994/3994/3994 3996/3996/3996 3995/3995/3995 3993/3993/3993
f 3998/3998/3998 4000/4000/4000 3999/3999/3999 3997/3997/3997
f 4002/4002/4002 4001/4001/4001 4003/4003/4003 4004/4004/4004
f 4006/4006/4006 4005/4005/4005 4007/4007/4007 4008/4008/4008
o object_165
v 45 5 -40
v 45 5 -20
v 45 10 -40
v 45 10 -20
v 45 5 -20
v 60 5 -20
v 45 10 -20
v 60 10 -20
v 60 5 -20
v 60 5 -40
v 60 10 -20
v 60 10 -40
v 60 5 -40
v 45 5 -40
v 60 10 -40
v 45 10 -40
v 45 10 -20
v 45 10 -40
v 60 10 -20
v 60 10 -40
v 45 5 -40
v 45 5 -20
v 60 5 -40
v 60 5 -20
vt 0.8571428656578064 0
vt 0.8571428656578064 0.57142859697341919
vt 0.99853515625 0
vt 0.99853515625 0.57142859697341919
vt 0.1428571492433548 0.4285714328289032
vt 0.1428571492433548 0.8571428656578064
vt 0.28424945473670959 0.4285714328289032
vt 0.28424945473670959 0.8571428656578064
vt 0.71428573131561279 0
vt 0.71428573131561279 0.57142859697341919
vt 0.8556780219078064 0
vt 0.8556780219078064 0.57142859697341919
vt 0 0.4285714328289032
vt 0 0.8571428656578064
vt 0.1413923054933548 0.4285714328289032
vt 0.1413923054933548 0.8571428656578064
vt 0.28571429848670959 0.4285714328289032
vt 0.28571429848670959 0.99853515625
vt 0.71282088756561279 0.4285714328289032
vt 0.71282088756561279 0.99853515625
vt 0.57142859697341919 0
vt 0 0
vt 0.57142859697341919 0.4271065890789032
vt 0 0.4271065890789032
vn -1 0 0
vn -1 0 0
vn -1 0 0
vn -1 0 0
vn 0 0 1
vn 0 0 1
vn 0 0 1
vn 0 0 1
vn 1 0 0
vn 1 0 0
vn 1 0 0
vn 1 0 0
vn 0 0 -1
vn 0 0 -1
vn 0 0 -1
vn 0 0 -1
vn 0 1 0
vn 0 1 0
vn 0 1 0
vn 0 1 0
vn 0 -1 0
vn 0 -1 0
vn 0 -1 0
vn 0 -1 0
f 4010/4010/4010 4012/4012/4012 4011/4011/4011 4009/4009/4009
f 4014/4014/4014 4016/4016/4016 4015/4015/4015 4013/4013/4013
f 4018/4018/4018 4020/4020/4020 4019/4019/4019 4017/4017/4017
f 4022/4022/4022 4024/4024/4024 4023/4023/4023 4021/4021/4021
f 4026/4026/4026 4025/4025/4025 4027/4027/4027 4028/4028/4028
f 4030/4030/4030 4029/4029/4029 4031/4031/4031 4032/4032/4032
o object_166
v 45 5 -14
v 45 5 0
v 45 10 -14
v 45 10 0
v 45 5 0
v 56 5 0
v 45 10 0
v 56 10 0
v 56 5 0
v 56 5 -14
v 56 10 0
v 56 10 -14
v 56 5 -14
v 45 5 -14
v 56 10 -14
v 45 10 -14
v 45 10 0
v 45 10 -14
v 56 10 0
v 56 10 -14
v 45 5 -14
v 45 5 0
v 56 5 -14
v 56 5 0
vt 0.83870965242385864 0
vt 0.83870965242385864 0.45161288976669312
vt 0.99853515625 0
vt 0.99853515625 0.45161288976669312
vt 0.16129031777381897 0.35483869910240173
vt 0.16129031777381897 0.70967739820480347
vt 0.32111579179763794 0.35483869910240173
vt 0.32111579179763794 0.70967739820480347
vt 0.67741936445236206 0
vt 0.67741936445236206 0.45161288976669312
vt 0.83724480867385864 0
vt 0.83724480867385864 0.45161288976669312
vt 0 0.35483869910240173
vt 0 0.70967739820480347
vt 0.15982547402381897 0.35483869910240173
vt 0.15982547402381897 0.70967739820480347
vt 0.32258063554763794 0.35483869910240173
vt 0.32258063554763794 0.80498677492141724
vt 0.67595452070236206 0.35483869910240173
vt 0.67595452070236206 0.80498677492141724
vt 0.45161288976669312 0
vt 0 0
vt 0.45161288976669312 0.35337385535240173
vt 0 0.35337385535240173
vn -1 0 0
vn -1 0 0
vn -1 0 0
vn -1 0 0
vn 0 0 1
vn 0 0 1
vn 0 0 1
vn 0 0 1
vn 1 0 0
vn 1 0 0
vn 1 0 0
vn 1 0 0
vn 0 0 -1
vn 0 0 -1
vn 0 0 -1
vn 0 0 -1
vn 0 1 0
vn 0 1 0
vn 0 1 0
vn 0 1 0
vn 0 -1 0
vn 0 -1 0
vn 0 -1 0
vn 0 -1 0
f 4034/4034/4034 4036/4036/4036 4035/4035/4035 4033/4033/4033
f 4038/4038/4038 4040/4040/4040 4039/4039/4039 4037/4037/4037
f 4042/4042/4042 4044/4044/4044 4043/4043/4043 4041/4041/4041
f 4046/4046/4046 4048/4048/4048 4047/4047/4047 4045/4045/4045
f 4050/4050/4050 4049/4049/4049 4051/4051/4051 4052/4052/4052
f 4054/4054/4054 4053/4053/4053 4055/4055/4055 4056/4056/4056
o object_167
v 60 5 -40
v 60 5 0
v 60 10 -40
v 60 10 0
v 60 5 0
v 90 5 0
v 60 10 0
v 90 10 0
v 90 5 0
v 90 5 -40
v 90 10 0
v 90 10 -40
v 90 5 -40
v 60 5 -40
v 90 10 -40
v 60 10 -40
v 60 10 0
v 60 10 -40
v 90 10 0
v 90 10 -40
v 60 5 -40
v 60 5 0
v 90 5 -40
v 90 5 0
vt 0.25 0
vt 0.25 0.66666668653488159
vt 0.3318684995174408 0
vt 0.3318684995174408 0.66666668653488159
vt 0.083333335816860199 0
vt 0.083333335816860199 0.5
vt 0.1652018278837204 0
vt 0.1652018278837204 0.5
vt 0.1666666716337204 0
vt 0.1666666716337204 0.66666668653488159
vt 0.24853515625 0
vt 0.24853515625 0.66666668653488159
vt 0 0
vt 0 0.5
vt 0.081868492066860199 0
vt 0.081868492066860199 0.5
vt 0.99853515625 0.5
vt 0.3333333432674408 0.5
vt 0.99853515625 0.99853515625
vt 0.3333333432674408 0.99853515625
vt 0.99853515625 0
vt 0.3333333432674408 0
vt 0.99853515625 0.49853515625
vt 0.3333333432674408 0.49853515625
vn -1 0 0
vn -1 0 0
vn -1 0 0
vn -1 0 0
vn 0 0 1
vn 0 0 1
vn 0 0 1
vn 0 0 1
vn 1 0 0
vn 1 0 0
vn 1 0 0
vn 1 0 0
vn 0 0 -1
vn 0 0 -1
vn 0 0 -1
vn 0 0 -1
vn 0 1 0
vn 0 1 0
vn 0 1 0
vn 0 1 0
vn 0 -1 0
vn 0 -1 0
vn 0 -1 0
vn 0 -1 0
f 4058/4058/4058 4060/4060/4060 4059/4059/4059 4057/4057/4057
f 4062/4062/4062 4064/4064/4064 4063/4063/4063 4061/4061/4061
f 4066/4066/4066 4068/4068/4068 4067/4067/4067 4065/4065/4065
f 4070/4070/4070 4072/4072/4072 4071/4071/4071 4069/4069/4069
f 4074/4074/4074 4073/4073/4073 4075/4075/4075 4076/4076/4076
f 4078/4078/4078 4077/4077/4077 4079/4079/4079 4080/4080/4080
o object_168
v 30 5 -40
v 30 5 0
v 30 10 -40
v 30 10 0
v 30 5 0
v 60 5 0
v 30 10 0
v 60 10 0
v 60 5 0
v 60 5 -40
v 60 10 0
v 60 10 -40
v 60 5 -40
v 30 5 -40
v 60 10 -40
v 30 10 -40
v 30 10 0
v 30 10 -40
v 60 10 0
v 60 10 -40
v 30 5 -40
v 30 5 0
v 60 5 -40
v 60 5 0
vt 0.25 0
vt 0.25 0.66666668653488159
vt 0.3318684995174408 0
vt 0.3318684995174408 0.66666668653488159
vt 0.083333335816860199 0
vt 0.083333335816860199 0.5
vt 0.1652018278837204 0
vt 0.1652018278837204 0.5
vt 0.1666666716337204 0
vt 0.1666666716337204 0.66666668653488159
vt 0.24853515625 0
vt 0.24853515625 0.66666668653488159
vt 0 0
vt 0 0.5
vt 0.081868492066860199 0
vt 0.081868492066860199 0.5
vt 0.99853515625 0.5
vt 0.3333333432674408 0.5
vt 0.99853515625 0.99853515625
vt 0.3333333432674408 0.99853515625
vt 0.99853515625 0
vt 0.3333333432674408 0
vt 0.99853515625 0.49853515625
vt 0.3333333432674408 0.49853515625
vn -1 0 0
vn -1 0 0
vn -1 0 0
vn -1 0 0
vn 0 0 1
vn 0 0 1
vn 0 0 1
vn 0 0 1
vn 1 0 0
vn 1 0 0
vn 1 0 0
vn 1 0 0
vn 0 0 -1
vn 0 0 -1
vn 0 0 -1
vn 0 0 -1
vn 0 1 0
vn 0 1 0
vn 0 1 0
vn 0 1 0
vn 0 -1 0
vn 0 -1 0
vn 0 -1 0
vn 0 -1 0
f 4082/4082/4082 4084/4084/4084 4083/4083/4083 4081/4081/4081
f 4086/4086/4086 4088/4088/4088 4087/4087/4087 4085/4085/4085
f 4090/4090/4090 4092/4092/4092 4091/4091/4091 4089/4089/4089
f 4094/4094/4094 4096/4096/4096 4095/4095/4095 4093/4093/4093
f 4098/4098/4098 4097/4097/4097 4099/4099/4099 4100/4100/4100
f 4102/4102/4102 4101/4101/4101 4103/4103/4103 4104/4104/4104
o object_169
v 180 0 -70
v 180 0 -90
v 180 5 -70
v 180 5 -90
v 180 0 -90
v 176 0 -90
v 180 5 -90
v 176 5 -90
v 176 0 -90
v 176 0 -70
v 176 5 -90
v 176 5 -70
v 176 0 -70
v 180 0 -70
v 176 5 -70
v 180 5 -70
v 176 5 -70
v 176 5 -90
v 180 5 -70
v 180 5 -90
v 176 0 -90
v 176 0 -70
v 180 0 -90
v 180 0 -70
vt 0.43478259444236755 0
vt 0.43478259444236755 0.86810034513473511
vt 0.65070909261703491 0
vt 0.65070909261703491 0.86810034513473511
vt 0 0.43478259444236755
vt 0 0.6086956262588501
vt 0.21592645347118378 0.43478259444236755
vt 0.21592645347118378 0.6086956262588501
vt 0.21739129722118378 0
vt 0.21739129722118378 0.86810034513473511
vt 0.43331775069236755 0
vt 0.43331775069236755 0.86810034513473511
vt 0 0
vt 0 0.17391304671764374
vt 0.21592645347118378 0
vt 0.21592645347118378 0.17391304671764374
vt 0.82608693838119507 0
vt 0.82608693838119507 0.86810034513473511
vt 0.99853515625 0
vt 0.99853515625 0.86810034513473511
vt 0.65217393636703491 0
vt 0.65217393636703491 0.86810034513473511
vt 0.82462209463119507 0
vt 0.82462209463119507 0.86810034513473511
vn 1 0 0
vn 1 0 0
vn 1 0 0
vn 1 0 0
vn 0 0 -1
vn 0 0 -1
vn 0 0 -1
vn 0 0 -1
vn -1 0 0
vn -1 0 0
vn -1 0 0
vn -1 0 0
vn 0 0 1
vn 0 0 1
vn 0 0 1
vn 0 0 1
vn 0 1 0
vn 0 1 0
vn 0 1 0
vn 0 1 0
vn 0 -1 0
vn 0 -1 0
vn 0 -1 0
vn 0 -1 0
f 4106/4106/4106 4108/4108/4108 4107/4107/4107 4105/4105/4105
f 4110/4110/4110 4112/4112/4112 4111/4111/4111 4109/4109/4109
f 4114/4114/4114 4116/4116/4116 4115/4115/4115 4113/4113/4113
f 4118/4118/4118 4120/4120/4120 4119/4119/4119 4117/4117/4117
f 4122/4122/4122 4121/4121/4121 4123/4123/4123 4124/4124/4124
f 4126/4126/4126 4125/4125/4125 4127/4127/4127 4128/4128/4128
o object_170
v 150 0 -85
v 150 0 -90
v 150 5 -85
v 150 5 -90
v 150 0 -90
v 165 0 -90
v 150 5 -90
v 165 5 -90
v 165 0 -90
v 165 0 -85
v 165 5 -90
v 165 5 -85
v 165 0 -85
v 150 0 -85
v 165 5 -85
v 150 5 -85
v 150 5 -90
v 150 5 -85
v 165 5 -90
v 165 5 -85
v 150 0 -85
v 150 0 -90
v 165 0 -85
v 165 0 -90
vt 0.25 0
vt 0.25 0.24853515625
vt 0.49853515625 0
vt 0.49853515625 0.24853515625
vt 0.25 0.25
vt 0.25 0.99853515625
vt 0.49853515625 0.25
vt 0.49853515625 0.99853515625
vt 0 0
vt 0 0.24853515625
vt 0.24853515625 0
vt 0.24853515625 0.24853515625
vt 0 0.25
vt 0 0.99853515625
vt 0.24853515625 0.25
vt 0.24853515625 0.99853515625
vt 0.99853515625 0
vt 0.75 0
vt 0.99853515625 0.75
vt 0.75 0.75
vt 0.74853515625 0
vt 0.5 0
vt 0.74853515625 0.75
vt 0.5 0.75
vn -1 0 0
vn -1 0 0
vn -1 0 0
vn -1 0 0
vn 0 0 -1
vn 0 0 -1
vn 0 0 -1
vn 0 0 -1
vn 1 0 0
vn 1 0 0
vn 1 0 0
vn 1 0 0
vn 0 0 1
vn 0 0 1
vn 0 0 1
vn 0 0 1
vn 0 1 0
vn 0 1 0
vn 0 1 0
vn 0 1 0
vn 0 -1 0
vn 0 -1 0
vn 0 -1 0
vn 0 -1 0
f 4130/4130/4130 4129/4129/4129 4131/4131/4131 4132/4132/4132
f 4134/4134/4134 4133/4133/4133 4135/4135/4135 4136/4136/4136
f 4138/4138/4138 4137/4137/4137 4139/4139/4139 4140/4140/4140
f 4142/4142/4142 4141/4141/4141 4143/4143/4143 4144/4144/4144
f 4146/4146/4146 4148/4148/4148 4147/4147/4147 4145/4145/4145
f 4150/4150/4150 4152/4152/4152 4151/4151/4151 4149/4149/4149
o object_171
v 165 0 -76
v 165 0 -90
v 165 5 -76
v 165 5 -90
v 165 0 -90
v 176 0 -90
v 165 5 -90
v 176 5 -90
v 176 0 -90
v 176 0 -76
v 176 5 -90
v 176 5 -76
v 176 0 -76
v 165 0 -76
v 176 5 -76
v 165 5 -76
v 165 5 -90
v 165 5 -76
v 176 5 -90
v 176 5 -76
v 165 0 -76
v 165 0 -90
v 176 0 -76
v 176 0 -90
vt 0.83870965242385864 0
vt 0.83870965242385864 0.45161288976669312
vt 0.99853515625 0
vt 0.99853515625 0.45161288976669312
vt 0.16129031777381897 0.35483869910240173
vt 0.16129031777381897 0.70967739820480347
vt 0.32111579179763794 0.35483869910240173
vt 0.32111579179763794 0.70967739820480347
vt 0.67741936445236206 0
vt 0.67741936445236206 0.45161288976669312
vt 0.83724480867385864 0
vt 0.83724480867385864 0.45161288976669312
vt 0 0.35483869910240173
vt 0 0.70967739820480347
vt 0.15982547402381897 0.35483869910240173
vt 0.15982547402381897 0.70967739820480347
vt 0.32258063554763794 0.35483869910240173
vt 0.32258063554763794 0.80498677492141724
vt 0.67595452070236206 0.35483869910240173
vt 0.67595452070236206 0.80498677492141724
vt 0.45161288976669312 0
vt 0 0
vt 0.45161288976669312 0.35337385535240173
vt 0 0.35337385535240173
vn -1 0 0
vn -1 0 0
vn -1 0 0
vn -1 0 0
vn 0 0 -1
vn 0 0 -1
vn 0 0 -1
vn 0 0 -1
vn 1 0 0
vn 1 0 0
vn 1 0 0
vn 1 0 0
vn 0 0 1
vn 0 0 1
vn 0 0 1
vn 0 0 1
vn 0 1 0
vn 0 1 0
vn 0 1 0
vn 0 1 0
vn 0 -1 0
vn 0 -1 0
vn 0 -1 0
vn 0 -1 0
f 4154/4154/4154 4153/4153/4153 4155/4155/4155 4156/4156/4156
f 4158/4158/4158 4157/4157/4157 4159/4159/4159 4160/4160/4160
f 4162/4162/4162 4161/4161/4161 4163/4163/4163 4164/4164/4164
f 4166/4166/4166 4165/4165/4165 4167/4167/4167 4168/4168/4168
f 4170/4170/4170 4172/4172/4172 4171/4171/4171 4169/4169/4169
f 4174/4174/4174 4176/4176/4176 4175/4175/4175 4173/4173/4173
o object_172
v 150 0 -50
v 150 0 -63
v 150 5 -50
v 150 5 -63
v 150 0 -63
v 157 0 -63
v 150 5 -63
v 157 5 -63
v 157 0 -63
v 157 0 -50
v 157 5 -63
v 157 5 -50
v 157 0 -50
v 150 0 -50
v 157 5 -50
v 150 5 -50
v 150 5 -63
v 150 5 -50
v 157 5 -63
v 157 5 -50
v 150 0 -50
v 150 0 -63
v 157 0 -50
v 157 0 -63
vt 0.56521737575531006 0.21739129722118378
vt 0 0.21739129722118378
vt 0.56521737575531006 0.43331775069236755
vt 0 0.43331775069236755
vt 0.30288296937942505 0.71739131212234497
vt 0 0.71739131212234497
vt 0.30288296937942505 0.93478262424468994
vt 0 0.93478262424468994
vt 0.56521737575531006 0
vt 0 0
vt 0.56521737575531006 0.21592645347118378
vt 0 0.21592645347118378
vt 0.30288296937942505 0.43478259444236755
vt 0 0.43478259444236755
vt 0.30288296937942505 0.65217393636703491
vt 0 0.65217393636703491
vt 0.6086956262588501 0
vt 0.6086956262588501 0.56521737575531006
vt 0.91157865524291992 0
vt 0.91157865524291992 0.56521737575531006
vt 0.30434781312942505 0.43478259444236755
vt 0.30434781312942505 0.99853515625
vt 0.6072307825088501 0.43478259444236755
vt 0.6072307825088501 0.99853515625
vn -1 0 0
vn -1 0 0
vn -1 0 0
vn -1 0 0
vn 0 0 -1
vn 0 0 -1
vn 0 0 -1
vn 0 0 -1
vn 1 0 0
vn 1 0 0
vn 1 0 0
vn 1 0 0
vn 0 0 1
vn 0 0 1
vn 0 0 1
vn 0 0 1
vn 0 1 0
vn 0 1 0
vn 0 1 0
vn 0 1 0
vn 0 -1 0
vn 0 -1 0
vn 0 -1 0
vn 0 -1 0
f 4178/4178/4178 4177/4177/4177 4179/4179/4179 4180/4180/4180
f 4182/4182/4182 4181/4181/4181 4183/4183/4183 4184/4184/4184
f 4186/4186/4186 4185/4185/4185 4187/4187/4187 4188/4188/4188
f 4190/4190/4190 4189/4189/4189 4191/4191/4191 4192/4192/4192
f 4194/4194/4194 4196/4196/4196 4195/4195/4195 4193/4193/4193
f 4198/4198/4198 4200/4200/4200 4199/4199/4199 4197/4197/4197
o object_173
v 150 0 -90
v 150 0 -50
v 150 5 -90
v 150 5 -50
v 150 0 -50
v 180 0 -50
v 150 5 -50
v 180 5 -50
v 180 0 -50
v 180 0 -90
v 180 5 -50
v 180 5 -90
v 180 0 -90
v 150 0 -90
v 180 5 -90
v 150 5 -90
v 150 5 -50
v 150 5 -90
v 180 5 -50
v 180 5 -90
v 150 0 -90
v 150 0 -50
v 180 0 -90
v 180 0 -50
vt 0.25 0
vt 0.25 0.66666668653488159
vt 0.3318684995174408 0
vt 0.3318684995174408 0.66666668653488159
vt 0.083333335816860199 0
vt 0.083333335816860199 0.5
vt 0.1652018278837204 0
vt 0.1652018278837204 0.5
vt 0.1666666716337204 0
vt 0.1666666716337204 0.66666668653488159
vt 0.24853515625 0
vt 0.24853515625 0.66666668653488159
vt 0 0
vt 0 0.5
vt 0.081868492066860199 0
vt 0.081868492066860199 0.5
vt 0.99853515625 0.5
vt 0.3333333432674408 0.5
vt 0.99853515625 0.99853515625
vt 0.3333333432674408 0.99853515625
vt 0.99853515625 0
vt 0.3333333432674408 0
vt 0.99853515625 0.49853515625
vt 0.3333333432674408 0.49853515625
vn -1 0 0
vn -1 0 0
vn -1 0 0
vn -1 0 0
vn 0 0 1
vn 0 0 1
vn 0 0 1
vn 0 0 1
vn 1 0 0
vn 1 0 0
vn 1 0 0
vn 1 0 0
vn 0 0 -1
vn 0 0 -1
vn 0 0 -1
vn 0 0 -1
vn 0 1 0
vn 0 1 0
vn 0 1 0
vn 0 1 0
vn 0 -1 0
vn 0 -1 0
vn 0 -1 0
vn 0 -1 0
f 4202/4202/4202 4204/4204/4204 4203/4203/4203 4201/4201/4201
f 4206/4206/4206 4208/4208/4208 4207/4207/4207 4205/4205/4205
f 4210/4210/4210 4212/4212/4212 4211/4211/4211 4209/4209/4209
f 4214/4214/4214 4216/4216/4216 4215/4215/4215 4213/4213/4213
f 4218/4218/4218 4217/4217/4217 4219/4219/4219 4220/4220/4220
f 4222/4222/4222 4221/4221/4221 4223/4223/4223 4224/4224/4224
o object_174
v 165 0 -50
v 165 0 -64
v 165 5 -50
v 165 5 -64
v 165 0 -64
v 170 0 -64
v 165 5 -64
v 170 5 -64
v 170 0 -64
v 170 0 -50
v 170 5 -64
v 170 5 -50
v 170 0 -50
v 165 0 -50
v 170 5 -50
v 165 5 -50
v 165 5 -64
v 165 5 -50
v 170 5 -64
v 170 5 -50
v 165 0 -50
v 165 0 -64
v 170 0 -50
v 170 0 -64
vt 0.25 0.25
vt 0.25 0.94853514432907104
vt 0.49853515625 0.25
vt 0.49853515625 0.94853514432907104
vt 0.25 0
vt 0.25 0.24853515625
vt 0.49853515625 0
vt 0.49853515625 0.24853515625
vt 0 0.25
vt 0 0.94853514432907104
vt 0.24853515625 0.25
vt 0.24853515625 0.94853514432907104
vt 0 0
vt 0 0.24853515625
vt 0.24853515625 0
vt 0.24853515625 0.24853515625
vt 0.75 0
vt 0.75 0.69999998807907104
vt 0.99853515625 0
vt 0.99853515625 0.69999998807907104
vt 0.5 0
vt 0.5 0.69999998807907104
vt 0.74853515625 0
vt 0.74853515625 0.69999998807907104
vn -1 0 0
vn -1 0 0
vn -1 0 0
vn -1 0 0
vn 0 0 -1
vn 0 0 -1
vn 0 0 -1
vn 0 0 -1
vn 1 0 0
vn 1 0 0
vn 1 0 0
vn 1 0 0
vn 0 0 1
vn 0 0 1
vn 0 0 1
vn 0 0 1
vn 0 1 0
vn 0 1 0
vn 0 1 0
vn 0 1 0
vn 0 -1 0
vn 0 -1 0
vn 0 -1 0
vn 0 -1 0
f 4226/4226/4226 4225/4225/4225 4227/4227/4227 4228/4228/4228
f 4230/4230/4230 4229/4229/4229 4231/4231/4231 4232/4232/4232
f 4234/4234/4234 4233/4233/4233 4235/4235/4235 4236/4236/4236
f 4238/4238/4238 4237/4237/4237 4239/4239/4239 4240/4240/4240
f 4242/4242/4242 4244/4244/4244 4243/4243/4243 4241/4241/4241
f 4246/4246/4246 4248/4248/4248 4247/4247/4247 4245/4245/4245
o object_175
v 165 0 -50
v 165 0 -70
v 165 5 -50
v 165 5 -70
v 165 0 -70
v 180 0 -70
v 165 5 -70
v 180 5 -70
v 180 0 -70
v 180 0 -50
v 180 5 -70
v 180 5 -50
v 180 0 -50
v 165 0 -50
v 180 5 -50
v 165 5 -50
v 165 5 -70
v 165 5 -50
v 180 5 -70
v 180 5 -50
v 165 0 -50
v 165 0 -70
v 180 0 -50
v 180 0 -70
vt 0.8571428656578064 0
vt 0.8571428656578064 0.57142859697341919
vt 0.99853515625 0
vt 0.99853515625 0.57142859697341919
vt 0.1428571492433548 0.4285714328289032
vt 0.1428571492433548 0.8571428656578064
vt 0.28424945473670959 0.4285714328289032
vt 0.28424945473670959 0.8571428656578064
vt 0.71428573131561279 0
vt 0.71428573131561279 0.57142859697341919
vt 0.8556780219078064 0
vt 0.8556780219078064 0.57142859697341919
vt 0 0.4285714328289032
vt 0 0.8571428656578064
vt 0.1413923054933548 0.4285714328289032
vt 0.1413923054933548 0.8571428656578064
vt 0.28571429848670959 0.4285714328289032
vt 0.28571429848670959 0.99853515625
vt 0.71282088756561279 0.4285714328289032
vt 0.71282088756561279 0.99853515625
vt 0.57142859697341919 0
vt 0 0
vt 0.57142859697341919 0.4271065890789032
vt 0 0.4271065890789032
vn -1 0 0
vn -1 0 0
vn -1 0 0
vn -1 0 0
vn 0 0 -1
vn 0 0 -1
vn 0 0 -1
vn 0 0 -1
vn 1 0 0
vn 1 0 0
vn 1 0 0
vn 1 0 0
vn 0 0 1
vn 0 0 1
vn 0 0 1
vn 0 0 1
vn 0 1 0
vn 0 1 0
vn 0 1 0
vn 0 1 0
vn 0 -1 0
vn 0 -1 0
vn 0 -1 0
vn 0 -1 0
f 4250/4250/4250 4249/4249/4249 4251/4251/4251 4252/4252/4252
f 4254/4254/4254 4253/4253/4253 4255/4255/4255 4256/4256/4256
f 4258/4258/4258 4257/4257/4257 4259/4259/4259 4260/4260/4260
f 4262/4262/4262 4261/4261/4261 4263/4263/4263 4264/4264/4264
f 4266/4266/4266 4268/4268/4268 4267/4267/4267 4265/4265/4265
f 4270/4270/4270 4272/4272/4272 4271/4271/4271 4269/4269/4269
o object_176
v 150 0 -50
v 150 0 -63
v 150 5 -50
v 150 5 -63
v 150 0 -63
v 143 0 -63
v 150 5 -63
v 143 5 -63
v 143 0 -63
v 143 0 -50
v 143 5 -63
v 143 5 -50
v 143 0 -50
v 150 0 -50
v 143 5 -50
v 150 5 -50
v 143 5 -50
v 143 5 -63
v 150 5 -50
v 150 5 -63
v 143 0 -63
v 143 0 -50
v 150 0 -63
v 150 0 -50
vt 0.56521737575531006 0.21739129722118378
vt 0 0.21739129722118378
vt 0.56521737575531006 0.43331775069236755
vt 0 0.43331775069236755
vt 0.30288296937942505 0.71739131212234497
vt 0 0.71739131212234497
vt 0.30288296937942505 0.93478262424468994
vt 0 0.93478262424468994
vt 0.56521737575531006 0
vt 0 0
vt 0.56521737575531006 0.21592645347118378
vt 0 0.21592645347118378
vt 0.30288296937942505 0.43478259444236755
vt 0 0.43478259444236755
vt 0.30288296937942505 0.65217393636703491
vt 0 0.65217393636703491
vt 0.6086956262588501 0
vt 0.6086956262588501 0.56521737575531006
vt 0.91157865524291992 0
vt 0.91157865524291992 0.56521737575531006
vt 0.30434781312942505 0.43478259444236755
vt 0.30434781312942505 0.99853515625
vt 0.6072307825088501 0.43478259444236755
vt 0.6072307825088501 0.99853515625
vn 1 0 0
vn 1 0 0
vn 1 0 0
vn 1 0 0
vn 0 0 -1
vn 0 0 -1
vn 0 0 -1
vn 0 0 -1
vn -1 0 0
vn -1 0 0
vn -1 0 0
vn -1 0 0
vn 0 0 1
vn 0 0 1
vn 0 0 1
vn 0 0 1
vn 0 1 0
vn 0 1 0
vn 0 1 0
vn 0 1 0
vn 0 -1 0
vn 0 -1 0
vn 0 -1 0
vn 0 -1 0
f 4274/4274/4274 4276/4276/4276 4275/4275/4275 4273/4273/4273
f 4278/4278/4278 4280/4280/4280 4279/4279/4279 4277/4277/4277
f 4282/4282/4282 4284/4284/4284 4283/4283/4283 4281/4281/4281
f 4286/4286/4286 4288/4288/4288 4287/4287/4287 4285/4285/4285
f 4290/4290/4290 4289/4289/4289 4291/4291/4291 4292/4292/4292
f 4294/4294/4294 4293/4293/4293 4295/4295/4295 4296/4296/4296
o object_177
v 135 0 -50
v 135 0 -64
v 135 5 -50
v 135 5 -64
v 135 0 -64
v 130 0 -64
v 135 5 -64
v 130 5 -64
v 130 0 -64
v 130 0 -50
v 130 5 -64
v 130 5 -50
v 130 0 -50
v 135 0 -50
v 130 5 -50
v 135 5 -50
v 130 5 -50
v 130 5 -64
v 135 5 -50
v 135 5 -64
v 130 0 -64
v 130 0 -50
v 135 0 -64
v 135 0 -50
vt 0.25 0.25
vt 0.25 0.94853514432907104
vt 0.49853515625 0.25
vt 0.49853515625 0.94853514432907104
vt 0.25 0
vt 0.25 0.24853515625
vt 0.49853515625 0
vt 0.49853515625 0.24853515625
vt 0 0.25
vt 0 0.94853514432907104
vt 0.24853515625 0.25
vt 0.24853515625 0.94853514432907104
vt 0 0
vt 0 0.24853515625
vt 0.24853515625 0
vt 0.24853515625 0.24853515625
vt 0.75 0
vt 0.75 0.69999998807907104
vt 0.99853515625 0
vt 0.99853515625 0.69999998807907104
vt 0.5 0
vt 0.5 0.69999998807907104
vt 0.74853515625 0
vt 0.74853515625 0.69999998807907104
vn 1 0 0
vn 1 0 0
vn 1 0 0
vn 1 0 0
vn 0 0 -1
vn 0 0 -1
vn 0 0 -1
vn 0 0 -1
vn -1 0 0
vn -1 0 0
vn -1 0 0
vn -1 0 0
vn 0 0 1
vn 0 0 1
vn 0 0 1
vn 0 0 1
vn 0 1 0
vn 0 1 0
vn 0 1 0
vn 0 1 0
vn 0 -1 0
vn 0 -1 0
vn 0 -1 0
vn 0 -1 0
f 4298/4298/4298 4300/4300/4300 4299/4299/4299 4297/4297/4297
f 4302/4302/4302 4304/4304/4304 4303/4303/4303 4301/4301/4301
f 4306/4306/4306 4308/4308/4308 4307/4307/4307 4305/4305/4305
f 4310/4310/4310 4312/4312/4312 4311/4311/4311 4309/4309/4309
f 4314/4314/4314 4313/4313/4313 4315/4315/4315 4316/4316/4316
f 4318/4318/4318 4317/4317/4317 4319/4319/4319 4320/4320/4320
o object_178
v 135 0 -50
v 135 0 -70
v 135 5 -50
v 135 5 -70
v 135 0 -70
v 120 0 -70
v 135 5 -70
v 120 5 -70
v 120 0 -70
v 120 0 -50
v 120 5 -70
v 120 5 -50
v 120 0 -50
v 135 0 -50
v 120 5 -50
v 135 5 -50
v 120 5 -50
v 120 5 -70
v 135 5 -50
v 135 5 -70
v 120 0 -70
v 120 0 -50
v 135 0 -70
v 135 0 -50
vt 0.8571428656578064 0
vt 0.8571428656578064 0.57142859697341919
vt 0.99853515625 0
vt 0.99853515625 0.57142859697341919
vt 0.1428571492433548 0.4285714328289032
vt 0.1428571492433548 0.8571428656578064
vt 0.28424945473670959 0.4285714328289032
vt 0.28424945473670959 0.8571428656578064
vt 0.71428573131561279 0
vt 0.71428573131561279 0.57142859697341919
vt 0.8556780219078064 0
vt 0.8556780219078064 0.57142859697341919
vt 0 0.4285714328289032
vt 0 0.8571428656578064
vt 0.1413923054933548 0.4285714328289032
vt 0.1413923054933548 0.8571428656578064
vt 0.28571429848670959 0.4285714328289032
vt 0.28571429848670959 0.99853515625
vt 0.71282088756561279 0.4285714328289032
vt 0.71282088756561279 0.99853515625
vt 0.57142859697341919 0
vt 0 0
vt 0.57142859697341919 0.4271065890789032
vt 0 0.4271065890789032
vn 1 0 0
vn 1 0 0
vn 1 0 0
vn 1 0 0
vn 0 0 -1
vn 0 0 -1
vn 0 0 -1
vn 0 0 -1
vn -1 0 0
vn -1 0 0
vn -1 0 0
vn -1 0 0
vn 0 0 1
vn 0 0 1
vn 0 0 1
vn 0 0 1
vn 0 1 0
vn 0 1 0
vn 0 1 0
vn 0 1 0
vn 0 -1 0
vn 0 -1 0
vn 0 -1 0
vn 0 -1 0
f 4322/4322/4322 4324/4324/4324 4323/4323/4323 4321/4321/4321
f 4326/4326/4326 4328/4328/4328 4327/4327/4327 4325/4325/4325
f 4330/4330/4330 4332/4332/4332 4331/4331/4331 4329/4329/4329
f 4334/4334/4334 4336/4336/4336 4335/4335/4335 4333/4333/4333
f 4338/4338/4338 4337/4337/4337 4339/4339/4339 4340/4340/4340
f 4342/4342/4342 4341/4341/4341 4343/4343/4343 4344/4344/4344
o object_179
v 124 0 -70
v 124 0 -90
v 124 5 -70
v 124 5 -90
v 124 0 -90
v 120 0 -90
v 124 5 -90
v 120 5 -90
v 120 0 -90
v 120 0 -70
v 120 5 -90
v 120 5 -70
v 120 0 -70
v 124 0 -70
v 120 5 -70
v 124 5 -70
v 120 5 -70
v 120 5 -90
v 124 5 -70
v 124 5 -90
v 120 0 -90
v 120 0 -70
v 124 0 -90
v 124 0 -70
vt 0.43478259444236755 0
vt 0.43478259444236755 0.86810034513473511
vt 0.65070909261703491 0
vt 0.65070909261703491 0.86810034513473511
vt 0 0.43478259444236755
vt 0 0.6086956262588501
vt 0.21592645347118378 0.43478259444236755
vt 0.21592645347118378 0.6086956262588501
vt 0.21739129722118378 0
vt 0.21739129722118378 0.86810034513473511
vt 0.43331775069236755 0
vt 0.43331775069236755 0.86810034513473511
vt 0 0
vt 0 0.17391304671764374
vt 0.21592645347118378 0
vt 0.21592645347118378 0.17391304671764374
vt 0.82608693838119507 0
vt 0.82608693838119507 0.86810034513473511
vt 0.99853515625 0
vt 0.99853515625 0.86810034513473511
vt 0.65217393636703491 0
vt 0.65217393636703491 0.86810034513473511
vt 0.82462209463119507 0
vt 0.82462209463119507 0.86810034513473511
vn 1 0 0
vn 1 0 0
vn 1 0 0
vn 1 0 0
vn 0 0 -1
vn 0 0 -1
vn 0 0 -1
vn 0 0 -1
vn -1 0 0
vn -1 0 0
vn -1 0 0
vn -1 0 0
vn 0 0 1
vn 0 0 1
vn 0 0 1
vn 0 0 1
vn 0 1 0
vn 0 1 0
vn 0 1 0
vn 0 1 0
vn 0 -1 0
vn 0 -1 0
vn 0 -1 0
vn 0 -1 0
f 4346/4346/4346 4348/4348/4348 4347/4347/4347 4345/4345/4345
f 4350/4350/4350 4352/4352/4352 4351/4351/4351 4349/4349/4349
f 4354/4354/4354 4356/4356/4356 4355/4355/4355 4353/4353/4353
f 4358/4358/4358 4360/4360/4360 4359/4359/4359 4357/4357/4357
f 4362/4362/4362 4361/4361/4361 4363/4363/4363 4364/4364/4364
f 4366/4366/4366 4365/4365/4365 4367/4367/4367 4368/4368/4368
o object_180
v 120 0 -90
v 120 0 -50
v 120 5 -90
v 120 5 -50
v 120 0 -50
v 150 0 -50
v 120 5 -50
v 150 5 -50
v 150 0 -50
v 150 0 -90
v 150 5 -50
v 150 5 -90
v 150 0 -90
v 120 0 -90
v 150 5 -90
v 120 5 -90
v 120 5 -50
v 120 5 -90
v 150 5 -50
v 150 5 -90
v 120 0 -90
v 120 0 -50
v 150 0 -90
v 150 0 -50
vt 0.25 0
vt 0.25 0.66666668653488159
vt 0.3318684995174408 0
vt 0.3318684995174408 0.66666668653488159
vt 0.083333335816860199 0
vt 0.083333335816860199 0.5
vt 0.1652018278837204 0
vt 0.1652018278837204 0.5
vt 0.1666666716337204 0
vt 0.1666666716337204 0.66666668653488159
vt 0.24853515625 0
vt 0.24853515625 0.66666668653488159
vt 0 0
vt 0 0.5
vt 0.081868492066860199 0
vt 0.081868492066860199 0.5
vt 0.99853515625 0.5
vt 0.3333333432674408 0.5
vt 0.99853515625 0.99853515625
vt 0.3333333432674408 0.99853515625
vt 0.99853515625 0
vt 0.3333333432674408 0
vt 0.99853515625 0.49853515625
vt 0.3333333432674408 0.49853515625
vn -1 0 0
vn -1 0 0
vn -1 0 0
vn -1 0 0
vn 0 0 1
vn 0 0 1
vn 0 0 1
vn 0 0 1
vn 1 0 0
vn 1 0 0
vn 1 0 0
vn 1 0 0
vn 0 0 -1
vn 0 0 -1
vn 0 0 -1
vn 0 0 -1
vn 0 1 0
vn 0 1 0
vn 0 1 0
vn 0 1 0
vn 0 -1 0
vn 0 -1 0
vn 0 -1 0
vn 0 -1 0
f 4370/4370/4370 4372/4372/4372 4371/4371/4371 4369/4369/4369
f 4374/4374/4374 4376/4376/4376 4375/4375/4375 4373/4373/4373
f 4378/4378/4378 4380/4380/4380 4379/4379/4379 4377/4377/4377
f 4382/4382/4382 4384/4384/4384 4383/4383/4383 4381/4381/4381
f 4386/4386/4386 4385/4385/4385 4387/4387/4387 4388/4388/4388
f 4390/4390/4390 4389/4389/4389 4391/4391/4391 4392/4392/4392
o object_181
v 135 0 -76
v 135 0 -90
v 135 5 -76
v 135 5 -90
v 135 0 -90
v 124 0 -90
v 135 5 -90
v 124 5 -90
v 124 0 -90
v 124 0 -76
v 124 5 -90
v 124 5 -76
v 124 0 -76
v 135 0 -76
v 124 5 -76
v 135 5 -76
v 124 5 -76
v 124 5 -90
v 135 5 -76
v 135 5 -90
v 124 0 -90
v 124 0 -76
v 135 0 -90
v 135 0 -76
vt 0.83870965242385864 0
vt 0.83870965242385864 0.45161288976669312
vt 0.99853515625 0
vt 0.99853515625 0.45161288976669312
vt 0.16129031777381897 0.35483869910240173
vt 0.16129031777381897 0.70967739820480347
vt 0.32111579179763794 0.35483869910240173
vt 0.32111579179763794 0.70967739820480347
vt 0.67741936445236206 0
vt 0.67741936445236206 0.45161288976669312
vt 0.83724480867385864 0
vt 0.83724480867385864 0.45161288976669312
vt 0 0.35483869910240173
vt 0 0.70967739820480347
vt 0.15982547402381897 0.35483869910240173
vt 0.15982547402381897 0.70967739820480347
vt 0.32258063554763794 0.35483869910240173
vt 0.32258063554763794 0.80498677492141724
vt 0.67595452070236206 0.35483869910240173
vt 0.67595452070236206 0.80498677492141724
vt 0.45161288976669312 0
vt 0 0
vt 0.45161288976669312 0.35337385535240173
vt 0 0.35337385535240173
vn 1 0 0
vn 1 0 0
vn 1 0 0
vn 1 0 0
vn 0 0 -1
vn 0 0 -1
vn 0 0 -1
vn 0 0 -1
vn -1 0 0
vn -1 0 0
vn -1 0 0
vn -1 0 0
vn 0 0 1
vn 0 0 1
vn 0 0 1
vn 0 0 1
vn 0 1 0
vn 0 1 0
vn 0 1 0
vn 0 1 0
vn 0 -1 0
vn 0 -1 0
vn 0 -1 0
vn 0 -1 0
f 4394/4394/4394 4396/4396/4396 4395/4395/4395 4393/4393/4393
f 4398/4398/4398 4400/4400/4400 4399/4399/4399 4397/4397/4397
f 4402/4402/4402 4404/4404/4404 4403/4403/4403 4401/4401/4401
f 4406/4406/4406 4408/4408/4408 4407/4407/4407 4405/4405/4405
f 4410/4410/4410 4409/4409/4409 4411/4411/4411 4412/4412/4412
f 4414/4414/4414 4413/4413/4413 4415/4415/4415 4416/4416/4416
o object_182
v 150 0 -85
v 150 0 -90
v 150 5 -85
v 150 5 -90
v 150 0 -90
v 135 0 -90
v 150 5 -90
v 135 5 -90
v 135 0 -90
v 135 0 -85
v 135 5 -90
v 135 5 -85
v 135 0 -85
v 150 0 -85
v 135 5 -85
v 150 5 -85
v 135 5 -85
v 135 5 -90
v 150 5 -85
v 150 5 -90
v 135 0 -90
v 135 0 -85
v 150 0 -90
v 150 0 -85
vt 0.25 0
vt 0.25 0.24853515625
vt 0.49853515625 0
vt 0.49853515625 0.24853515625
vt 0.25 0.25
vt 0.25 0.99853515625
vt 0.49853515625 0.25
vt 0.49853515625 0.99853515625
vt 0 0
vt 0 0.24853515625
vt 0.24853515625 0
vt 0.24853515625 0.24853515625
vt 0 0.25
vt 0 0.99853515625
vt 0.24853515625 0.25
vt 0.24853515625 0.99853515625
vt 0.99853515625 0
vt 0.75 0
vt 0.99853515625 0.75
vt 0.75 0.75
vt 0.74853515625 0
vt 0.5 0
vt 0.74853515625 0.75
vt 0.5 0.75
vn 1 0 0
vn 1 0 0
vn 1 0 0
vn 1 0 0
vn 0 0 -1
vn 0 0 -1
vn 0 0 -1
vn 0 0 -1
vn -1 0 0
vn -1 0 0
vn -1 0 0
vn -1 0 0
vn 0 0 1
vn 0 0 1
vn 0 0 1
vn 0 0 1
vn 0 1 0
vn 0 1 0
vn 0 1 0
vn 0 1 0
vn 0 -1 0
vn 0 -1 0
vn 0 -1 0
vn 0 -1 0
f 4418/4418/4418 4420/4420/4420 4419/4419/4419 4417/4417/4417
f 4422/4422/4422 4424/4424/4424 4423/4423/4423 4421/4421/4421
f 4426/4426/4426 4428/4428/4428 4427/4427/4427 4425/4425/4425
f 4430/4430/4430 4432/4432/4432 4431/4431/4431 4429/4429/4429
f 4434/4434/4434 4433/4433/4433 4435/4435/4435 4436/4436/4436
f 4438/4438/4438 4437/4437/4437 4439/4439/4439 4440/4440/4440
o object_183
v 90 0 -85
v 90 0 -90
v 90 5 -85
v 90 5 -90
v 90 0 -90
v 105 0 -90
v 90 5 -90
v 105 5 -90
v 105 0 -90
v 105 0 -85
v 105 5 -90
v 105 5 -85
v 105 0 -85
v 90 0 -85
v 105 5 -85
v 90 5 -85
v 90 5 -90
v 90 5 -85
v 105 5 -90
v 105 5 -85
v 90 0 -85
v 90 0 -90
v 105 0 -85
v 105 0 -90
vt 0.25 0
vt 0.25 0.24853515625
vt 0.49853515625 0
vt 0.49853515625 0.24853515625
vt 0.25 0.25
vt 0.25 0.99853515625
vt 0.49853515625 0.25
vt 0.49853515625 0.99853515625
vt 0 0
vt 0 0.24853515625
vt 0.24853515625 0
vt 0.24853515625 0.24853515625
vt 0 0.25
vt 0 0.99853515625
vt 0.24853515625 0.25
vt 0.24853515625 0.99853515625
vt 0.99853515625 0
vt 0.75 0
vt 0.99853515625 0.75
vt 0.75 0.75
vt 0.74853515625 0
vt 0.5 0
vt 0.74853515625 0.75
vt 0.5 0.75
vn -1 0 0
vn -1 0 0
vn -1 0 0
vn -1 0 0
vn 0 0 -1
vn 0 0 -1
vn 0 0 -1
vn 0 0 -1
vn 1 0 0
vn 1 0 0
vn 1 0 0
vn 1 0 0
vn 0 0 1
vn 0 0 1
vn 0 0 1
vn 0 0 1
vn 0 1 0
vn 0 1 0
vn 0 1 0
vn 0 1 0
vn 0 -1 0
vn 0 -1 0
vn 0 -1 0
vn 0 -1 0
f 4442/4442/4442 4441/4441/4441 4443/4443/4443 4444/4444/4444
f 4446/4446/4446 4445/4445/4445 4447/4447/4447 4448/4448/4448
f 4450/4450/4450 4449/4449/4449 4451/4451/4451 4452/4452/4452
f 4454/4454/4454 4453/4453/4453 4455/4455/4455 4456/4456/4456
f 4458/4458/4458 4460/4460/4460 4459/4459/4459 4457/4457/4457
f 4462/4462/4462 4464/4464/4464 4463/4463/4463 4461/4461/4461
o object_184
v 105 0 -50
v 105 0 -70
v 105 5 -50
v 105 5 -70
v 105 0 -70
v 120 0 -70
v 105 5 -70
v 120 5 -70
v 120 0 -70
v 120 0 -50
v 120 5 -70
v 120 5 -50
v 120 0 -50
v 105 0 -50
v 120 5 -50
v 105 5 -50
v 105 5 -70
v 105 5 -50
v 120 5 -70
v 120 5 -50
v 105 0 -50
v 105 0 -70
v 120 0 -50
v 120 0 -70
vt 0.8571428656578064 0
vt 0.8571428656578064 0.57142859697341919
vt 0.99853515625 0
vt 0.99853515625 0.57142859697341919
vt 0.1428571492433548 0.4285714328289032
vt 0.1428571492433548 0.8571428656578064
vt 0.28424945473670959 0.4285714328289032
vt 0.28424945473670959 0.8571428656578064
vt 0.71428573131561279 0
vt 0.71428573131561279 0.57142859697341919
vt 0.8556780219078064 0
vt 0.8556780219078064 0.57142859697341919
vt 0 0.4285714328289032
vt 0 0.8571428656578064
vt 0.1413923054933548 0.4285714328289032
vt 0.1413923054933548 0.8571428656578064
vt 0.28571429848670959 0.4285714328289032
vt 0.28571429848670959 0.99853515625
vt 0.71282088756561279 0.4285714328289032
vt 0.71282088756561279 0.99853515625
vt 0.57142859697341919 0
vt 0 0
vt 0.57142859697341919 0.4271065890789032
vt 0 0.4271065890789032
vn -1 0 0
vn -1 0 0
vn -1 0 0
vn -1 0 0
vn 0 0 -1
vn 0 0 -1
vn 0 0 -1
vn 0 0 -1
vn 1 0 0
vn 1 0 0
vn 1 0 0
vn 1 0 0
vn 0 0 1
vn 0 0 1
vn 0 0 1
vn 0 0 1
vn 0 1 0
vn 0 1 0
vn 0 1 0
vn 0 1 0
vn 0 -1 0
vn 0 -1 0
vn 0 -1 0
vn 0 -1 0
f 4466/4466/4466 4465/4465/4465 4467/4467/4467 4468/4468/4468
f 4470/4470/4470 4469/4469/4469 4471/4471/4471 4472/4472/4472
f 4474/4474/4474 4473/4473/4473 4475/4475/4475 4476/4476/4476
f 4478/4478/4478 4477/4477/4477 4479/4479/4479 4480/4480/4480
f 4482/4482/4482 4484/4484/4484 4483/4483/4483 4481/4481/4481
f 4486/4486/4486 4488/4488/4488 4487/4487/4487 4485/4485/4485
o object_185
v 105 0 -50
v 105 0 -64
v 105 5 -50
v 105 5 -64
v 105 0 -64
v 110 0 -64
v 105 5 -64
v 110 5 -64
v 110 0 -64
v 110 0 -50
v 110 5 -64
v 110 5 -50
v 110 0 -50
v 105 0 -50
v 110 5 -50
v 105 5 -50
v 105 5 -64
v 105 5 -50
v 110 5 -64
v 110 5 -50
v 105 0 -50
v 105 0 -64
v 110 0 -50
v 110 0 -64
vt 0.25 0.25
vt 0.25 0.94853514432907104
vt 0.49853515625 0.25
vt 0.49853515625 0.94853514432907104
vt 0.25 0
vt 0.25 0.24853515625
vt 0.49853515625 0
vt 0.49853515625 0.24853515625
vt 0 0.25
vt 0 0.94853514432907104
vt 0.24853515625 0.25
vt 0.24853515625 0.94853514432907104
vt 0 0
vt 0 0.24853515625
vt 0.24853515625 0
vt 0.24853515625 0.24853515625
vt 0.75 0
vt 0.75 0.69999998807907104
vt 0.99853515625 0
vt 0.99853515625 0.69999998807907104
vt 0.5 0
vt 0.5 0.69999998807907104
vt 0.74853515625 0
vt 0.74853515625 0.69999998807907104
vn -1 0 0
vn -1 0 0
vn -1 0 0
vn -1 0 0
vn 0 0 -1
vn 0 0 -1
vn 0 0 -1
vn 0 0 -1
vn 1 0 0
vn 1 0 0
vn 1 0 0
vn 1 0 0
vn 0 0 1
vn 0 0 1
vn 0 0 1
vn 0 0 1
vn 0 1 0
vn 0 1 0
vn 0 1 0
vn 0 1 0
vn 0 -1 0
vn 0 -1 0
vn 0 -1 0
vn 0 -1 0
f 4490/4490/4490 4489/4489/4489 4491/4491/4491 4492/4492/4492
f 4494/4494/4494 4493/4493/4493 4495/4495/4495 4496/4496/4496
f 4498/4498/4498 4497/4497/4497 4499/4499/4499 4500/4500/4500
f 4502/4502/4502 4501/4501/4501 4503/4503/4503 4504/4504/4504
f 4506/4506/4506 4508/4508/4508 4507/4507/4507 4505/4505/4505
f 4510/4510/4510 4512/4512/4512 4511/4511/4511 4509/4509/4509
o object_186
v 105 0 -76
v 105 0 -90
v 105 5 -76
v 105 5 -90
v 105 0 -90
v 116 0 -90
v 105 5 -90
v 116 5 -90
v 116 0 -90
v 116 0 -76
v 116 5 -90
v 116 5 -76
v 116 0 -76
v 105 0 -76
v 116 5 -76
v 105 5 -76
v 105 5 -90
v 105 5 -76
v 116 5 -90
v 116 5 -76
v 105 0 -76
v 105 0 -90
v 116 0 -76
v 116 0 -90
vt 0.83870965242385864 0
vt 0.83870965242385864 0.45161288976669312
vt 0.99853515625 0
vt 0.99853515625 0.45161288976669312
vt 0.16129031777381897 0.35483869910240173
vt 0.16129031777381897 0.70967739820480347
vt 0.32111579179763794 0.35483869910240173
vt 0.32111579179763794 0.70967739820480347
vt 0.67741936445236206 0
vt 0.67741936445236206 0.45161288976669312
vt 0.83724480867385864 0
vt 0.83724480867385864 0.45161288976669312
vt 0 0.35483869910240173
vt 0 0.70967739820480347
vt 0.15982547402381897 0.35483869910240173
vt 0.15982547402381897 0.70967739820480347
vt 0.32258063554763794 0.35483869910240173
vt 0.32258063554763794 0.80498677492141724
vt 0.67595452070236206 0.35483869910240173
vt 0.67595452070236206 0.80498677492141724
vt 0.45161288976669312 0
vt 0 0
vt 0.45161288976669312 0.35337385535240173
vt 0 0.35337385535240173
vn -1 0 0
vn -1 0 0
vn -1 0 0
vn -1 0 0
vn 0 0 -1
vn 0 0 -1
vn 0 0 -1
vn 0 0 -1
vn 1 0 0
vn 1 0 0
vn 1 0 0
vn 1 0 0
vn 0 0 1
vn 0 0 1
vn 0 0 1
vn 0 0 1
vn 0 1 0
vn 0 1 0
vn 0 1 0
vn 0 1 0
vn 0 -1 0
vn 0 -1 0
vn 0 -1 0
vn 0 -1 0
f 4514/4514/4514 4513/4513/4513 4515/4515/4515 4516/4516/4516
f 4518/4518/4518 4517/4517/4517 4519/4519/4519 4520/4520/4520
f 4522/4522/4522 4521/4521/4521 4523/4523/4523 4524/4524/4524
f 4526/4526/4526 4525/4525/4525 4527/4527/4527 4528/4528/4528
f 4530/4530/4530 4532/4532/4532 4531/4531/4531 4529/4529/4529
f 4534/4534/4534 4536/4536/4536 4535/4535/4535 4533/4533/4533
o object_187
v 116 0 -70
v 116 0 -90
v 116 5 -70
v 116 5 -90
v 116 0 -90
v 120 0 -90
v 116 5 -90
v 120 5 -90
v 120 0 -90
v 120 0 -70
v 120 5 -90
v 120 5 -70
v 120 0 -70
v 116 0 -70
v 120 5 -70
v 116 5 -70
v 116 5 -90
v 116 5 -70
v 120 5 -90
v 120 5 -70
v 116 0 -70
v 116 0 -90
v 120 0 -70
v 120 0 -90
vt 0.43478259444236755 0
vt 0.43478259444236755 0.86810034513473511
vt 0.65070909261703491 0
vt 0.65070909261703491 0.86810034513473511
vt 0 0.43478259444236755
vt 0 0.6086956262588501
vt 0.21592645347118378 0.43478259444236755
vt 0.21592645347118378 0.6086956262588501
vt 0.21739129722118378 0
vt 0.21739129722118378 0.86810034513473511
vt 0.43331775069236755 0
vt 0.43331775069236755 0.86810034513473511
vt 0 0
vt 0 0.17391304671764374
vt 0.21592645347118378 0
vt 0.21592645347118378 0.17391304671764374
vt 0.82608693838119507 0
vt 0.82608693838119507 0.86810034513473511
vt 0.99853515625 0
vt 0.99853515625 0.86810034513473511
vt 0.65217393636703491 0
vt 0.65217393636703491 0.86810034513473511
vt 0.82462209463119507 0
vt 0.82462209463119507 0.86810034513473511
vn -1 0 0
vn -1 0 0
vn -1 0 0
vn -1 0 0
vn 0 0 -1
vn 0 0 -1
vn 0 0 -1
vn 0 0 -1
vn 1 0 0
vn 1 0 0
vn 1 0 0
vn 1 0 0
vn 0 0 1
vn 0 0 1
vn 0 0 1
vn 0 0 1
vn 0 1 0
vn 0 1 0
vn 0 1 0
vn 0 1 0
vn 0 -1 0
vn 0 -1 0
vn 0 -1 0
vn 0 -1 0
f 4538/4538/4538 4537/4537/4537 4539/4539/4539 4540/4540/4540
f 4542/4542/4542 4541/4541/4541 4543/4543/4543 4544/4544/4544
f 4546/4546/4546 4545/4545/4545 4547/4547/4547 4548/4548/4548
f 4550/4550/4550 4549/4549/4549 4551/4551/4551 4552/4552/4552
f 4554/4554/4554 4556/4556/4556 4555/4555/4555 4553/4553/4553
f 4558/4558/4558 4560/4560/4560 4559/4559/4559 4557/4557/4557
o object_188
v 90 0 -85
v 90 0 -90
v 90 5 -85
v 90 5 -90
v 90 0 -90
v 75 0 -90
v 90 5 -90
v 75 5 -90
v 75 0 -90
v 75 0 -85
v 75 5 -90
v 75 5 -85
v 75 0 -85
v 90 0 -85
v 75 5 -85
v 90 5 -85
v 75 5 -85
v 75 5 -90
v 90 5 -85
v 90 5 -90
v 75 0 -90
v 75 0 -85
v 90 0 -90
v 90 0 -85
vt 0.25 0
vt 0.25 0.24853515625
vt 0.49853515625 0
vt 0.49853515625 0.24853515625
vt 0.25 0.25
vt 0.25 0.99853515625
vt 0.49853515625 0.25
vt 0.49853515625 0.99853515625
vt 0 0
vt 0 0.24853515625
vt 0.24853515625 0
vt 0.24853515625 0.24853515625
vt 0 0.25
vt 0 0.99853515625
vt 0.24853515625 0.25
vt 0.24853515625 0.99853515625
vt 0.99853515625 0
vt 0.75 0
vt 0.99853515625 0.75
vt 0.75 0.75
vt 0.74853515625 0
vt 0.5 0
vt 0.74853515625 0.75
vt 0.5 0.75
vn 1 0 0
vn 1 0 0
vn 1 0 0
vn 1 0 0
vn 0 0 -1
vn 0 0 -1
vn 0 0 -1
vn 0 0 -1
vn -1 0 0
vn -1 0 0
vn -1 0 0
vn -1 0 0
vn 0 0 1
vn 0 0 1
vn 0 0 1
vn 0 0 1
vn 0 1 0
vn 0 1 0
vn 0 1 0
vn 0 1 0
vn 0 -1 0
vn 0 -1 0
vn 0 -1 0
vn 0 -1 0
f 4562/4562/4562 4564/4564/4564 4563/4563/4563 4561/4561/4561
f 4566/4566/4566 4568/4568/4568 4567/4567/4567 4565/4565/4565
f 4570/4570/4570 4572/4572/4572 4571/4571/4571 4569/4569/4569
f 4574/4574/4574 4576/4576/4576 4575/4575/4575 4573/4573/4573
f 4578/4578/4578 4577/4577/4577 4579/4579/4579 4580/4580/4580
f 4582/4582/4582 4581/4581/4581 4583/4583/4583 4584/4584/4584
o object_189
v 90 0 -50
v 90 0 -63
v 90 5 -50
v 90 5 -63
v 90 0 -63
v 97 0 -63
v 90 5 -63
v 97 5 -63
v 97 0 -63
v 97 0 -50
v 97 5 -63
v 97 5 -50
v 97 0 -50
v 90 0 -50
v 97 5 -50
v 90 5 -50
v 90 5 -63
v 90 5 -50
v 97 5 -63
v 97 5 -50
v 90 0 -50
v 90 0 -63
v 97 0 -50
v 97 0 -63
vt 0.56521737575531006 0.21739129722118378
vt 0 0.21739129722118378
vt 0.56521737575531006 0.43331775069236755
vt 0 0.43331775069236755
vt 0.30288296937942505 0.71739131212234497
vt 0 0.71739131212234497
vt 0.30288296937942505 0.93478262424468994
vt 0 0.93478262424468994
vt 0.56521737575531006 0
vt 0 0
vt 0.56521737575531006 0.21592645347118378
vt 0 0.21592645347118378
vt 0.30288296937942505 0.43478259444236755
vt 0 0.43478259444236755
vt 0.30288296937942505 0.65217393636703491
vt 0 0.65217393636703491
vt 0.6086956262588501 0
vt 0.6086956262588501 0.56521737575531006
vt 0.91157865524291992 0
vt 0.91157865524291992 0.56521737575531006
vt 0.30434781312942505 0.43478259444236755
vt 0.30434781312942505 0.99853515625
vt 0.6072307825088501 0.43478259444236755
vt 0.6072307825088501 0.99853515625
vn -1 0 0
vn -1 0 0
vn -1 0 0
vn -1 0 0
vn 0 0 -1
vn 0 0 -1
vn 0 0 -1
vn 0 0 -1
vn 1 0 0
vn 1 0 0
vn 1 0 0
vn 1 0 0
vn 0 0 1
vn 0 0 1
vn 0 0 1
vn 0 0 1
vn 0 1 0
vn 0 1 0
vn 0 1 0
vn 0 1 0
vn 0 -1 0
vn 0 -1 0
vn 0 -1 0
vn 0 -1 0
f 4586/4586/4586 4585/4585/4585 4587/4587/4587 4588/4588/4588
f 4590/4590/4590 4589/4589/4589 4591/4591/4591 4592/4592/4592
f 4594/4594/4594 4593/4593/4593 4595/4595/4595 4596/4596/4596
f 4598/4598/4598 4597/4597/4597 4599/4599/4599 4600/4600/4600
f 4602/4602/4602 4604/4604/4604 4603/4603/4603 4601/4601/4601
f 4606/4606/4606 4608/4608/4608 4607/4607/4607 4605/4605/4605
o object_190
v 90 0 -90
v 90 0 -50
v 90 5 -90
v 90 5 -50
v 90 0 -50
v 120 0 -50
v 90 5 -50
v 120 5 -50
v 120 0 -50
v 120 0 -90
v 120 5 -50
v 120 5 -90
v 120 0 -90
v 90 0 -90
v 120 5 -90
v 90 5 -90
v 90 5 -50
v 90 5 -90
v 120 5 -50
v 120 5 -90
v 90 0 -90
v 90 0 -50
v 120 0 -90
v 120 0 -50
vt 0.25 0
vt 0.25 0.66666668653488159
vt 0.3318684995174408 0
vt 0.3318684995174408 0.66666668653488159
vt 0.083333335816860199 0
vt 0.083333335816860199 0.5
vt 0.1652018278837204 0
vt 0.1652018278837204 0.5
vt 0.1666666716337204 0
vt 0.1666666716337204 0.66666668653488159
vt 0.24853515625 0
vt 0.24853515625 0.66666668653488159
vt 0 0
vt 0 0.5
vt 0.081868492066860199 0
vt 0.081868492066860199 0.5
vt 0.99853515625 0.5
vt 0.3333333432674408 0.5
vt 0.99853515625 0.99853515625
vt 0.3333333432674408 0.99853515625
vt 0.99853515625 0
vt 0.3333333432674408 0
vt 0.99853515625 0.49853515625
vt 0.3333333432674408 0.49853515625
vn -1 0 0
vn -1 0 0
vn -1 0 0
vn -1 0 0
vn 0 0 1
vn 0 0 1
vn 0 0 1
vn 0 0 1
vn 1 0 0
vn 1 0 0
vn 1 0 0
vn 1 0 0
vn 0 0 -1
vn 0 0 -1
vn 0 0 -1
vn 0 0 -1
vn 0 1 0
vn 0 1 0
vn 0 1 0
vn 0 1 0
vn 0 -1 0
vn 0 -1 0
vn 0 -1 0
vn 0 -1 0
f 4610/4610/4610 4612/4612/4612 4611/4611/4611 4609/4609/4609
f 4614/4614/4614 4616/4616/4616 4615/4615/4615 4613/4613/4613
f 4618/4618/4618 4620/4620/4620 4619/4619/4619 4617/4617/4617
f 4622/4622/4622 4624/4624/4624 4623/4623/4623 4621/4621/4621
f 4626/4626/4626 4625/4625/4625 4627/4627/4627 4628/4628/4628
f 4630/4630/4630 4629/4629/4629 4631/4631/4631 4632/4632/4632
o object_191
v 90 0 -50
v 90 0 -63
v 90 5 -50
v 90 5 -63
v 90 0 -63
v 83 0 -63
v 90 5 -63
v 83 5 -63
v 83 0 -63
v 83 0 -50
v 83 5 -63
v 83 5 -50
v 83 0 -50
v 90 0 -50
v 83 5 -50
v 90 5 -50
v 83 5 -50
v 83 5 -63
v 90 5 -50
v 90 5 -63
v 83 0 -63
v 83 0 -50
v 90 0 -63
v 90 0 -50
vt 0.56521737575531006 0.21739129722118378
vt 0 0.21739129722118378
vt 0.56521737575531006 0.43331775069236755
vt 0 0.43331775069236755
vt 0.30288296937942505 0.71739131212234497
vt 0 0.71739131212234497
vt 0.30288296937942505 0.93478262424468994
vt 0 0.93478262424468994
vt 0.56521737575531006 0
vt 0 0
vt 0.56521737575531006 0.21592645347118378
vt 0 0.21592645347118378
vt 0.30288296937942505 0.43478259444236755
vt 0 0.43478259444236755
vt 0.30288296937942505 0.65217393636703491
vt 0 0.65217393636703491
vt 0.6086956262588501 0
vt 0.6086956262588501 0.56521737575531006
vt 0.91157865524291992 0
vt 0.91157865524291992 0.56521737575531006
vt 0.30434781312942505 0.43478259444236755
vt 0.30434781312942505 0.99853515625
vt 0.6072307825088501 0.43478259444236755
vt 0.6072307825088501 0.99853515625
vn 1 0 0
vn 1 0 0
vn 1 0 0
vn 1 0 0
vn 0 0 -1
vn 0 0 -1
vn 0 0 -1
vn 0 0 -1
vn -1 0 0
vn -1 0 0
vn -1 0 0
vn -1 0 0
vn 0 0 1
vn 0 0 1
vn 0 0 1
vn 0 0 1
vn 0 1 0
vn 0 1 0
vn 0 1 0
vn 0 1 0
vn 0 -1 0
vn 0 -1 0
vn 0 -1 0
vn 0 -1 0
f 4634/4634/4634 4636/4636/4636 4635/4635/4635 4633/4633/4633
f 4638/4638/4638 4640/4640/4640 4639/4639/4639 4637/4637/4637
f 4642/4642/4642 4644/4644/4644 4643/4643/4643 4641/4641/4641
f 4646/4646/4646 4648/4648/4648 4647/4647/4647 4645/4645/4645
f 4650/4650/4650 4649/4649/4649 4651/4651/4651 4652/4652/4652
f 4654/4654/4654 4653/4653/4653 4655/4655/4655 4656/4656/4656
o object_192
v 75 0 -50
v 75 0 -64
v 75 5 -50
v 75 5 -64
v 75 0 -64
v 70 0 -64
v 75 5 -64
v 70 5 -64
v 70 0 -64
v 70 0 -50
v 70 5 -64
v 70 5 -50
v 70 0 -50
v 75 0 -50
v 70 5 -50
v 75 5 -50
v 70 5 -50
v 70 5 -64
v 75 5 -50
v 75 5 -64
v 70 0 -64
v 70 0 -50
v 75 0 -64
v 75 0 -50
vt 0.25 0.25
vt 0.25 0.94853514432907104
vt 0.49853515625 0.25
vt 0.49853515625 0.94853514432907104
vt 0.25 0
vt 0.25 0.24853515625
vt 0.49853515625 0
vt 0.49853515625 0.24853515625
vt 0 0.25
vt 0 0.94853514432907104
vt 0.24853515625 0.25
vt 0.24853515625 0.94853514432907104
vt 0 0
vt 0 0.24853515625
vt 0.24853515625 0
vt 0.24853515625 0.24853515625
vt 0.75 0
vt 0.75 0.69999998807907104
vt 0.99853515625 0
vt 0.99853515625 0.69999998807907104
vt 0.5 0
vt 0.5 0.69999998807907104
vt 0.74853515625 0
vt 0.74853515625 0.69999998807907104
vn 1 0 0
vn 1 0 0
vn 1 0 0
vn 1 0 0
vn 0 0 -1
vn 0 0 -1
vn 0 0 -1
vn 0 0 -1
vn -1 0 0
vn -1 0 0
vn -1 0 0
vn -1 0 0
vn 0 0 1
vn 0 0 1
vn 0 0 1
vn 0 0 1
vn 0 1 0
vn 0 1 0
vn 0 1 0
vn 0 1 0
vn 0 -1 0
vn 0 -1 0
vn 0 -1 0
vn 0 -1 0
f 4658/4658/4658 4660/4660/4660 4659/4659/4659 4657/4657/4657
f 4662/4662/4662 4664/4664/4664 4663/4663/4663 4661/4661/4661
f 4666/4666/4666 4668/4668/4668 4667/4667/4667 4665/4665/4665
f 4670/4670/4670 4672/4672/4672 4671/4671/4671 4669/4669/4669
f 4674/4674/4674 4673/4673/4673 4675/4675/4675 4676/4676/4676
f 4678/4678/4678 4677/4677/4677 4679/4679/4679 4680/4680/4680
o object_193
v 64 0 -70
v 64 0 -90
v 64 5 -70
v 64 5 -90
v 64 0 -90
v 60 0 -90
v 64 5 -90
v 60 5 -90
v 60 0 -90
v 60 0 -70
v 60 5 -90
v 60 5 -70
v 60 0 -70
v 64 0 -70
v 60 5 -70
v 64 5 -70
v 60 5 -70
v 60 5 -90
v 64 5 -70
v 64 5 -90
v 60 0 -90
v 60 0 -70
v 64 0 -90
v 64 0 -70
vt 0.43478259444236755 0
vt 0.43478259444236755 0.86810034513473511
vt 0.65070909261703491 0
vt 0.65070909261703491 0.86810034513473511
vt 0 0.43478259444236755
vt 0 0.6086956262588501
vt 0.21592645347118378 0.43478259444236755
vt 0.21592645347118378 0.6086956262588501
vt 0.21739129722118378 0
vt 0.21739129722118378 0.86810034513473511
vt 0.43331775069236755 0
vt 0.43331775069236755 0.86810034513473511
vt 0 0
vt 0 0.17391304671764374
vt 0.21592645347118378 0
vt 0.21592645347118378 0.17391304671764374
vt 0.82608693838119507 0
vt 0.82608693838119507 0.86810034513473511
vt 0.99853515625 0
vt 0.99853515625 0.86810034513473511
vt 0.65217393636703491 0
vt 0.65217393636703491 0.86810034513473511
vt 0.82462209463119507 0
vt 0.82462209463119507 0.86810034513473511
vn 1 0 0
vn 1 0 0
vn 1 0 0
vn 1 0 0
vn 0 0 -1
vn 0 0 -1
vn 0 0 -1
vn 0 0 -1
vn -1 0 0
vn -1 0 0
vn -1 0 0
vn -1 0 0
vn 0 0 1
vn 0 0 1
vn 0 0 1
vn 0 0 1
vn 0 1 0
vn 0 1 0
vn 0 1 0
vn 0 1 0
vn 0 -1 0
vn 0 -1 0
vn 0 -1 0
vn 0 -1 0
f 4682/4682/4682 4684/4684/4684 4683/4683/4683 4681/4681/4681
f 4686/4686/4686 4688/4688/4688 4687/4687/4687 4685/4685/4685
f 4690/4690/4690 4692/4692/4692 4691/4691/4691 4689/4689/4689
f 4694/4694/4694 4696/4696/4696 4695/4695/4695 4693/4693/4693
f 4698/4698/4698 4697/4697/4697 4699/4699/4699 4700/4700/4700
f 4702/4702/4702 4701/4701/4701 4703/4703/4703 4704/4704/4704
o object_194
v 75 0 -50
v 75 0 -70
v 75 5 -50
v 75 5 -70
v 75 0 -70
v 60 0 -70
v 75 5 -70
v 60 5 -70
v 60 0 -70
v 60 0 -50
v 60 5 -70
v 60 5 -50
v 60 0 -50
v 75 0 -50
v 60 5 -50
v 75 5 -50
v 60 5 -50
v 60 5 -70
v 75 5 -50
v 75 5 -70
v 60 0 -70
v 60 0 -50
v 75 0 -70
v 75 0 -50
vt 0.8571428656578064 0
vt 0.8571428656578064 0.57142859697341919
vt 0.99853515625 0
vt 0.99853515625 0.57142859697341919
vt 0.1428571492433548 0.4285714328289032
vt 0.1428571492433548 0.8571428656578064
vt 0.28424945473670959 0.4285714328289032
vt 0.28424945473670959 0.8571428656578064
vt 0.71428573131561279 0
vt 0.71428573131561279 0.57142859697341919
vt 0.8556780219078064 0
vt 0.8556780219078064 0.57142859697341919
vt 0 0.4285714328289032
vt 0 0.8571428656578064
vt 0.1413923054933548 0.4285714328289032
vt 0.1413923054933548 0.8571428656578064
vt 0.28571429848670959 0.4285714328289032
vt 0.28571429848670959 0.99853515625
vt 0.71282088756561279 0.4285714328289032
vt 0.71282088756561279 0.99853515625
vt 0.57142859697341919 0
vt 0 0
vt 0.57142859697341919 0.4271065890789032
vt 0 0.4271065890789032
vn 1 0 0
vn 1 0 0
vn 1 0 0
vn 1 0 0
vn 0 0 -1
vn 0 0 -1
vn 0 0 -1
vn 0 0 -1
vn -1 0 0
vn -1 0 0
vn -1 0 0
vn -1 0 0
vn 0 0 1
vn 0 0 1
vn 0 0 1
vn 0 0 1
vn 0 1 0
vn 0 1 0
vn 0 1 0
vn 0 1 0
vn 0 -1 0
vn 0 -1 0
vn 0 -1 0
vn 0 -1 0
f 4706/4706/4706 4708/4708/4708 4707/4707/4707 4705/4705/4705
f 4710/4710/4710 4712/4712/4712 4711/4711/4711 4709/4709/4709
f 4714/4714/4714 4716/4716/4716 4715/4715/4715 4713/4713/4713
f 4718/4718/4718 4720/4720/4720 4719/4719/4719 4717/4717/4717
f 4722/4722/4722 4721/4721/4721 4723/4723/4723 4724/4724/4724
f 4726/4726/4726 4725/4725/4725 4727/4727/4727 4728/4728/4728
o object_195
v 75 0 -76
v 75 0 -90
v 75 5 -76
v 75 5 -90
v 75 0 -90
v 64 0 -90
v 75 5 -90
v 64 5 -90
v 64 0 -90
v 64 0 -76
v 64 5 -90
v 64 5 -76
v 64 0 -76
v 75 0 -76
v 64 5 -76
v 75 5 -76
v 64 5 -76
v 64 5 -90
v 75 5 -76
v 75 5 -90
v 64 0 -90
v 64 0 -76
v 75 0 -90
v 75 0 -76
vt 0.83870965242385864 0
vt 0.83870965242385864 0.45161288976669312
vt 0.99853515625 0
vt 0.99853515625 0.45161288976669312
vt 0.16129031777381897 0.35483869910240173
vt 0.16129031777381897 0.70967739820480347
vt 0.32111579179763794 0.35483869910240173
vt 0.32111579179763794 0.70967739820480347
vt 0.67741936445236206 0
vt 0.67741936445236206 0.45161288976669312
vt 0.83724480867385864 0
vt 0.83724480867385864 0.45161288976669312
vt 0 0.35483869910240173
vt 0 0.70967739820480347
vt 0.15982547402381897 0.35483869910240173
vt 0.15982547402381897 0.70967739820480347
vt 0.32258063554763794 0.35483869910240173
vt 0.32258063554763794 0.80498677492141724
vt 0.67595452070236206 0.35483869910240173
vt 0.67595452070236206 0.80498677492141724
vt 0.45161288976669312 0
vt 0 0
vt 0.45161288976669312 0.35337385535240173
vt 0 0.35337385535240173
vn 1 0 0
vn 1 0 0
vn 1 0 0
vn 1 0 0
vn 0 0 -1
vn 0 0 -1
vn 0 0 -1
vn 0 0 -1
vn -1 0 0
vn -1 0 0
vn -1 0 0
vn -1 0 0
vn 0 0 1
vn 0 0 1
vn 0 0 1
vn 0 0 1
vn 0 1 0
vn 0 1 0
vn 0 1 0
vn 0 1 0
vn 0 -1 0
vn 0 -1 0
vn 0 -1 0
vn 0 -1 0
f 4730/4730/4730 4732/4732/4732 4731/4731/4731 4729/4729/4729
f 4734/4734/4734 4736/4736/4736 4735/4735/4735 4733/4733/4733
f 4738/4738/4738 4740/4740/4740 4739/4739/4739 4737/4737/4737
f 4742/4742/4742 4744/4744/4744 4743/4743/4743 4741/4741/4741
f 4746/4746/4746 4745/4745/4745 4747/4747/4747 4748/4748/4748
f 4750/4750/4750 4749/4749/4749 4751/4751/4751 4752/4752/4752
o object_196
v 60 0 -90
v 60 0 -50
v 60 5 -90
v 60 5 -50
v 60 0 -50
v 90 0 -50
v 60 5 -50
v 90 5 -50
v 90 0 -50
v 90 0 -90
v 90 5 -50
v 90 5 -90
v 90 0 -90
v 60 0 -90
v 90 5 -90
v 60 5 -90
v 60 5 -50
v 60 5 -90
v 90 5 -50
v 90 5 -90
v 60 0 -90
v 60 0 -50
v 90 0 -90
v 90 0 -50
vt 0.25 0
vt 0.25 0.66666668653488159
vt 0.3318684995174408 0
vt 0.3318684995174408 0.66666668653488159
vt 0.083333335816860199 0
vt 0.083333335816860199 0.5
vt 0.1652018278837204 0
vt 0.1652018278837204 0.5
vt 0.1666666716337204 0
vt 0.1666666716337204 0.66666668653488159
vt 0.24853515625 0
vt 0.24853515625 0.66666668653488159
vt 0 0
vt 0 0.5
vt 0.081868492066860199 0
vt 0.081868492066860199 0.5
vt 0.99853515625 0.5
vt 0.3333333432674408 0.5
vt 0.99853515625 0.99853515625
vt 0.3333333432674408 0.99853515625
vt 0.99853515625 0
vt 0.3333333432674408 0
vt 0.99853515625 0.49853515625
vt 0.3333333432674408 0.49853515625
vn -1 0 0
vn -1 0 0
vn -1 0 0
vn -1 0 0
vn 0 0 1
vn 0 0 1
vn 0 0 1
vn 0 0 1
vn 1 0 0
vn 1 0 0
vn 1 0 0
vn 1 0 0
vn 0 0 -1
vn 0 0 -1
vn 0 0 -1
vn 0 0 -1
vn 0 1 0
vn 0 1 0
vn 0 1 0
vn 0 1 0
vn 0 -1 0
vn 0 -1 0
vn 0 -1 0
vn 0 -1 0
f 4754/4754/4754 4756/4756/4756 4755/4755/4755 4753/4753/4753
f 4758/4758/4758 4760/4760/4760 4759/4759/4759 4757/4757/4757
f 4762/4762/4762 4764/4764/4764 4763/4763/4763 4761/4761/4761
f 4766/4766/4766 4768/4768/4768 4767/4767/4767 4765/4765/4765
f 4770/4770/4770 4769/4769/4769 4771/4771/4771 4772/4772/4772
f 4774/4774/4774 4773/4773/4773 4775/4775/4775 4776/4776/4776
o object_197
v 30 0 -85
v 30 0 -90
v 30 5 -85
v 30 5 -90
v 30 0 -90
v 45 0 -90
v 30 5 -90
v 45 5 -90
v 45 0 -90
v 45 0 -85
v 45 5 -90
v 45 5 -85
v 45 0 -85
v 30 0 -85
v 45 5 -85
v 30 5 -85
v 30 5 -90
v 30 5 -85
v 45 5 -90
v 45 5 -85
v 30 0 -85
v 30 0 -90
v 45 0 -85
v 45 0 -90
vt 0.25 0
vt 0.25 0.24853515625
vt 0.49853515625 0
vt 0.49853515625 0.24853515625
vt 0.25 0.25
vt 0.25 0.99853515625
vt 0.49853515625 0.25
vt 0.49853515625 0.99853515625
vt 0 0
vt 0 0.24853515625
vt 0.24853515625 0
vt 0.24853515625 0.24853515625
vt 0 0.25
vt 0 0.99853515625
vt 0.24853515625 0.25
vt 0.24853515625 0.99853515625
vt 0.99853515625 0
vt 0.75 0
vt 0.99853515625 0.75
vt 0.75 0.75
vt 0.74853515625 0
vt 0.5 0
vt 0.74853515625 0.75
vt 0.5 0.75
vn -1 0 0
vn -1 0 0
vn -1 0 0
vn -1 0 0
vn 0 0 -1
vn 0 0 -1
vn 0 0 -1
vn 0 0 -1
vn 1 0 0
vn 1 0 0
vn 1 0 0
vn 1 0 0
vn 0 0 1
vn 0 0 1
vn 0 0 1
vn 0 0 1
vn 0 1 0
vn 0 1 0
vn 0 1 0
vn 0 1 0
vn 0 -1 0
vn 0 -1 0
vn 0 -1 0
vn 0 -1 0
f 4778/4778/4778 4777/4777/4777 4779/4779/4779 4780/4780/4780
f 4782/4782/4782 4781/4781/4781 4783/4783/4783 4784/4784/4784
f 4786/4786/4786 4785/4785/4785 4787/4787/4787 4788/4788/4788
f 4790/4790/4790 4789/4789/4789 4791/4791/4791 4792/4792/4792
f 4794/4794/4794 4796/4796/4796 4795/4795/4795 4793/4793/4793
f 4798/4798/4798 4800/4800/4800 4799/4799/4799 4797/4797/4797
o object_198
v 45 0 -76
v 45 0 -90
v 45 5 -76
v 45 5 -90
v 45 0 -90
v 56 0 -90
v 45 5 -90
v 56 5 -90
v 56 0 -90
v 56 0 -76
v 56 5 -90
v 56 5 -76
v 56 0 -76
v 45 0 -76
v 56 5 -76
v 45 5 -76
v 45 5 -90
v 45 5 -76
v 56 5 -90
v 56 5 -76
v 45 0 -76
v 45 0 -90
v 56 0 -76
v 56 0 -90
vt 0.83870965242385864 0
vt 0.83870965242385864 0.45161288976669312
vt 0.99853515625 0
vt 0.99853515625 0.45161288976669312
vt 0.16129031777381897 0.35483869910240173
vt 0.16129031777381897 0.70967739820480347
vt 0.32111579179763794 0.35483869910240173
vt 0.32111579179763794 0.70967739820480347
vt 0.67741936445236206 0
vt 0.67741936445236206 0.45161288976669312
vt 0.83724480867385864 0
vt 0.83724480867385864 0.45161288976669312
vt 0 0.35483869910240173
vt 0 0.70967739820480347
vt 0.15982547402381897 0.35483869910240173
vt 0.15982547402381897 0.70967739820480347
vt 0.32258063554763794 0.35483869910240173
vt 0.32258063554763794 0.80498677492141724
vt 0.67595452070236206 0.35483869910240173
vt 0.67595452070236206 0.80498677492141724
vt 0.45161288976669312 0
vt 0 0
vt 0.45161288976669312 0.35337385535240173
vt 0 0.35337385535240173
vn -1 0 0
vn -1 0 0
vn -1 0 0
vn -1 0 0
vn 0 0 -1
vn 0 0 -1
vn 0 0 -1
vn 0 0 -1
vn 1 0 0
vn 1 0 0
vn 1 0 0
vn 1 0 0
vn 0 0 1
vn 0 0 1
vn 0 0 1
vn 0 0 1
vn 0 1 0
vn 0 1 0
vn 0 1 0
vn 0 1 0
vn 0 -1 0
vn 0 -1 0
vn 0 -1 0
vn 0 -1 0
f 4802/4802/4802 4801/4801/4801 4803/4803/4803 4804/4804/4804
f 4806/4806/4806 4805/4805/4805 4807/4807/4807 4808/4808/4808
f 4810/4810/4810 4809/4809/4809 4811/4811/4811 4812/4812/4812
f 4814/4814/4814 4813/4813/4813 4815/4815/4815 4816/4816/4816
f 4818/4818/4818 4820/4820/4820 4819/4819/4819 4817/4817/4817
f 4822/4822/4822 4824/4824/4824 4823/4823/4823 4821/4821/4821
o object_199
v 45 0 -50
v 45 0 -64
v 45 5 -50
v 45 5 -64
v 45 0 -64
v 50 0 -64
v 45 5 -64
v 50 5 -64
v 50 0 -64
v 50 0 -50
v 50 5 -64
v 50 5 -50
v 50 0 -50
v 45 0 -50
v 50 5 -50
v 45 5 -50
v 45 5 -64
v 45 5 -50
v 50 5 -64
v 50 5 -50
v 45 0 -50
v 45 0 -64
v 50 0 -50
v 50 0 -64
vt 0.25 0.25
vt 0.25 0.94853514432907104
vt 0.49853515625 0.25
vt 0.49853515625 0.94853514432907104
vt 0.25 0
vt 0.25 0.24853515625
vt 0.49853515625 0
vt 0.49853515625 0.24853515625
vt 0 0.25
vt 0 0.94853514432907104
vt 0.24853515625 0.25
vt 0.24853515625 0.94853514432907104
vt 0 0
vt 0 0.24853515625
vt 0.24853515625 0
vt 0.24853515625 0.24853515625
vt 0.75 0
vt 0.75 0.69999998807907104
vt 0.99853515625 0
vt 0.99853515625 0.69999998807907104
vt 0.5 0
vt 0.5 0.69999998807907104
vt 0.74853515625 0
vt 0.74853515625 0.69999998807907104
vn -1 0 0
vn -1 0 0
vn -1 0 0
vn -1 0 0
vn 0 0 -1
vn 0 0 -1
vn 0 0 -1
vn 0 0 -1
vn 1 0 0
vn 1 0 0
vn 1 0 0
vn 1 0 0
vn 0 0 1
vn 0 0 1
vn 0 0 1
vn 0 0 1
vn 0 1 0
vn 0 1 0
vn 0 1 0
vn 0 1 0
vn 0 -1 0
vn 0 -1 0
vn 0 -1 0
vn 0 -1 0
f 4826/4826/4826 4825/4825/4825 4827/4827/4827 4828/4828/4828
f 4830/4830/4830 4829/4829/4829 4831/4831/4831 4832/4832/4832
f 4834/4834/4834 4833/4833/4833 4835/4835/4835 4836/4836/4836
f 4838/4838/4838 4837/4837/4837 4839/4839/4839 4840/4840/4840
f 4842/4842/4842 4844/4844/4844 4843/4843/4843 4841/4841/4841
f 4846/4846/4846 4848/4848/4848 4847/4847/4847 4845/4845/4845
o object_200
v 30 0 -50
v 30 0 -63
v 30 5 -50
v 30 5 -63
v 30 0 -63
v 37 0 -63
v 30 5 -63
v 37 5 -63
v 37 0 -63
v 37 0 -50
v 37 5 -63
v 37 5 -50
v 37 0 -50
v 30 0 -50
v 37 5 -50
v 30 5 -50
v 30 5 -63
v 30 5 -50
v 37 5 -63
v 37 5 -50
v 30 0 -50
v 30 0 -63
v 37 0 -50
v 37 0 -63
vt 0.56521737575531006 0.21739129722118378
vt 0 0.21739129722118378
vt 0.56521737575531006 0.43331775069236755
vt 0 0.43331775069236755
vt 0.30288296937942505 0.71739131212234497
vt 0 0.71739131212234497
vt 0.30288296937942505 0.93478262424468994
vt 0 0.93478262424468994
vt 0.56521737575531006 0
vt 0 0
vt 0.56521737575531006 0.21592645347118378
vt 0 0.21592645347118378
vt 0.30288296937942505 0.43478259444236755
vt 0 0.43478259444236755
vt 0.30288296937942505 0.65217393636703491
vt 0 0.65217393636703491
vt 0.6086956262588501 0
vt 0.6086956262588501 0.56521737575531006
vt 0.91157865524291992 0
vt 0.91157865524291992 0.56521737575531006
vt 0.30434781312942505 0.43478259444236755
vt 0.30434781312942505 0.99853515625
vt 0.6072307825088501 0.43478259444236755
vt 0.6072307825088501 0.99853515625
vn -1 0 0
vn -1 0 0
vn -1 0 0
vn -1 0 0
vn 0 0 -1
vn 0 0 -1
vn 0 0 -1
vn 0 0 -1
vn 1 0 0
vn 1 0 0
vn 1 0 0
vn 1 0 0
vn 0 0 1
vn 0 0 1
vn 0 0 1
vn 0 0 1
vn 0 1 0
vn 0 1 0
vn 0 1 0
vn 0 1 0
vn 0 -1 0
vn 0 -1 0
vn 0 -1 0
vn 0 -1 0
f 4850/4850/4850 4849/4849/4849 4851/4851/4851 4852/4852/4852
f 4854/4854/4854 4853/4853/4853 4855/4855/4855 4856/4856/4856
f 4858/4858/4858 4857/4857/4857 4859/4859/4859 4860/4860/4860
f 4862/4862/4862 4861/4861/4861 4863/4863/4863 4864/4864/4864
f 4866/4866/4866 4868/4868/4868 4867/4867/4867 4865/4865/4865
f 4870/4870/4870 4872/4872/4872 4871/4871/4871 4869/4869/4869
o object_201
v 45 0 -50
v 45 0 -70
v 45 5 -50
v 45 5 -70
v 45 0 -70
v 60 0 -70
v 45 5 -70
v 60 5 -70
v 60 0 -70
v 60 0 -50
v 60 5 -70
v 60 5 -50
v 60 0 -50
v 45 0 -50
v 60 5 -50
v 45 5 -50
v 45 5 -70
v 45 5 -50
v 60 5 -70
v 60 5 -50
v 45 0 -50
v 45 0 -70
v 60 0 -50
v 60 0 -70
vt 0.8571428656578064 0
vt 0.8571428656578064 0.57142859697341919
vt 0.99853515625 0
vt 0.99853515625 0.57142859697341919
vt 0.1428571492433548 0.4285714328289032
vt 0.1428571492433548 0.8571428656578064
vt 0.28424945473670959 0.4285714328289032
vt 0.28424945473670959 0.8571428656578064
vt 0.71428573131561279 0
vt 0.71428573131561279 0.57142859697341919
vt 0.8556780219078064 0
vt 0.8556780219078064 0.57142859697341919
vt 0 0.4285714328289032
vt 0 0.8571428656578064
vt 0.1413923054933548 0.4285714328289032
vt 0.1413923054933548 0.8571428656578064
vt 0.28571429848670959 0.4285714328289032
vt 0.28571429848670959 0.99853515625
vt 0.71282088756561279 0.4285714328289032
vt 0.71282088756561279 0.99853515625
vt 0.57142859697341919 0
vt 0 0
vt 0.57142859697341919 0.4271065890789032
vt 0 0.4271065890789032
vn -1 0 0
vn -1 0 0
vn -1 0 0
vn -1 0 0
vn 0 0 -1
vn 0 0 -1
vn 0 0 -1
vn 0 0 -1
vn 1 0 0
vn 1 0 0
vn 1 0 0
vn 1 0 0
vn 0 0 1
vn 0 0 1
vn 0 0 1
vn 0 0 1
vn 0 1 0
vn 0 1 0
vn 0 1 0
vn 0 1 0
vn 0 -1 0
vn 0 -1 0
vn 0 -1 0
vn 0 -1 0
f 4874/4874/4874 4873/4873/4873 4875/4875/4875 4876/4876/4876
f 4878/4878/4878 4877/4877/4877 4879/4879/4879 4880/4880/4880
f 4882/4882/4882 4881/4881/4881 4883/4883/4883 4884/4884/4884
f 4886/4886/4886 4885/4885/4885 4887/4887/4887 4888/4888/4888
f 4890/4890/4890 4892/4892/4892 4891/4891/4891 4889/4889/4889
f 4894/4894/4894 4896/4896/4896 4895/4895/4895 4893/4893/4893
o object_202
v 90 0 -5
v 90 0 0
v 90 5 -5
v 90 5 0
v 90 0 0
v 75 0 0
v 90 5 0
v 75 5 0
v 75 0 0
v 75 0 -5
v 75 5 0
v 75 5 -5
v 75 0 -5
v 90 0 -5
v 75 5 -5
v 90 5 -5
v 75 5 -5
v 75 5 0
v 90 5 -5
v 90 5 0
v 75 0 0
v 75 0 -5
v 90 0 0
v 90 0 -5
vt 0.25 0
vt 0.25 0.24853515625
vt 0.49853515625 0
vt 0.49853515625 0.24853515625
vt 0.25 0.25
vt 0.25 0.99853515625
vt 0.49853515625 0.25
vt 0.49853515625 0.99853515625
vt 0 0
vt 0 0.24853515625
vt 0.24853515625 0
vt 0.24853515625 0.24853515625
vt 0 0.25
vt 0 0.99853515625
vt 0.24853515625 0.25
vt 0.24853515625 0.99853515625
vt 0.99853515625 0
vt 0.75 0
vt 0.99853515625 0.75
vt 0.75 0.75
vt 0.74853515625 0
vt 0.5 0
vt 0.74853515625 0.75
vt 0.5 0.75
vn 1 0 0
vn 1 0 0
vn 1 0 0
vn 1 0 0
vn 0 0 1
vn 0 0 1
vn 0 0 1
vn 0 0 1
vn -1 0 0
vn -1 0 0
vn -1 0 0
vn -1 0 0
vn 0 0 -1
vn 0 0 -1
vn 0 0 -1
vn 0 0 -1
vn 0 1 0
vn 0 1 0
vn 0 1 0
vn 0 1 0
vn 0 -1 0
vn 0 -1 0
vn 0 -1 0
vn 0 -1 0
f 4898/4898/4898 4897/4897/4897 4899/4899/4899 4900/4900/4900
f 4902/4902/4902 4901/4901/4901 4903/4903/4903 4904/4904/4904
f 4906/4906/4906 4905/4905/4905 4907/4907/4907 4908/4908/4908
f 4910/4910/4910 4909/4909/4909 4911/4911/4911 4912/4912/4912
f 4914/4914/4914 4916/4916/4916 4915/4915/4915 4913/4913/4913
f 4918/4918/4918 4920/4920/4920 4919/4919/4919 4917/4917/4917
o object_203
v 150 0 -40
v 150 0 -27
v 150 5 -40
v 150 5 -27
v 150 0 -27
v 143 0 -27
v 150 5 -27
v 143 5 -27
v 143 0 -27
v 143 0 -40
v 143 5 -27
v 143 5 -40
v 143 0 -40
v 150 0 -40
v 143 5 -40
v 150 5 -40
v 143 5 -40
v 143 5 -27
v 150 5 -40
v 150 5 -27
v 143 0 -27
v 143 0 -40
v 150 0 -27
v 150 0 -40
vt 0.56521737575531006 0.21739129722118378
vt 0 0.21739129722118378
vt 0.56521737575531006 0.43331775069236755
vt 0 0.43331775069236755
vt 0.30288296937942505 0.71739131212234497
vt 0 0.71739131212234497
vt 0.30288296937942505 0.93478262424468994
vt 0 0.93478262424468994
vt 0.56521737575531006 0
vt 0 0
vt 0.56521737575531006 0.21592645347118378
vt 0 0.21592645347118378
vt 0.30288296937942505 0.43478259444236755
vt 0 0.43478259444236755
vt 0.30288296937942505 0.65217393636703491
vt 0 0.65217393636703491
vt 0.6086956262588501 0
vt 0.6086956262588501 0.56521737575531006
vt 0.91157865524291992 0
vt 0.91157865524291992 0.56521737575531006
vt 0.30434781312942505 0.43478259444236755
vt 0.30434781312942505 0.99853515625
vt 0.6072307825088501 0.43478259444236755
vt 0.6072307825088501 0.99853515625
vn 1 0 0
vn 1 0 0
vn 1 0 0
vn 1 0 0
vn 0 0 1
vn 0 0 1
vn 0 0 1
vn 0 0 1
vn -1 0 0
vn -1 0 0
vn -1 0 0
vn -1 0 0
vn 0 0 -1
vn 0 0 -1
vn 0 0 -1
vn 0 0 -1
vn 0 1 0
vn 0 1 0
vn 0 1 0
vn 0 1 0
vn 0 -1 0
vn 0 -1 0
vn 0 -1 0
vn 0 -1 0
f 4922/4922/4922 4921/4921/4921 4923/4923/4923 4924/4924/4924
f 4926/4926/4926 4925/4925/4925 4927/4927/4927 4928/4928/4928
f 4930/4930/4930 4929/4929/4929 4931/4931/4931 4932/4932/4932
f 4934/4934/4934 4933/4933/4933 4935/4935/4935 4936/4936/4936
f 4938/4938/4938 4940/4940/4940 4939/4939/4939 4937/4937/4937
f 4942/4942/4942 4944/4944/4944 4943/4943/4943 4941/4941/4941
o object_204
v 135 0 -40
v 135 0 -26
v 135 5 -40
v 135 5 -26
v 135 0 -26
v 130 0 -26
v 135 5 -26
v 130 5 -26
v 130 0 -26
v 130 0 -40
v 130 5 -26
v 130 5 -40
v 130 0 -40
v 135 0 -40
v 130 5 -40
v 135 5 -40
v 130 5 -40
v 130 5 -26
v 135 5 -40
v 135 5 -26
v 130 0 -26
v 130 0 -40
v 135 0 -26
v 135 0 -40
vt 0.25 0.25
vt 0.25 0.94853514432907104
vt 0.49853515625 0.25
vt 0.49853515625 0.94853514432907104
vt 0.25 0
vt 0.25 0.24853515625
vt 0.49853515625 0
vt 0.49853515625 0.24853515625
vt 0 0.25
vt 0 0.94853514432907104
vt 0.24853515625 0.25
vt 0.24853515625 0.94853514432907104
vt 0 0
vt 0 0.24853515625
vt 0.24853515625 0
vt 0.24853515625 0.24853515625
vt 0.75 0
vt 0.75 0.69999998807907104
vt 0.99853515625 0
vt 0.99853515625 0.69999998807907104
vt 0.5 0
vt 0.5 0.69999998807907104
vt 0.74853515625 0
vt 0.74853515625 0.69999998807907104
vn 1 0 0
vn 1 0 0
vn 1 0 0
vn 1 0 0
vn 0 0 1
vn 0 0 1
vn 0 0 1
vn 0 0 1
vn -1 0 0
vn -1 0 0
vn -1 0 0
vn -1 0 0
vn 0 0 -1
vn 0 0 -1
vn 0 0 -1
vn 0 0 -1
vn 0 1 0
vn 0 1 0
vn 0 1 0
vn 0 1 0
vn 0 -1 0
vn 0 -1 0
vn 0 -1 0
vn 0 -1 0
f 4946/4946/4946 4945/4945/4945 4947/4947/4947 4948/4948/4948
f 4950/4950/4950 4949/4949/4949 4951/4951/4951 4952/4952/4952
f 4954/4954/4954 4953/4953/4953 4955/4955/4955 4956/4956/4956
f 4958/4958/4958 4957/4957/4957 4959/4959/4959 4960/4960/4960
f 4962/4962/4962 4964/4964/4964 4963/4963/4963 4961/4961/4961
f 4966/4966/4966 4968/4968/4968 4967/4967/4967 4965/4965/4965
o object_205
v 150 0 -5
v 150 0 0
v 150 5 -5
v 150 5 0
v 150 0 0
v 135 0 0
v 150 5 0
v 135 5 0
v 135 0 0
v 135 0 -5
v 135 5 0
v 135 5 -5
v 135 0 -5
v 150 0 -5
v 135 5 -5
v 150 5 -5
v 135 5 -5
v 135 5 0
v 150 5 -5
v 150 5 0
v 135 0 0
v 135 0 -5
v 150 0 0
v 150 0 -5
vt 0.25 0
vt 0.25 0.24853515625
vt 0.49853515625 0
vt 0.49853515625 0.24853515625
vt 0.25 0.25
vt 0.25 0.99853515625
vt 0.49853515625 0.25
vt 0.49853515625 0.99853515625
vt 0 0
vt 0 0.24853515625
vt 0.24853515625 0
vt 0.24853515625 0.24853515625
vt 0 0.25
vt 0 0.99853515625
vt 0.24853515625 0.25
vt 0.24853515625 0.99853515625
vt 0.99853515625 0
vt 0.75 0
vt 0.99853515625 0.75
vt 0.75 0.75
vt 0.74853515625 0
vt 0.5 0
vt 0.74853515625 0.75
vt 0.5 0.75
vn 1 0 0
vn 1 0 0
vn 1 0 0
vn 1 0 0
vn 0 0 1
vn 0 0 1
vn 0 0 1
vn 0 0 1
vn -1 0 0
vn -1 0 0
vn -1 0 0
vn -1 0 0
vn 0 0 -1
vn 0 0 -1
vn 0 0 -1
vn 0 0 -1
vn 0 1 0
vn 0 1 0
vn 0 1 0
vn 0 1 0
vn 0 -1 0
vn 0 -1 0
vn 0 -1 0
vn 0 -1 0
f 4970/4970/4970 4969/4969/4969 4971/4971/4971 4972/4972/4972
f 4974/4974/4974 4973/4973/4973 4975/4975/4975 4976/4976/4976
f 4978/4978/4978 4977/4977/4977 4979/4979/4979 4980/4980/4980
f 4982/4982/4982 4981/4981/4981 4983/4983/4983 4984/4984/4984
f 4986/4986/4986 4988/4988/4988 4987/4987/4987 4985/4985/4985
f 4990/4990/4990 4992/4992/4992 4991/4991/4991 4989/4989/4989
o object_206
v 180 0 -20
v 180 0 0
v 180 5 -20
v 180 5 0
v 180 0 0
v 176 0 0
v 180 5 0
v 176 5 0
v 176 0 0
v 176 0 -20
v 176 5 0
v 176 5 -20
v 176 0 -20
v 180 0 -20
v 176 5 -20
v 180 5 -20
v 176 5 -20
v 176 5 0
v 180 5 -20
v 180 5 0
v 176 0 0
v 176 0 -20
v 180 0 0
v 180 0 -20
vt 0.43478259444236755 0
vt 0.43478259444236755 0.86810034513473511
vt 0.65070909261703491 0
vt 0.65070909261703491 0.86810034513473511
vt 0 0.43478259444236755
vt 0 0.6086956262588501
vt 0.21592645347118378 0.43478259444236755
vt 0.21592645347118378 0.6086956262588501
vt 0.21739129722118378 0
vt 0.21739129722118378 0.86810034513473511
vt 0.43331775069236755 0
vt 0.43331775069236755 0.86810034513473511
vt 0 0
vt 0 0.17391304671764374
vt 0.21592645347118378 0
vt 0.21592645347118378 0.17391304671764374
vt 0.82608693838119507 0
vt 0.82608693838119507 0.86810034513473511
vt 0.99853515625 0
vt 0.99853515625 0.86810034513473511
vt 0.65217393636703491 0
vt 0.65217393636703491 0.86810034513473511
vt 0.82462209463119507 0
vt 0.82462209463119507 0.86810034513473511
vn 1 0 0
vn 1 0 0
vn 1 0 0
vn 1 0 0
vn 0 0 1
vn 0 0 1
vn 0 0 1
vn 0 0 1
vn -1 0 0
vn -1 0 0
vn -1 0 0
vn -1 0 0
vn 0 0 -1
vn 0 0 -1
vn 0 0 -1
vn 0 0 -1
vn 0 1 0
vn 0 1 0
vn 0 1 0
vn 0 1 0
vn 0 -1 0
vn 0 -1 0
vn 0 -1 0
vn 0 -1 0
f 4994/4994/4994 4993/4993/4993 4995/4995/4995 4996/4996/4996
f 4998/4998/4998 4997/4997/4997 4999/4999/4999 5000/5000/5000
f 5002/5002/5002 5001/5001/5001 5003/5003/5003 5004/5004/5004
f 5006/5006/5006 5005/5005/5005 5007/5007/5007 5008/5008/5008
f 5010/5010/5010 5012/5012/5012 5011/5011/5011 5009/5009/5009
f 5014/5014/5014 5016/5016/5016 5015/5015/5015 5013/5013/5013
o object_207
v 150 0 -5
v 150 0 0
v 150 5 -5
v 150 5 0
v 150 0 0
v 165 0 0
v 150 5 0
v 165 5 0
v 165 0 0
v 165 0 -5
v 165 5 0
v 165 5 -5
v 165 0 -5
v 150 0 -5
v 165 5 -5
v 150 5 -5
v 150 5 0
v 150 5 -5
v 165 5 0
v 165 5 -5
v 150 0 -5
v 150 0 0
v 165 0 -5
v 165 0 0
vt 0.25 0
vt 0.25 0.24853515625
vt 0.49853515625 0
vt 0.49853515625 0.24853515625
vt 0.25 0.25
vt 0.25 0.99853515625
vt 0.49853515625 0.25
vt 0.49853515625 0.99853515625
vt 0 0
vt 0 0.24853515625
vt 0.24853515625 0
vt 0.24853515625 0.24853515625
vt 0 0.25
vt 0 0.99853515625
vt 0.24853515625 0.25
vt 0.24853515625 0.99853515625
vt 0.99853515625 0
vt 0.75 0
vt 0.99853515625 0.75
vt 0.75 0.75
vt 0.74853515625 0
vt 0.5 0
vt 0.74853515625 0.75
vt 0.5 0.75
vn -1 0 0
vn -1 0 0
vn -1 0 0
vn -1 0 0
vn 0 0 1
vn 0 0 1
vn 0 0 1
vn 0 0 1
vn 1 0 0
vn 1 0 0
vn 1 0 0
vn 1 0 0
vn 0 0 -1
vn 0 0 -1
vn 0 0 -1
vn 0 0 -1
vn 0 1 0
vn 0 1 0
vn 0 1 0
vn 0 1 0
vn 0 -1 0
vn 0 -1 0
vn 0 -1 0
vn 0 -1 0
f 5018/5018/5018 5020/5020/5020 5019/5019/5019 5017/5017/5017
f 5022/5022/5022 5024/5024/5024 5023/5023/5023 5021/5021/5021
f 5026/5026/5026 5028/5028/5028 5027/5027/5027 5025/5025/5025
f 5030/5030/5030 5032/5032/5032 5031/5031/5031 5029/5029/5029
f 5034/5034/5034 5033/5033/5033 5035/5035/5035 5036/5036/5036
f 5038/5038/5038 5037/5037/5037 5039/5039/5039 5040/5040/5040
o object_208
v 165 0 -14
v 165 0 0
v 165 5 -14
v 165 5 0
v 165 0 0
v 176 0 0
v 165 5 0
v 176 5 0
v 176 0 0
v 176 0 -14
v 176 5 0
v 176 5 -14
v 176 0 -14
v 165 0 -14
v 176 5 -14
v 165 5 -14
v 165 5 0
v 165 5 -14
v 176 5 0
v 176 5 -14
v 165 0 -14
v 165 0 0
v 176 0 -14
v 176 0 0
vt 0.83870965242385864 0
vt 0.83870965242385864 0.45161288976669312
vt 0.99853515625 0
vt 0.99853515625 0.45161288976669312
vt 0.16129031777381897 0.35483869910240173
vt 0.16129031777381897 0.70967739820480347
vt 0.32111579179763794 0.35483869910240173
vt 0.32111579179763794 0.70967739820480347
vt 0.67741936445236206 0
vt 0.67741936445236206 0.45161288976669312
vt 0.83724480867385864 0
vt 0.83724480867385864 0.45161288976669312
vt 0 0.35483869910240173
vt 0 0.70967739820480347
vt 0.15982547402381897 0.35483869910240173
vt 0.15982547402381897 0.70967739820480347
vt 0.32258063554763794 0.35483869910240173
vt 0.32258063554763794 0.80498677492141724
vt 0.67595452070236206 0.35483869910240173
vt 0.67595452070236206 0.80498677492141724
vt 0.45161288976669312 0
vt 0 0
vt 0.45161288976669312 0.35337385535240173
vt 0 0.35337385535240173
vn -1 0 0
vn -1 0 0
vn -1 0 0
vn -1 0 0
vn 0 0 1
vn 0 0 1
vn 0 0 1
vn 0 0 1
vn 1 0 0
vn 1 0 0
vn 1 0 0
vn 1 0 0
vn 0 0 -1
vn 0 0 -1
vn 0 0 -1
vn 0 0 -1
vn 0 1 0
vn 0 1 0
vn 0 1 0
vn 0 1 0
vn 0 -1 0
vn 0 -1 0
vn 0 -1 0
vn 0 -1 0
f 5042/5042/5042 5044/5044/5044 5043/5043/5043 5041/5041/5041
f 5046/5046/5046 5048/5048/5048 5047/5047/5047 5045/5045/5045
f 5050/5050/5050 5052/5052/5052 5051/5051/5051 5049/5049/5049
f 5054/5054/5054 5056/5056/5056 5055/5055/5055 5053/5053/5053
f 5058/5058/5058 5057/5057/5057 5059/5059/5059 5060/5060/5060
f 5062/5062/5062 5061/5061/5061 5063/5063/5063 5064/5064/5064
o object_209
v 150 0 -40
v 150 0 0
v 150 5 -40
v 150 5 0
v 150 0 0
v 180 0 0
v 150 5 0
v 180 5 0
v 180 0 0
v 180 0 -40
v 180 5 0
v 180 5 -40
v 180 0 -40
v 150 0 -40
v 180 5 -40
v 150 5 -40
v 150 5 0
v 150 5 -40
v 180 5 0
v 180 5 -40
v 150 0 -40
v 150 0 0
v 180 0 -40
v 180 0 0
vt 0.25 0
vt 0.25 0.66666668653488159
vt 0.3318684995174408 0
vt 0.3318684995174408 0.66666668653488159
vt 0.083333335816860199 0
vt 0.083333335816860199 0.5
vt 0.1652018278837204 0
vt 0.1652018278837204 0.5
vt 0.1666666716337204 0
vt 0.1666666716337204 0.66666668653488159
vt 0.24853515625 0
vt 0.24853515625 0.66666668653488159
vt 0 0
vt 0 0.5
vt 0.081868492066860199 0
vt 0.081868492066860199 0.5
vt 0.99853515625 0.5
vt 0.3333333432674408 0.5
vt 0.99853515625 0.99853515625
vt 0.3333333432674408 0.99853515625
vt 0.99853515625 0
vt 0.3333333432674408 0
vt 0.99853515625 0.49853515625
vt 0.3333333432674408 0.49853515625
vn -1 0 0
vn -1 0 0
vn -1 0 0
vn -1 0 0
vn 0 0 1
vn 0 0 1
vn 0 0 1
vn 0 0 1
vn 1 0 0
vn 1 0 0
vn 1 0 0
vn 1 0 0
vn 0 0 -1
vn 0 0 -1
vn 0 0 -1
vn 0 0 -1
vn 0 1 0
vn 0 1 0
vn 0 1 0
vn 0 1 0
vn 0 -1 0
vn 0 -1 0
vn 0 -1 0
vn 0 -1 0
f 5066/5066/5066 5068/5068/5068 5067/5067/5067 5065/5065/5065
f 5070/5070/5070 5072/5072/5072 5071/5071/5071 5069/5069/5069
f 5074/5074/5074 5076/5076/5076 5075/5075/5075 5073/5073/5073
f 5078/5078/5078 5080/5080/5080 5079/5079/5079 5077/5077/5077
f 5082/5082/5082 5081/5081/5081 5083/5083/5083 5084/5084/5084
f 5086/5086/5086 5085/5085/5085 5087/5087/5087 5088/5088/5088
o object_210
v 150 0 -40
v 150 0 -27
v 150 5 -40
v 150 5 -27
v 150 0 -27
v 157 0 -27
v 150 5 -27
v 157 5 -27
v 157 0 -27
v 157 0 -40
v 157 5 -27
v 157 5 -40
v 157 0 -40
v 150 0 -40
v 157 5 -40
v 150 5 -40
v 150 5 -27
v 150 5 -40
v 157 5 -27
v 157 5 -40
v 150 0 -40
v 150 0 -27
v 157 0 -40
v 157 0 -27
vt 0.56521737575531006 0.21739129722118378
vt 0 0.21739129722118378
vt 0.56521737575531006 0.43331775069236755
vt 0 0.43331775069236755
vt 0.30288296937942505 0.71739131212234497
vt 0 0.71739131212234497
vt 0.30288296937942505 0.93478262424468994
vt 0 0.93478262424468994
vt 0.56521737575531006 0
vt 0 0
vt 0.56521737575531006 0.21592645347118378
vt 0 0.21592645347118378
vt 0.30288296937942505 0.43478259444236755
vt 0 0.43478259444236755
vt 0.30288296937942505 0.65217393636703491
vt 0 0.65217393636703491
vt 0.6086956262588501 0
vt 0.6086956262588501 0.56521737575531006
vt 0.91157865524291992 0
vt 0.91157865524291992 0.56521737575531006
vt 0.30434781312942505 0.43478259444236755
vt 0.30434781312942505 0.99853515625
vt 0.6072307825088501 0.43478259444236755
vt 0.6072307825088501 0.99853515625
vn -1 0 0
vn -1 0 0
vn -1 0 0
vn -1 0 0
vn 0 0 1
vn 0 0 1
vn 0 0 1
vn 0 0 1
vn 1 0 0
vn 1 0 0
vn 1 0 0
vn 1 0 0
vn 0 0 -1
vn 0 0 -1
vn 0 0 -1
vn 0 0 -1
vn 0 1 0
vn 0 1 0
vn 0 1 0
vn 0 1 0
vn 0 -1 0
vn 0 -1 0
vn 0 -1 0
vn 0 -1 0
f 5090/5090/5090 5092/5092/5092 5091/5091/5091 5089/5089/5089
f 5094/5094/5094 5096/5096/5096 5095/5095/5095 5093/5093/5093
f 5098/5098/5098 5100/5100/5100 5099/5099/5099 5097/5097/5097
f 5102/5102/5102 5104/5104/5104 5103/5103/5103 5101/5101/5101
f 5106/5106/5106 5105/5105/5105 5107/5107/5107 5108/5108/5108
f 5110/5110/5110 5109/5109/5109 5111/5111/5111 5112/5112/5112
o object_211
v 165 0 -40
v 165 0 -26
v 165 5 -40
v 165 5 -26
v 165 0 -26
v 170 0 -26
v 165 5 -26
v 170 5 -26
v 170 0 -26
v 170 0 -40
v 170 5 -26
v 170 5 -40
v 170 0 -40
v 165 0 -40
v 170 5 -40
v 165 5 -40
v 165 5 -26
v 165 5 -40
v 170 5 -26
v 170 5 -40
v 165 0 -40
v 165 0 -26
v 170 0 -40
v 170 0 -26
vt 0.25 0.25
vt 0.25 0.94853514432907104
vt 0.49853515625 0.25
vt 0.49853515625 0.94853514432907104
vt 0.25 0
vt 0.25 0.24853515625
vt 0.49853515625 0
vt 0.49853515625 0.24853515625
vt 0 0.25
vt 0 0.94853514432907104
vt 0.24853515625 0.25
vt 0.24853515625 0.94853514432907104
vt 0 0
vt 0 0.24853515625
vt 0.24853515625 0
vt 0.24853515625 0.24853515625
vt 0.75 0
vt 0.75 0.69999998807907104
vt 0.99853515625 0
vt 0.99853515625 0.69999998807907104
vt 0.5 0
vt 0.5 0.69999998807907104
vt 0.74853515625 0
vt 0.74853515625 0.69999998807907104
vn -1 0 0
vn -1 0 0
vn -1 0 0
vn -1 0 0
vn 0 0 1
vn 0 0 1
vn 0 0 1
vn 0 0 1
vn 1 0 0
vn 1 0 0
vn 1 0 0
vn 1 0 0
vn 0 0 -1
vn 0 0 -1
vn 0 0 -1
vn 0 0 -1
vn 0 1 0
vn 0 1 0
vn 0 1 0
vn 0 1 0
vn 0 -1 0
vn 0 -1 0
vn 0 -1 0
vn 0 -1 0
f 5114/5114/5114 5116/5116/5116 5115/5115/5115 5113/5113/5113
f 5118/5118/5118 5120/5120/5120 5119/5119/5119 5117/5117/5117
f 5122/5122/5122 5124/5124/5124 5123/5123/5123 5121/5121/5121
f 5126/5126/5126 5128/5128/5128 5127/5127/5127 5125/5125/5125
f 5130/5130/5130 5129/5129/5129 5131/5131/5131 5132/5132/5132
f 5134/5134/5134 5133/5133/5133 5135/5135/5135 5136/5136/5136
o object_212
v 165 0 -40
v 165 0 -20
v 165 5 -40
v 165 5 -20
v 165 0 -20
v 180 0 -20
v 165 5 -20
v 180 5 -20
v 180 0 -20
v 180 0 -40
v 180 5 -20
v 180 5 -40
v 180 0 -40
v 165 0 -40
v 180 5 -40
v 165 5 -40
v 165 5 -20
v 165 5 -40
v 180 5 -20
v 180 5 -40
v 165 0 -40
v 165 0 -20
v 180 0 -40
v 180 0 -20
vt 0.8571428656578064 0
vt 0.8571428656578064 0.57142859697341919
vt 0.99853515625 0
vt 0.99853515625 0.57142859697341919
vt 0.1428571492433548 0.4285714328289032
vt 0.1428571492433548 0.8571428656578064
vt 0.28424945473670959 0.4285714328289032
vt 0.28424945473670959 0.8571428656578064
vt 0.71428573131561279 0
vt 0.71428573131561279 0.57142859697341919
vt 0.8556780219078064 0
vt 0.8556780219078064 0.57142859697341919
vt 0 0.4285714328289032
vt 0 0.8571428656578064
vt 0.1413923054933548 0.4285714328289032
vt 0.1413923054933548 0.8571428656578064
vt 0.28571429848670959 0.4285714328289032
vt 0.28571429848670959 0.99853515625
vt 0.71282088756561279 0.4285714328289032
vt 0.71282088756561279 0.99853515625
vt 0.57142859697341919 0
vt 0 0
vt 0.57142859697341919 0.4271065890789032
vt 0 0.4271065890789032
vn -1 0 0
vn -1 0 0
vn -1 0 0
vn -1 0 0
vn 0 0 1
vn 0 0 1
vn 0 0 1
vn 0 0 1
vn 1 0 0
vn 1 0 0
vn 1 0 0
vn 1 0 0
vn 0 0 -1
vn 0 0 -1
vn 0 0 -1
vn 0 0 -1
vn 0 1 0
vn 0 1 0
vn 0 1 0
vn 0 1 0
vn 0 -1 0
vn 0 -1 0
vn 0 -1 0
vn 0 -1 0
f 5138/5138/5138 5140/5140/5140 5139/5139/5139 5137/5137/5137
f 5142/5142/5142 5144/5144/5144 5143/5143/5143 5141/5141/5141
f 5146/5146/5146 5148/5148/5148 5147/5147/5147 5145/5145/5145
f 5150/5150/5150 5152/5152/5152 5151/5151/5151 5149/5149/5149
f 5154/5154/5154 5153/5153/5153 5155/5155/5155 5156/5156/5156
f 5158/5158/5158 5157/5157/5157 5159/5159/5159 5160/5160/5160
o object_213
v 116 0 -20
v 116 0 0
v 116 5 -20
v 116 5 0
v 116 0 0
v 120 0 0
v 116 5 0
v 120 5 0
v 120 0 0
v 120 0 -20
v 120 5 0
v 120 5 -20
v 120 0 -20
v 116 0 -20
v 120 5 -20
v 116 5 -20
v 116 5 0
v 116 5 -20
v 120 5 0
v 120 5 -20
v 116 0 -20
v 116 0 0
v 120 0 -20
v 120 0 0
vt 0.43478259444236755 0
vt 0.43478259444236755 0.86810034513473511
vt 0.65070909261703491 0
vt 0.65070909261703491 0.86810034513473511
vt 0 0.43478259444236755
vt 0 0.6086956262588501
vt 0.21592645347118378 0.43478259444236755
vt 0.21592645347118378 0.6086956262588501
vt 0.21739129722118378 0
vt 0.21739129722118378 0.86810034513473511
vt 0.43331775069236755 0
vt 0.43331775069236755 0.86810034513473511
vt 0 0
vt 0 0.17391304671764374
vt 0.21592645347118378 0
vt 0.21592645347118378 0.17391304671764374
vt 0.82608693838119507 0
vt 0.82608693838119507 0.86810034513473511
vt 0.99853515625 0
vt 0.99853515625 0.86810034513473511
vt 0.65217393636703491 0
vt 0.65217393636703491 0.86810034513473511
vt 0.82462209463119507 0
vt 0.82462209463119507 0.86810034513473511
vn -1 0 0
vn -1 0 0
vn -1 0 0
vn -1 0 0
vn 0 0 1
vn 0 0 1
vn 0 0 1
vn 0 0 1
vn 1 0 0
vn 1 0 0
vn 1 0 0
vn 1 0 0
vn 0 0 -1
vn 0 0 -1
vn 0 0 -1
vn 0 0 -1
vn 0 1 0
vn 0 1 0
vn 0 1 0
vn 0 1 0
vn 0 -1 0
vn 0 -1 0
vn 0 -1 0
vn 0 -1 0
f 5162/5162/5162 5164/5164/5164 5163/5163/5163 5161/5161/5161
f 5166/5166/5166 5168/5168/5168 5167/5167/5167 5165/5165/5165
f 5170/5170/5170 5172/5172/5172 5171/5171/5171 5169/5169/5169
f 5174/5174/5174 5176/5176/5176 5175/5175/5175 5173/5173/5173
f 5178/5178/5178 5177/5177/5177 5179/5179/5179 5180/5180/5180
f 5182/5182/5182 5181/5181/5181 5183/5183/5183 5184/5184/5184
o object_214
v 135 0 -14
v 135 0 0
v 135 5 -14
v 135 5 0
v 135 0 0
v 124 0 0
v 135 5 0
v 124 5 0
v 124 0 0
v 124 0 -14
v 124 5 0
v 124 5 -14
v 124 0 -14
v 135 0 -14
v 124 5 -14
v 135 5 -14
v 124 5 -14
v 124 5 0
v 135 5 -14
v 135 5 0
v 124 0 0
v 124 0 -14
v 135 0 0
v 135 0 -14
vt 0.83870965242385864 0
vt 0.83870965242385864 0.45161288976669312
vt 0.99853515625 0
vt 0.99853515625 0.45161288976669312
vt 0.16129031777381897 0.35483869910240173
vt 0.16129031777381897 0.70967739820480347
vt 0.32111579179763794 0.35483869910240173
vt 0.32111579179763794 0.70967739820480347
vt 0.67741936445236206 0
vt 0.67741936445236206 0.45161288976669312
vt 0.83724480867385864 0
vt 0.83724480867385864 0.45161288976669312
vt 0 0.35483869910240173
vt 0 0.70967739820480347
vt 0.15982547402381897 0.35483869910240173
vt 0.15982547402381897 0.70967739820480347
vt 0.32258063554763794 0.35483869910240173
vt 0.32258063554763794 0.80498677492141724
vt 0.67595452070236206 0.35483869910240173
vt 0.67595452070236206 0.80498677492141724
vt 0.45161288976669312 0
vt 0 0
vt 0.45161288976669312 0.35337385535240173
vt 0 0.35337385535240173
vn 1 0 0
vn 1 0 0
vn 1 0 0
vn 1 0 0
vn 0 0 1
vn 0 0 1
vn 0 0 1
vn 0 0 1
vn -1 0 0
vn -1 0 0
vn -1 0 0
vn -1 0 0
vn 0 0 -1
vn 0 0 -1
vn 0 0 -1
vn 0 0 -1
vn 0 1 0
vn 0 1 0
vn 0 1 0
vn 0 1 0
vn 0 -1 0
vn 0 -1 0
vn 0 -1 0
vn 0 -1 0
f 5186/5186/5186 5185/5185/5185 5187/5187/5187 5188/5188/5188
f 5190/5190/5190 5189/5189/5189 5191/5191/5191 5192/5192/5192
f 5194/5194/5194 5193/5193/5193 5195/5195/5195 5196/5196/5196
f 5198/5198/5198 5197/5197/5197 5199/5199/5199 5200/5200/5200
f 5202/5202/5202 5204/5204/5204 5203/5203/5203 5201/5201/5201
f 5206/5206/5206 5208/5208/5208 5207/5207/5207 5205/5205/5205
o object_215
v 135 0 -40
v 135 0 -20
v 135 5 -40
v 135 5 -20
v 135 0 -20
v 120 0 -20
v 135 5 -20
v 120 5 -20
v 120 0 -20
v 120 0 -40
v 120 5 -20
v 120 5 -40
v 120 0 -40
v 135 0 -40
v 120 5 -40
v 135 5 -40
v 120 5 -40
v 120 5 -20
v 135 5 -40
v 135 5 -20
v 120 0 -20
v 120 0 -40
v 135 0 -20
v 135 0 -40
vt 0.8571428656578064 0
vt 0.8571428656578064 0.57142859697341919
vt 0.99853515625 0
vt 0.99853515625 0.57142859697341919
vt 0.1428571492433548 0.4285714328289032
vt 0.1428571492433548 0.8571428656578064
vt 0.28424945473670959 0.4285714328289032
vt 0.28424945473670959 0.8571428656578064
vt 0.71428573131561279 0
vt 0.71428573131561279 0.57142859697341919
vt 0.8556780219078064 0
vt 0.8556780219078064 0.57142859697341919
vt 0 0.4285714328289032
vt 0 0.8571428656578064
vt 0.1413923054933548 0.4285714328289032
vt 0.1413923054933548 0.8571428656578064
vt 0.28571429848670959 0.4285714328289032
vt 0.28571429848670959 0.99853515625
vt 0.71282088756561279 0.4285714328289032
vt 0.71282088756561279 0.99853515625
vt 0.57142859697341919 0
vt 0 0
vt 0.57142859697341919 0.4271065890789032
vt 0 0.4271065890789032
vn 1 0 0
vn 1 0 0
vn 1 0 0
vn 1 0 0
vn 0 0 1
vn 0 0 1
vn 0 0 1
vn 0 0 1
vn -1 0 0
vn -1 0 0
vn -1 0 0
vn -1 0 0
vn 0 0 -1
vn 0 0 -1
vn 0 0 -1
vn 0 0 -1
vn 0 1 0
vn 0 1 0
vn 0 1 0
vn 0 1 0
vn 0 -1 0
vn 0 -1 0
vn 0 -1 0
vn 0 -1 0
f 5210/5210/5210 5209/5209/5209 5211/5211/5211 5212/5212/5212
f 5214/5214/5214 5213/5213/5213 5215/5215/5215 5216/5216/5216
f 5218/5218/5218 5217/5217/5217 5219/5219/5219 5220/5220/5220
f 5222/5222/5222 5221/5221/5221 5223/5223/5223 5224/5224/5224
f 5226/5226/5226 5228/5228/5228 5227/5227/5227 5225/5225/5225
f 5230/5230/5230 5232/5232/5232 5231/5231/5231 5229/5229/5229
o object_216
v 124 0 -20
v 124 0 0
v 124 5 -20
v 124 5 0
v 124 0 0
v 120 0 0
v 124 5 0
v 120 5 0
v 120 0 0
v 120 0 -20
v 120 5 0
v 120 5 -20
v 120 0 -20
v 124 0 -20
v 120 5 -20
v 124 5 -20
v 120 5 -20
v 120 5 0
v 124 5 -20
v 124 5 0
v 120 0 0
v 120 0 -20
v 124 0 0
v 124 0 -20
vt 0.43478259444236755 0
vt 0.43478259444236755 0.86810034513473511
vt 0.65070909261703491 0
vt 0.65070909261703491 0.86810034513473511
vt 0 0.43478259444236755
vt 0 0.6086956262588501
vt 0.21592645347118378 0.43478259444236755
vt 0.21592645347118378 0.6086956262588501
vt 0.21739129722118378 0
vt 0.21739129722118378 0.86810034513473511
vt 0.43331775069236755 0
vt 0.43331775069236755 0.86810034513473511
vt 0 0
vt 0 0.17391304671764374
vt 0.21592645347118378 0
vt 0.21592645347118378 0.17391304671764374
vt 0.82608693838119507 0
vt 0.82608693838119507 0.86810034513473511
vt 0.99853515625 0
vt 0.99853515625 0.86810034513473511
vt 0.65217393636703491 0
vt 0.65217393636703491 0.86810034513473511
vt 0.82462209463119507 0
vt 0.82462209463119507 0.86810034513473511
vn 1 0 0
vn 1 0 0
vn 1 0 0
vn 1 0 0
vn 0 0 1
vn 0 0 1
vn 0 0 1
vn 0 0 1
vn -1 0 0
vn -1 0 0
vn -1 0 0
vn -1 0 0
vn 0 0 -1
vn 0 0 -1
vn 0 0 -1
vn 0 0 -1
vn 0 1 0
vn 0 1 0
vn 0 1 0
vn 0 1 0
vn 0 -1 0
vn 0 -1 0
vn 0 -1 0
vn 0 -1 0
f 5234/5234/5234 5233/5233/5233 5235/5235/5235 5236/5236/5236
f 5238/5238/5238 5237/5237/5237 5239/5239/5239 5240/5240/5240
f 5242/5242/5242 5241/5241/5241 5243/5243/5243 5244/5244/5244
f 5246/5246/5246 5245/5245/5245 5247/5247/5247 5248/5248/5248
f 5250/5250/5250 5252/5252/5252 5251/5251/5251 5249/5249/5249
f 5254/5254/5254 5256/5256/5256 5255/5255/5255 5253/5253/5253
o object_217
v 120 0 -40
v 120 0 0
v 120 5 -40
v 120 5 0
v 120 0 0
v 150 0 0
v 120 5 0
v 150 5 0
v 150 0 0
v 150 0 -40
v 150 5 0
v 150 5 -40
v 150 0 -40
v 120 0 -40
v 150 5 -40
v 120 5 -40
v 120 5 0
v 120 5 -40
v 150 5 0
v 150 5 -40
v 120 0 -40
v 120 0 0
v 150 0 -40
v 150 0 0
vt 0.25 0
vt 0.25 0.66666668653488159
vt 0.3318684995174408 0
vt 0.3318684995174408 0.66666668653488159
vt 0.083333335816860199 0
vt 0.083333335816860199 0.5
vt 0.1652018278837204 0
vt 0.1652018278837204 0.5
vt 0.1666666716337204 0
vt 0.1666666716337204 0.66666668653488159
vt 0.24853515625 0
vt 0.24853515625 0.66666668653488159
vt 0 0
vt 0 0.5
vt 0.081868492066860199 0
vt 0.081868492066860199 0.5
vt 0.99853515625 0.5
vt 0.3333333432674408 0.5
vt 0.99853515625 0.99853515625
vt 0.3333333432674408 0.99853515625
vt 0.99853515625 0
vt 0.3333333432674408 0
vt 0.99853515625 0.49853515625
vt 0.3333333432674408 0.49853515625
vn -1 0 0
vn -1 0 0
vn -1 0 0
vn -1 0 0
vn 0 0 1
vn 0 0 1
vn 0 0 1
vn 0 0 1
vn 1 0 0
vn 1 0 0
vn 1 0 0
vn 1 0 0
vn 0 0 -1
vn 0 0 -1
vn 0 0 -1
vn 0 0 -1
vn 0 1 0
vn 0 1 0
vn 0 1 0
vn 0 1 0
vn 0 -1 0
vn 0 -1 0
vn 0 -1 0
vn 0 -1 0
f 5258/5258/5258 5260/5260/5260 5259/5259/5259 5257/5257/5257
f 5262/5262/5262 5264/5264/5264 5263/5263/5263 5261/5261/5261
f 5266/5266/5266 5268/5268/5268 5267/5267/5267 5265/5265/5265
f 5270/5270/5270 5272/5272/5272 5271/5271/5271 5269/5269/5269
f 5274/5274/5274 5273/5273/5273 5275/5275/5275 5276/5276/5276
f 5278/5278/5278 5277/5277/5277 5279/5279/5279 5280/5280/5280
o object_218
v 90 0 -40
v 90 0 0
v 90 5 -40
v 90 5 0
v 90 0 0
v 120 0 0
v 90 5 0
v 120 5 0
v 120 0 0
v 120 0 -40
v 120 5 0
v 120 5 -40
v 120 0 -40
v 90 0 -40
v 120 5 -40
v 90 5 -40
v 90 5 0
v 90 5 -40
v 120 5 0
v 120 5 -40
v 90 0 -40
v 90 0 0
v 120 0 -40
v 120 0 0
vt 0.25 0
vt 0.25 0.66666668653488159
vt 0.3318684995174408 0
vt 0.3318684995174408 0.66666668653488159
vt 0.083333335816860199 0
vt 0.083333335816860199 0.5
vt 0.1652018278837204 0
vt 0.1652018278837204 0.5
vt 0.1666666716337204 0
vt 0.1666666716337204 0.66666668653488159
vt 0.24853515625 0
vt 0.24853515625 0.66666668653488159
vt 0 0
vt 0 0.5
vt 0.081868492066860199 0
vt 0.081868492066860199 0.5
vt 0.99853515625 0.5
vt 0.3333333432674408 0.5
vt 0.99853515625 0.99853515625
vt 0.3333333432674408 0.99853515625
vt 0.99853515625 0
vt 0.3333333432674408 0
vt 0.99853515625 0.49853515625
vt 0.3333333432674408 0.49853515625
vn -1 0 0
vn -1 0 0
vn -1 0 0
vn -1 0 0
vn 0 0 1
vn 0 0 1
vn 0 0 1
vn 0 0 1
vn 1 0 0
vn 1 0 0
vn 1 0 0
vn 1 0 0
vn 0 0 -1
vn 0 0 -1
vn 0 0 -1
vn 0 0 -1
vn 0 1 0
vn 0 1 0
vn 0 1 0
vn 0 1 0
vn 0 -1 0
vn 0 -1 0
vn 0 -1 0
vn 0 -1 0
f 5282/5282/5282 5284/5284/5284 5283/5283/5283 5281/5281/5281
f 5286/5286/5286 5288/5288/5288 5287/5287/5287 5285/5285/5285
f 5290/5290/5290 5292/5292/5292 5291/5291/5291 5289/5289/5289
f 5294/5294/5294 5296/5296/5296 5295/5295/5295 5293/5293/5293
f 5298/5298/5298 5297/5297/5297 5299/5299/5299 5300/5300/5300
f 5302/5302/5302 5301/5301/5301 5303/5303/5303 5304/5304/5304
o object_219
v 105 0 -14
v 105 0 0
v 105 5 -14
v 105 5 0
v 105 0 0
v 116 0 0
v 105 5 0
v 116 5 0
v 116 0 0
v 116 0 -14
v 116 5 0
v 116 5 -14
v 116 0 -14
v 105 0 -14
v 116 5 -14
v 105 5 -14
v 105 5 0
v 105 5 -14
v 116 5 0
v 116 5 -14
v 105 0 -14
v 105 0 0
v 116 0 -14
v 116 0 0
vt 0.83870965242385864 0
vt 0.83870965242385864 0.45161288976669312
vt 0.99853515625 0
vt 0.99853515625 0.45161288976669312
vt 0.16129031777381897 0.35483869910240173
vt 0.16129031777381897 0.70967739820480347
vt 0.32111579179763794 0.35483869910240173
vt 0.32111579179763794 0.70967739820480347
vt 0.67741936445236206 0
vt 0.67741936445236206 0.45161288976669312
vt 0.83724480867385864 0
vt 0.83724480867385864 0.45161288976669312
vt 0 0.35483869910240173
vt 0 0.70967739820480347
vt 0.15982547402381897 0.35483869910240173
vt 0.15982547402381897 0.70967739820480347
vt 0.32258063554763794 0.35483869910240173
vt 0.32258063554763794 0.80498677492141724
vt 0.67595452070236206 0.35483869910240173
vt 0.67595452070236206 0.80498677492141724
vt 0.45161288976669312 0
vt 0 0
vt 0.45161288976669312 0.35337385535240173
vt 0 0.35337385535240173
vn -1 0 0
vn -1 0 0
vn -1 0 0
vn -1 0 0
vn 0 0 1
vn 0 0 1
vn 0 0 1
vn 0 0 1
vn 1 0 0
vn 1 0 0
vn 1 0 0
vn 1 0 0
vn 0 0 -1
vn 0 0 -1
vn 0 0 -1
vn 0 0 -1
vn 0 1 0
vn 0 1 0
vn 0 1 0
vn 0 1 0
vn 0 -1 0
vn 0 -1 0
vn 0 -1 0
vn 0 -1 0
f 5306/5306/5306 5308/5308/5308 5307/5307/5307 5305/5305/5305
f 5310/5310/5310 5312/5312/5312 5311/5311/5311 5309/5309/5309
f 5314/5314/5314 5316/5316/5316 5315/5315/5315 5313/5313/5313
f 5318/5318/5318 5320/5320/5320 5319/5319/5319 5317/5317/5317
f 5322/5322/5322 5321/5321/5321 5323/5323/5323 5324/5324/5324
f 5326/5326/5326 5325/5325/5325 5327/5327/5327 5328/5328/5328
o object_220
v 90 0 -5
v 90 0 0
v 90 5 -5
v 90 5 0
v 90 0 0
v 105 0 0
v 90 5 0
v 105 5 0
v 105 0 0
v 105 0 -5
v 105 5 0
v 105 5 -5
v 105 0 -5
v 90 0 -5
v 105 5 -5
v 90 5 -5
v 90 5 0
v 90 5 -5
v 105 5 0
v 105 5 -5
v 90 0 -5
v 90 0 0
v 105 0 -5
v 105 0 0
vt 0.25 0
vt 0.25 0.24853515625
vt 0.49853515625 0
vt 0.49853515625 0.24853515625
vt 0.25 0.25
vt 0.25 0.99853515625
vt 0.49853515625 0.25
vt 0.49853515625 0.99853515625
vt 0 0
vt 0 0.24853515625
vt 0.24853515625 0
vt 0.24853515625 0.24853515625
vt 0 0.25
vt 0 0.99853515625
vt 0.24853515625 0.25
vt 0.24853515625 0.99853515625
vt 0.99853515625 0
vt 0.75 0
vt 0.99853515625 0.75
vt 0.75 0.75
vt 0.74853515625 0
vt 0.5 0
vt 0.74853515625 0.75
vt 0.5 0.75
vn -1 0 0
vn -1 0 0
vn -1 0 0
vn -1 0 0
vn 0 0 1
vn 0 0 1
vn 0 0 1
vn 0 0 1
vn 1 0 0
vn 1 0 0
vn 1 0 0
vn 1 0 0
vn 0 0 -1
vn 0 0 -1
vn 0 0 -1
vn 0 0 -1
vn 0 1 0
vn 0 1 0
vn 0 1 0
vn 0 1 0
vn 0 -1 0
vn 0 -1 0
vn 0 -1 0
vn 0 -1 0
f 5330/5330/5330 5332/5332/5332 5331/5331/5331 5329/5329/5329
f 5334/5334/5334 5336/5336/5336 5335/5335/5335 5333/5333/5333
f 5338/5338/5338 5340/5340/5340 5339/5339/5339 5337/5337/5337
f 5342/5342/5342 5344/5344/5344 5343/5343/5343 5341/5341/5341
f 5346/5346/5346 5345/5345/5345 5347/5347/5347 5348/5348/5348
f 5350/5350/5350 5349/5349/5349 5351/5351/5351 5352/5352/5352
o object_221
v 90 0 -40
v 90 0 -27
v 90 5 -40
v 90 5 -27
v 90 0 -27
v 83 0 -27
v 90 5 -27
v 83 5 -27
v 83 0 -27
v 83 0 -40
v 83 5 -27
v 83 5 -40
v 83 0 -40
v 90 0 -40
v 83 5 -40
v 90 5 -40
v 83 5 -40
v 83 5 -27
v 90 5 -40
v 90 5 -27
v 83 0 -27
v 83 0 -40
v 90 0 -27
v 90 0 -40
vt 0.56521737575531006 0.21739129722118378
vt 0 0.21739129722118378
vt 0.56521737575531006 0.43331775069236755
vt 0 0.43331775069236755
vt 0.30288296937942505 0.71739131212234497
vt 0 0.71739131212234497
vt 0.30288296937942505 0.93478262424468994
vt 0 0.93478262424468994
vt 0.56521737575531006 0
vt 0 0
vt 0.56521737575531006 0.21592645347118378
vt 0 0.21592645347118378
vt 0.30288296937942505 0.43478259444236755
vt 0 0.43478259444236755
vt 0.30288296937942505 0.65217393636703491
vt 0 0.65217393636703491
vt 0.6086956262588501 0
vt 0.6086956262588501 0.56521737575531006
vt 0.91157865524291992 0
vt 0.91157865524291992 0.56521737575531006
vt 0.30434781312942505 0.43478259444236755
vt 0.30434781312942505 0.99853515625
vt 0.6072307825088501 0.43478259444236755
vt 0.6072307825088501 0.99853515625
vn 1 0 0
vn 1 0 0
vn 1 0 0
vn 1 0 0
vn 0 0 1
vn 0 0 1
vn 0 0 1
vn 0 0 1
vn -1 0 0
vn -1 0 0
vn -1 0 0
vn -1 0 0
vn 0 0 -1
vn 0 0 -1
vn 0 0 -1
vn 0 0 -1
vn 0 1 0
vn 0 1 0
vn 0 1 0
vn 0 1 0
vn 0 -1 0
vn 0 -1 0
vn 0 -1 0
vn 0 -1 0
f 5354/5354/5354 5353/5353/5353 5355/5355/5355 5356/5356/5356
f 5358/5358/5358 5357/5357/5357 5359/5359/5359 5360/5360/5360
f 5362/5362/5362 5361/5361/5361 5363/5363/5363 5364/5364/5364
f 5366/5366/5366 5365/5365/5365 5367/5367/5367 5368/5368/5368
f 5370/5370/5370 5372/5372/5372 5371/5371/5371 5369/5369/5369
f 5374/5374/5374 5376/5376/5376 5375/5375/5375 5373/5373/5373
o object_222
v 105 0 -40
v 105 0 -20
v 105 5 -40
v 105 5 -20
v 105 0 -20
v 120 0 -20
v 105 5 -20
v 120 5 -20
v 120 0 -20
v 120 0 -40
v 120 5 -20
v 120 5 -40
v 120 0 -40
v 105 0 -40
v 120 5 -40
v 105 5 -40
v 105 5 -20
v 105 5 -40
v 120 5 -20
v 120 5 -40
v 105 0 -40
v 105 0 -20
v 120 0 -40
v 120 0 -20
vt 0.8571428656578064 0
vt 0.8571428656578064 0.57142859697341919
vt 0.99853515625 0
vt 0.99853515625 0.57142859697341919
vt 0.1428571492433548 0.4285714328289032
vt 0.1428571492433548 0.8571428656578064
vt 0.28424945473670959 0.4285714328289032
vt 0.28424945473670959 0.8571428656578064
vt 0.71428573131561279 0
vt 0.71428573131561279 0.57142859697341919
vt 0.8556780219078064 0
vt 0.8556780219078064 0.57142859697341919
vt 0 0.4285714328289032
vt 0 0.8571428656578064
vt 0.1413923054933548 0.4285714328289032
vt 0.1413923054933548 0.8571428656578064
vt 0.28571429848670959 0.4285714328289032
vt 0.28571429848670959 0.99853515625
vt 0.71282088756561279 0.4285714328289032
vt 0.71282088756561279 0.99853515625
vt 0.57142859697341919 0
vt 0 0
vt 0.57142859697341919 0.4271065890789032
vt 0 0.4271065890789032
vn -1 0 0
vn -1 0 0
vn -1 0 0
vn -1 0 0
vn 0 0 1
vn 0 0 1
vn 0 0 1
vn 0 0 1
vn 1 0 0
vn 1 0 0
vn 1 0 0
vn 1 0 0
vn 0 0 -1
vn 0 0 -1
vn 0 0 -1
vn 0 0 -1
vn 0 1 0
vn 0 1 0
vn 0 1 0
vn 0 1 0
vn 0 -1 0
vn 0 -1 0
vn 0 -1 0
vn 0 -1 0
f 5378/5378/5378 5380/5380/5380 5379/5379/5379 5377/5377/5377
f 5382/5382/5382 5384/5384/5384 5383/5383/5383 5381/5381/5381
f 5386/5386/5386 5388/5388/5388 5387/5387/5387 5385/5385/5385
f 5390/5390/5390 5392/5392/5392 5391/5391/5391 5389/5389/5389
f 5394/5394/5394 5393/5393/5393 5395/5395/5395 5396/5396/5396
f 5398/5398/5398 5397/5397/5397 5399/5399/5399 5400/5400/5400
o object_223
v 90 0 -40
v 90 0 -27
v 90 5 -40
v 90 5 -27
v 90 0 -27
v 97 0 -27
v 90 5 -27
v 97 5 -27
v 97 0 -27
v 97 0 -40
v 97 5 -27
v 97 5 -40
v 97 0 -40
v 90 0 -40
v 97 5 -40
v 90 5 -40
v 90 5 -27
v 90 5 -40
v 97 5 -27
v 97 5 -40
v 90 0 -40
v 90 0 -27
v 97 0 -40
v 97 0 -27
vt 0.56521737575531006 0.21739129722118378
vt 0 0.21739129722118378
vt 0.56521737575531006 0.43331775069236755
vt 0 0.43331775069236755
vt 0.30288296937942505 0.71739131212234497
vt 0 0.71739131212234497
vt 0.30288296937942505 0.93478262424468994
vt 0 0.93478262424468994
vt 0.56521737575531006 0
vt 0 0
vt 0.56521737575531006 0.21592645347118378
vt 0 0.21592645347118378
vt 0.30288296937942505 0.43478259444236755
vt 0 0.43478259444236755
vt 0.30288296937942505 0.65217393636703491
vt 0 0.65217393636703491
vt 0.6086956262588501 0
vt 0.6086956262588501 0.56521737575531006
vt 0.91157865524291992 0
vt 0.91157865524291992 0.56521737575531006
vt 0.30434781312942505 0.43478259444236755
vt 0.30434781312942505 0.99853515625
vt 0.6072307825088501 0.43478259444236755
vt 0.6072307825088501 0.99853515625
vn -1 0 0
vn -1 0 0
vn -1 0 0
vn -1 0 0
vn 0 0 1
vn 0 0 1
vn 0 0 1
vn 0 0 1
vn 1 0 0
vn 1 0 0
vn 1 0 0
vn 1 0 0
vn 0 0 -1
vn 0 0 -1
vn 0 0 -1
vn 0 0 -1
vn 0 1 0
vn 0 1 0
vn 0 1 0
vn 0 1 0
vn 0 -1 0
vn 0 -1 0
vn 0 -1 0
vn 0 -1 0
f 5402/5402/5402 5404/5404/5404 5403/5403/5403 5401/5401/5401
f 5406/5406/5406 5408/5408/5408 5407/5407/5407 5405/5405/5405
f 5410/5410/5410 5412/5412/5412 5411/5411/5411 5409/5409/5409
f 5414/5414/5414 5416/5416/5416 5415/5415/5415 5413/5413/5413
f 5418/5418/5418 5417/5417/5417 5419/5419/5419 5420/5420/5420
f 5422/5422/5422 5421/5421/5421 5423/5423/5423 5424/5424/5424
o object_224
v 105 0 -40
v 105 0 -26
v 105 5 -40
v 105 5 -26
v 105 0 -26
v 110 0 -26
v 105 5 -26
v 110 5 -26
v 110 0 -26
v 110 0 -40
v 110 5 -26
v 110 5 -40
v 110 0 -40
v 105 0 -40
v 110 5 -40
v 105 5 -40
v 105 5 -26
v 105 5 -40
v 110 5 -26
v 110 5 -40
v 105 0 -40
v 105 0 -26
v 110 0 -40
v 110 0 -26
vt 0.25 0.25
vt 0.25 0.94853514432907104
vt 0.49853515625 0.25
vt 0.49853515625 0.94853514432907104
vt 0.25 0
vt 0.25 0.24853515625
vt 0.49853515625 0
vt 0.49853515625 0.24853515625
vt 0 0.25
vt 0 0.94853514432907104
vt 0.24853515625 0.25
vt 0.24853515625 0.94853514432907104
vt 0 0
vt 0 0.24853515625
vt 0.24853515625 0
vt 0.24853515625 0.24853515625
vt 0.75 0
vt 0.75 0.69999998807907104
vt 0.99853515625 0
vt 0.99853515625 0.69999998807907104
vt 0.5 0
vt 0.5 0.69999998807907104
vt 0.74853515625 0
vt 0.74853515625 0.69999998807907104
vn -1 0 0
vn -1 0 0
vn -1 0 0
vn -1 0 0
vn 0 0 1
vn 0 0 1
vn 0 0 1
vn 0 0 1
vn 1 0 0
vn 1 0 0
vn 1 0 0
vn 1 0 0
vn 0 0 -1
vn 0 0 -1
vn 0 0 -1
vn 0 0 -1
vn 0 1 0
vn 0 1 0
vn 0 1 0
vn 0 1 0
vn 0 -1 0
vn 0 -1 0
vn 0 -1 0
vn 0 -1 0
f 5426/5426/5426 5428/5428/5428 5427/5427/5427 5425/5425/5425
f 5430/5430/5430 5432/5432/5432 5431/5431/5431 5429/5429/5429
f 5434/5434/5434 5436/5436/5436 5435/5435/5435 5433/5433/5433
f 5438/5438/5438 5440/5440/5440 5439/5439/5439 5437/5437/5437
f 5442/5442/5442 5441/5441/5441 5443/5443/5443 5444/5444/5444
f 5446/5446/5446 5445/5445/5445 5447/5447/5447 5448/5448/5448
o object_225
v 30 0 -5
v 30 0 0
v 30 5 -5
v 30 5 0
v 30 0 0
v 45 0 0
v 30 5 0
v 45 5 0
v 45 0 0
v 45 0 -5
v 45 5 0
v 45 5 -5
v 45 0 -5
v 30 0 -5
v 45 5 -5
v 30 5 -5
v 30 5 0
v 30 5 -5
v 45 5 0
v 45 5 -5
v 30 0 -5
v 30 0 0
v 45 0 -5
v 45 0 0
vt 0.25 0
vt 0.25 0.24853515625
vt 0.49853515625 0
vt 0.49853515625 0.24853515625
vt 0.25 0.25
vt 0.25 0.99853515625
vt 0.49853515625 0.25
vt 0.49853515625 0.99853515625
vt 0 0
vt 0 0.24853515625
vt 0.24853515625 0
vt 0.24853515625 0.24853515625
vt 0 0.25
vt 0 0.99853515625
vt 0.24853515625 0.25
vt 0.24853515625 0.99853515625
vt 0.99853515625 0
vt 0.75 0
vt 0.99853515625 0.75
vt 0.75 0.75
vt 0.74853515625 0
vt 0.5 0
vt 0.74853515625 0.75
vt 0.5 0.75
vn -1 0 0
vn -1 0 0
vn -1 0 0
vn -1 0 0
vn 0 0 1
vn 0 0 1
vn 0 0 1
vn 0 0 1
vn 1 0 0
vn 1 0 0
vn 1 0 0
vn 1 0 0
vn 0 0 -1
vn 0 0 -1
vn 0 0 -1
vn 0 0 -1
vn 0 1 0
vn 0 1 0
vn 0 1 0
vn 0 1 0
vn 0 -1 0
vn 0 -1 0
vn 0 -1 0
vn 0 -1 0
f 5450/5450/5450 5452/5452/5452 5451/5451/5451 5449/5449/5449
f 5454/5454/5454 5456/5456/5456 5455/5455/5455 5453/5453/5453
f 5458/5458/5458 5460/5460/5460 5459/5459/5459 5457/5457/5457
f 5462/5462/5462 5464/5464/5464 5463/5463/5463 5461/5461/5461
f 5466/5466/5466 5465/5465/5465 5467/5467/5467 5468/5468/5468
f 5470/5470/5470 5469/5469/5469 5471/5471/5471 5472/5472/5472
o object_226
v 30 0 -40
v 30 0 -27
v 30 5 -40
v 30 5 -27
v 30 0 -27
v 37 0 -27
v 30 5 -27
v 37 5 -27
v 37 0 -27
v 37 0 -40
v 37 5 -27
v 37 5 -40
v 37 0 -40
v 30 0 -40
v 37 5 -40
v 30 5 -40
v 30 5 -27
v 30 5 -40
v 37 5 -27
v 37 5 -40
v 30 0 -40
v 30 0 -27
v 37 0 -40
v 37 0 -27
vt 0.56521737575531006 0.21739129722118378
vt 0 0.21739129722118378
vt 0.56521737575531006 0.43331775069236755
vt 0 0.43331775069236755
vt 0.30288296937942505 0.71739131212234497
vt 0 0.71739131212234497
vt 0.30288296937942505 0.93478262424468994
vt 0 0.93478262424468994
vt 0.56521737575531006 0
vt 0 0
vt 0.56521737575531006 0.21592645347118378
vt 0 0.21592645347118378
vt 0.30288296937942505 0.43478259444236755
vt 0 0.43478259444236755
vt 0.30288296937942505 0.65217393636703491
vt 0 0.65217393636703491
vt 0.6086956262588501 0
vt 0.6086956262588501 0.56521737575531006
vt 0.91157865524291992 0
vt 0.91157865524291992 0.56521737575531006
vt 0.30434781312942505 0.43478259444236755
vt 0.30434781312942505 0.99853515625
vt 0.6072307825088501 0.43478259444236755
vt 0.6072307825088501 0.99853515625
vn -1 0 0
vn -1 0 0
vn -1 0 0
vn -1 0 0
vn 0 0 1
vn 0 0 1
vn 0 0 1
vn 0 0 1
vn 1 0 0
vn 1 0 0
vn 1 0 0
vn 1 0 0
vn 0 0 -1
vn 0 0 -1
vn 0 0 -1
vn 0 0 -1
vn 0 1 0
vn 0 1 0
vn 0 1 0
vn 0 1 0
vn 0 -1 0
vn 0 -1 0
vn 0 -1 0
vn 0 -1 0
f 5474/5474/5474 5476/5476/5476 5475/5475/5475 5473/5473/5473
f 5478/5478/5478 5480/5480/5480 5479/5479/5479 5477/5477/5477
f 5482/5482/5482 5484/5484/5484 5483/5483/5483 5481/5481/5481
f 5486/5486/5486 5488/5488/5488 5487/5487/5487 5485/5485/5485
f 5490/5490/5490 5489/5489/5489 5491/5491/5491 5492/5492/5492
f 5494/5494/5494 5493/5493/5493 5495/5495/5495 5496/5496/5496
o object_227
v 45 0 -40
v 45 0 -26
v 45 5 -40
v 45 5 -26
v 45 0 -26
v 50 0 -26
v 45 5 -26
v 50 5 -26
v 50 0 -26
v 50 0 -40
v 50 5 -26
v 50 5 -40
v 50 0 -40
v 45 0 -40
v 50 5 -40
v 45 5 -40
v 45 5 -26
v 45 5 -40
v 50 5 -26
v 50 5 -40
v 45 0 -40
v 45 0 -26
v 50 0 -40
v 50 0 -26
vt 0.25 0.25
vt 0.25 0.94853514432907104
vt 0.49853515625 0.25
vt 0.49853515625 0.94853514432907104
vt 0.25 0
vt 0.25 0.24853515625
vt 0.49853515625 0
vt 0.49853515625 0.24853515625
vt 0 0.25
vt 0 0.94853514432907104
vt 0.24853515625 0.25
vt 0.24853515625 0.94853514432907104
vt 0 0
vt 0 0.24853515625
vt 0.24853515625 0
vt 0.24853515625 0.24853515625
vt 0.75 0
vt 0.75 0.69999998807907104
vt 0.99853515625 0
vt 0.99853515625 0.69999998807907104
vt 0.5 0
vt 0.5 0.69999998807907104
vt 0.74853515625 0
vt 0.74853515625 0.69999998807907104
vn -1 0 0
vn -1 0 0
vn -1 0 0
vn -1 0 0
vn 0 0 1
vn 0 0 1
vn 0 0 1
vn 0 0 1
vn 1 0 0
vn 1 0 0
vn 1 0 0
vn 1 0 0
vn 0 0 -1
vn 0 0 -1
vn 0 0 -1
vn 0 0 -1
vn 0 1 0
vn 0 1 0
vn 0 1 0
vn 0 1 0
vn 0 -1 0
vn 0 -1 0
vn 0 -1 0
vn 0 -1 0
f 5498/5498/5498 5500/5500/5500 5499/5499/5499 5497/5497/5497
f 5502/5502/5502 5504/5504/5504 5503/5503/5503 5501/5501/5501
f 5506/5506/5506 5508/5508/5508 5507/5507/5507 5505/5505/5505
f 5510/5510/5510 5512/5512/5512 5511/5511/5511 5509/5509/5509
f 5514/5514/5514 5513/5513/5513 5515/5515/5515 5516/5516/5516
f 5518/5518/5518 5517/5517/5517 5519/5519/5519 5520/5520/5520
o object_228
v 75 0 -40
v 75 0 -26
v 75 5 -40
v 75 5 -26
v 75 0 -26
v 70 0 -26
v 75 5 -26
v 70 5 -26
v 70 0 -26
v 70 0 -40
v 70 5 -26
v 70 5 -40
v 70 0 -40
v 75 0 -40
v 70 5 -40
v 75 5 -40
v 70 5 -40
v 70 5 -26
v 75 5 -40
v 75 5 -26
v 70 0 -26
v 70 0 -40
v 75 0 -26
v 75 0 -40
vt 0.25 0.25
vt 0.25 0.94853514432907104
vt 0.49853515625 0.25
vt 0.49853515625 0.94853514432907104
vt 0.25 0
vt 0.25 0.24853515625
vt 0.49853515625 0
vt 0.49853515625 0.24853515625
vt 0 0.25
vt 0 0.94853514432907104
vt 0.24853515625 0.25
vt 0.24853515625 0.94853514432907104
vt 0 0
vt 0 0.24853515625
vt 0.24853515625 0
vt 0.24853515625 0.24853515625
vt 0.75 0
vt 0.75 0.69999998807907104
vt 0.99853515625 0
vt 0.99853515625 0.69999998807907104
vt 0.5 0
vt 0.5 0.69999998807907104
vt 0.74853515625 0
vt 0.74853515625 0.69999998807907104
vn 1 0 0
vn 1 0 0
vn 1 0 0
vn 1 0 0
vn 0 0 1
vn 0 0 1
vn 0 0 1
vn 0 0 1
vn -1 0 0
vn -1 0 0
vn -1 0 0
vn -1 0 0
vn 0 0 -1
vn 0 0 -1
vn 0 0 -1
vn 0 0 -1
vn 0 1 0
vn 0 1 0
vn 0 1 0
vn 0 1 0
vn 0 -1 0
vn 0 -1 0
vn 0 -1 0
vn 0 -1 0
f 5522/5522/5522 5521/5521/5521 5523/5523/5523 5524/5524/5524
f 5526/5526/5526 5525/5525/5525 5527/5527/5527 5528/5528/5528
f 5530/5530/5530 5529/5529/5529 5531/5531/5531 5532/5532/5532
f 5534/5534/5534 5533/5533/5533 5535/5535/5535 5536/5536/5536
f 5538/5538/5538 5540/5540/5540 5539/5539/5539 5537/5537/5537
f 5542/5542/5542 5544/5544/5544 5543/5543/5543 5541/5541/5541
o object_229
v 64 0 -20
v 64 0 0
v 64 5 -20
v 64 5 0
v 64 0 0
v 60 0 0
v 64 5 0
v 60 5 0
v 60 0 0
v 60 0 -20
v 60 5 0
v 60 5 -20
v 60 0 -20
v 64 0 -20
v 60 5 -20
v 64 5 -20
v 60 5 -20
v 60 5 0
v 64 5 -20
v 64 5 0
v 60 0 0
v 60 0 -20
v 64 0 0
v 64 0 -20
vt 0.43478259444236755 0
vt 0.43478259444236755 0.86810034513473511
vt 0.65070909261703491 0
vt 0.65070909261703491 0.86810034513473511
vt 0 0.43478259444236755
vt 0 0.6086956262588501
vt 0.21592645347118378 0.43478259444236755
vt 0.21592645347118378 0.6086956262588501
vt 0.21739129722118378 0
vt 0.21739129722118378 0.86810034513473511
vt 0.43331775069236755 0
vt 0.43331775069236755 0.86810034513473511
vt 0 0
vt 0 0.17391304671764374
vt 0.21592645347118378 0
vt 0.21592645347118378 0.17391304671764374
vt 0.82608693838119507 0
vt 0.82608693838119507 0.86810034513473511
vt 0.99853515625 0
vt 0.99853515625 0.86810034513473511
vt 0.65217393636703491 0
vt 0.65217393636703491 0.86810034513473511
vt 0.82462209463119507 0
vt 0.82462209463119507 0.86810034513473511
vn 1 0 0
vn 1 0 0
vn 1 0 0
vn 1 0 0
vn 0 0 1
vn 0 0 1
vn 0 0 1
vn 0 0 1
vn -1 0 0
vn -1 0 0
vn -1 0 0
vn -1 0 0
vn 0 0 -1
vn 0 0 -1
vn 0 0 -1
vn 0 0 -1
vn 0 1 0
vn 0 1 0
vn 0 1 0
vn 0 1 0
vn 0 -1 0
vn 0 -1 0
vn 0 -1 0
vn 0 -1 0
f 5546/5546/5546 5545/5545/5545 5547/5547/5547 5548/5548/5548
f 5550/5550/5550 5549/5549/5549 5551/5551/5551 5552/5552/5552
f 5554/5554/5554 5553/5553/5553 5555/5555/5555 5556/5556/5556
f 5558/5558/5558 5557/5557/5557 5559/5559/5559 5560/5560/5560
f 5562/5562/5562 5564/5564/5564 5563/5563/5563 5561/5561/5561
f 5566/5566/5566 5568/5568/5568 5567/5567/5567 5565/5565/5565
o object_230
v 75 0 -40
v 75 0 -20
v 75 5 -40
v 75 5 -20
v 75 0 -20
v 60 0 -20
v 75 5 -20
v 60 5 -20
v 60 0 -20
v 60 0 -40
v 60 5 -20
v 60 5 -40
v 60 0 -40
v 75 0 -40
v 60 5 -40
v 75 5 -40
v 60 5 -40
v 60 5 -20
v 75 5 -40
v 75 5 -20
v 60 0 -20
v 60 0 -40
v 75 0 -20
v 75 0 -40
vt 0.8571428656578064 0
vt 0.8571428656578064 0.57142859697341919
vt 0.99853515625 0
vt 0.99853515625 0.57142859697341919
vt 0.1428571492433548 0.4285714328289032
vt 0.1428571492433548 0.8571428656578064
vt 0.28424945473670959 0.4285714328289032
vt 0.28424945473670959 0.8571428656578064
vt 0.71428573131561279 0
vt 0.71428573131561279 0.57142859697341919
vt 0.8556780219078064 0
vt 0.8556780219078064 0.57142859697341919
vt 0 0.4285714328289032
vt 0 0.8571428656578064
vt 0.1413923054933548 0.4285714328289032
vt 0.1413923054933548 0.8571428656578064
vt 0.28571429848670959 0.4285714328289032
vt 0.28571429848670959 0.99853515625
vt 0.71282088756561279 0.4285714328289032
vt 0.71282088756561279 0.99853515625
vt 0.57142859697341919 0
vt 0 0
vt 0.57142859697341919 0.4271065890789032
vt 0 0.4271065890789032
vn 1 0 0
vn 1 0 0
vn 1 0 0
vn 1 0 0
vn 0 0 1
vn 0 0 1
vn 0 0 1
vn 0 0 1
vn -1 0 0
vn -1 0 0
vn -1 0 0
vn -1 0 0
vn 0 0 -1
vn 0 0 -1
vn 0 0 -1
vn 0 0 -1
vn 0 1 0
vn 0 1 0
vn 0 1 0
vn 0 1 0
vn 0 -1 0
vn 0 -1 0
vn 0 -1 0
vn 0 -1 0
f 5570/5570/5570 5569/5569/5569 5571/5571/5571 5572/5572/5572
f 5574/5574/5574 5573/5573/5573 5575/5575/5575 5576/5576/5576
f 5578/5578/5578 5577/5577/5577 5579/5579/5579 5580/5580/5580
f 5582/5582/5582 5581/5581/5581 5583/5583/5583 5584/5584/5584
f 5586/5586/5586 5588/5588/5588 5587/5587/5587 5585/5585/5585
f 5590/5590/5590 5592/5592/5592 5591/5591/5591 5589/5589/5589
o object_231
v 75 0 -14
v 75 0 0
v 75 5 -14
v 75 5 0
v 75 0 0
v 64 0 0
v 75 5 0
v 64 5 0
v 64 0 0
v 64 0 -14
v 64 5 0
v 64 5 -14
v 64 0 -14
v 75 0 -14
v 64 5 -14
v 75 5 -14
v 64 5 -14
v 64 5 0
v 75 5 -14
v 75 5 0
v 64 0 0
v 64 0 -14
v 75 0 0
v 75 0 -14
vt 0.83870965242385864 0
vt 0.83870965242385864 0.45161288976669312
vt 0.99853515625 0
vt 0.99853515625 0.45161288976669312
vt 0.16129031777381897 0.35483869910240173
vt 0.16129031777381897 0.70967739820480347
vt 0.32111579179763794 0.35483869910240173
vt 0.32111579179763794 0.70967739820480347
vt 0.67741936445236206 0
vt 0.67741936445236206 0.45161288976669312
vt 0.83724480867385864 0
vt 0.83724480867385864 0.45161288976669312
vt 0 0.35483869910240173
vt 0 0.70967739820480347
vt 0.15982547402381897 0.35483869910240173
vt 0.15982547402381897 0.70967739820480347
vt 0.32258063554763794 0.35483869910240173
vt 0.32258063554763794 0.80498677492141724
vt 0.67595452070236206 0.35483869910240173
vt 0.67595452070236206 0.80498677492141724
vt 0.45161288976669312 0
vt 0 0
vt 0.45161288976669312 0.35337385535240173
vt 0 0.35337385535240173
vn 1 0 0
vn 1 0 0
vn 1 0 0
vn 1 0 0
vn 0 0 1
vn 0 0 1
vn 0 0 1
vn 0 0 1
vn -1 0 0
vn -1 0 0
vn -1 0 0
vn -1 0 0
vn 0 0 -1
vn 0 0 -1
vn 0 0 -1
vn 0 0 -1
vn 0 1 0
vn 0 1 0
vn 0 1 0
vn 0 1 0
vn 0 -1 0
vn 0 -1 0
vn 0 -1 0
vn 0 -1 0
f 5594/5594/5594 5593/5593/5593 5595/5595/5595 5596/5596/5596
f 5598/5598/5598 5597/5597/5597 5599/5599/5599 5600/5600/5600
f 5602/5602/5602 5601/5601/5601 5603/5603/5603 5604/5604/5604
f 5606/5606/5606 5605/5605/5605 5607/5607/5607 5608/5608/5608
f 5610/5610/5610 5612/5612/5612 5611/5611/5611 5609/5609/5609
f 5614/5614/5614 5616/5616/5616 5615/5615/5615 5613/5613/5613
o object_232
v 56 0 -20
v 56 0 0
v 56 5 -20
v 56 5 0
v 56 0 0
v 60 0 0
v 56 5 0
v 60 5 0
v 60 0 0
v 60 0 -20
v 60 5 0
v 60 5 -20
v 60 0 -20
v 56 0 -20
v 60 5 -20
v 56 5 -20
v 56 5 0
v 56 5 -20
v 60 5 0
v 60 5 -20
v 56 0 -20
v 56 0 0
v 60 0 -20
v 60 0 0
vt 0.43478259444236755 0
vt 0.43478259444236755 0.86810034513473511
vt 0.65070909261703491 0
vt 0.65070909261703491 0.86810034513473511
vt 0 0.43478259444236755
vt 0 0.6086956262588501
vt 0.21592645347118378 0.43478259444236755
vt 0.21592645347118378 0.6086956262588501
vt 0.21739129722118378 0
vt 0.21739129722118378 0.86810034513473511
vt 0.43331775069236755 0
vt 0.43331775069236755 0.86810034513473511
vt 0 0
vt 0 0.17391304671764374
vt 0.21592645347118378 0
vt 0.21592645347118378 0.17391304671764374
vt 0.82608693838119507 0
vt 0.82608693838119507 0.86810034513473511
vt 0.99853515625 0
vt 0.99853515625 0.86810034513473511
vt 0.65217393636703491 0
vt 0.65217393636703491 0.86810034513473511
vt 0.82462209463119507 0
vt 0.82462209463119507 0.86810034513473511
vn -1 0 0
vn -1 0 0
vn -1 0 0
vn -1 0 0
vn 0 0 1
vn 0 0 1
vn 0 0 1
vn 0 0 1
vn 1 0 0
vn 1 0 0
vn 1 0 0
vn 1 0 0
vn 0 0 -1
vn 0 0 -1
vn 0 0 -1
vn 0 0 -1
vn 0 1 0
vn 0 1 0
vn 0 1 0
vn 0 1 0
vn 0 -1 0
vn 0 -1 0
vn 0 -1 0
vn 0 -1 0
f 5618/5618/5618 5620/5620/5620 5619/5619/5619 5617/5617/5617
f 5622/5622/5622 5624/5624/5624 5623/5623/5623 5621/5621/5621
f 5626/5626/5626 5628/5628/5628 5627/5627/5627 5625/5625/5625
f 5630/5630/5630 5632/5632/5632 5631/5631/5631 5629/5629/5629
f 5634/5634/5634 5633/5633/5633 5635/5635/5635 5636/5636/5636
f 5638/5638/5638 5637/5637/5637 5639/5639/5639 5640/5640/5640
o object_233
v 45 0 -40
v 45 0 -20
v 45 5 -40
v 45 5 -20
v 45 0 -20
v 60 0 -20
v 45 5 -20
v 60 5 -20
v 60 0 -20
v 60 0 -40
v 60 5 -20
v 60 5 -40
v 60 0 -40
v 45 0 -40
v 60 5 -40
v 45 5 -40
v 45 5 -20
v 45 5 -40
v 60 5 -20
v 60 5 -40
v 45 0 -40
v 45 0 -20
v 60 0 -40
v 60 0 -20
vt 0.8571428656578064 0
vt 0.8571428656578064 0.57142859697341919
vt 0.99853515625 0
vt 0.99853515625 0.57142859697341919
vt 0.1428571492433548 0.4285714328289032
vt 0.1428571492433548 0.8571428656578064
vt 0.28424945473670959 0.4285714328289032
vt 0.28424945473670959 0.8571428656578064
vt 0.71428573131561279 0
vt 0.71428573131561279 0.57142859697341919
vt 0.8556780219078064 0
vt 0.8556780219078064 0.57142859697341919
vt 0 0.4285714328289032
vt 0 0.8571428656578064
vt 0.1413923054933548 0.4285714328289032
vt 0.1413923054933548 0.8571428656578064
vt 0.28571429848670959 0.4285714328289032
vt 0.28571429848670959 0.99853515625
vt 0.71282088756561279 0.4285714328289032
vt 0.71282088756561279 0.99853515625
vt 0.57142859697341919 0
vt 0 0
vt 0.57142859697341919 0.4271065890789032
vt 0 0.4271065890789032
vn -1 0 0
vn -1 0 0
vn -1 0 0
vn -1 0 0
vn 0 0 1
vn 0 0 1
vn 0 0 1
vn 0 0 1
vn 1 0 0
vn 1 0 0
vn 1 0 0
vn 1 0 0
vn 0 0 -1
vn 0 0 -1
vn 0 0 -1
vn 0 0 -1
vn 0 1 0
vn 0 1 0
vn 0 1 0
vn 0 1 0
vn 0 -1 0
vn 0 -1 0
vn 0 -1 0
vn 0 -1 0
f 5642/5642/5642 5644/5644/5644 5643/5643/5643 5641/5641/5641
f 5646/5646/5646 5648/5648/5648 5647/5647/5647 5645/5645/5645
f 5650/5650/5650 5652/5652/5652 5651/5651/5651 5649/5649/5649
f 5654/5654/5654 5656/5656/5656 5655/5655/5655 5653/5653/5653
f 5658/5658/5658 5657/5657/5657 5659/5659/5659 5660/5660/5660
f 5662/5662/5662 5661/5661/5661 5663/5663/5663 5664/5664/5664
o object_234
v 45 0 -14
v 45 0 0
v 45 5 -14
v 45 5 0
v 45 0 0
v 56 0 0
v 45 5 0
v 56 5 0
v 56 0 0
v 56 0 -14
v 56 5 0
v 56 5 -14
v 56 0 -14
v 45 0 -14
v 56 5 -14
v 45 5 -14
v 45 5 0
v 45 5 -14
v 56 5 0
v 56 5 -14
v 45 0 -14
v 45 0 0
v 56 0 -14
v 56 0 0
vt 0.83870965242385864 0
vt 0.83870965242385864 0.45161288976669312
vt 0.99853515625 0
vt 0.99853515625 0.45161288976669312
vt 0.16129031777381897 0.35483869910240173
vt 0.16129031777381897 0.70967739820480347
vt 0.32111579179763794 0.35483869910240173
vt 0.32111579179763794 0.70967739820480347
vt 0.67741936445236206 0
vt 0.67741936445236206 0.45161288976669312
vt 0.83724480867385864 0
vt 0.83724480867385864 0.45161288976669312
vt 0 0.35483869910240173
vt 0 0.70967739820480347
vt 0.15982547402381897 0.35483869910240173
vt 0.15982547402381897 0.70967739820480347
vt 0.32258063554763794 0.35483869910240173
vt 0.32258063554763794 0.80498677492141724
vt 0.67595452070236206 0.35483869910240173
vt 0.67595452070236206 0.80498677492141724
vt 0.45161288976669312 0
vt 0 0
vt 0.45161288976669312 0.35337385535240173
vt 0 0.35337385535240173
vn -1 0 0
vn -1 0 0
vn -1 0 0
vn -1 0 0
vn 0 0 1
vn 0 0 1
vn 0 0 1
vn 0 0 1
vn 1 0 0
vn 1 0 0
vn 1 0 0
vn 1 0 0
vn 0 0 -1
vn 0 0 -1
vn 0 0 -1
vn 0 0 -1
vn 0 1 0
vn 0 1 0
vn 0 1 0
vn 0 1 0
vn 0 -1 0
vn 0 -1 0
vn 0 -1 0
vn 0 -1 0
f 5666/5666/5666 5668/5668/5668 5667/5667/5667 5665/5665/5665
f 5670/5670/5670 5672/5672/5672 5671/5671/5671 5669/5669/5669
f 5674/5674/5674 5676/5676/5676 5675/5675/5675 5673/5673/5673
f 5678/5678/5678 5680/5680/5680 5679/5679/5679 5677/5677/5677
f 5682/5682/5682 5681/5681/5681 5683/5683/5683 5684/5684/5684
f 5686/5686/5686 5685/5685/5685 5687/5687/5687 5688/5688/5688
o object_235
v 60 0 -40
v 60 0 0
v 60 5 -40
v 60 5 0
v 60 0 0
v 90 0 0
v 60 5 0
v 90 5 0
v 90 0 0
v 90 0 -40
v 90 5 0
v 90 5 -40
v 90 0 -40
v 60 0 -40
v 90 5 -40
v 60 5 -40
v 60 5 0
v 60 5 -40
v 90 5 0
v 90 5 -40
v 60 0 -40
v 60 0 0
v 90 0 -40
v 90 0 0
vt 0.25 0
vt 0.25 0.66666668653488159
vt 0.3318684995174408 0
vt 0.3318684995174408 0.66666668653488159
vt 0.083333335816860199 0
vt 0.083333335816860199 0.5
vt 0.1652018278837204 0
vt 0.1652018278837204 0.5
vt 0.1666666716337204 0
vt 0.1666666716337204 0.66666668653488159
vt 0.24853515625 0
vt 0.24853515625 0.66666668653488159
vt 0 0
vt 0 0.5
vt 0.081868492066860199 0
vt 0.081868492066860199 0.5
vt 0.99853515625 0.5
vt 0.3333333432674408 0.5
vt 0.99853515625 0.99853515625
vt 0.3333333432674408 0.99853515625
vt 0.99853515625 0
vt 0.3333333432674408 0
vt 0.99853515625 0.49853515625
vt 0.3333333432674408 0.49853515625
vn -1 0 0
vn -1 0 0
vn -1 0 0
vn -1 0 0
vn 0 0 1
vn 0 0 1
vn 0 0 1
vn 0 0 1
vn 1 0 0
vn 1 0 0
vn 1 0 0
vn 1 0 0
vn 0 0 -1
vn 0 0 -1
vn 0 0 -1
vn 0 0 -1
vn 0 1 0
vn 0 1 0
vn 0 1 0
vn 0 1 0
vn 0 -1 0
vn 0 -1 0
vn 0 -1 0
vn 0 -1 0
f 5690/5690/5690 5692/5692/5692 5691/5691/5691 5689/5689/5689
f 5694/5694/5694 5696/5696/5696 5695/5695/5695 5693/5693/5693
f 5698/5698/5698 5700/5700/5700 5699/5699/5699 5697/5697/5697
f 5702/5702/5702 5704/5704/5704 5703/5703/5703 5701/5701/5701
f 5706/5706/5706 5705/5705/5705 5707/5707/5707 5708/5708/5708
f 5710/5710/5710 5709/5709/5709 5711/5711/5711 5712/5712/5712
o object_236
v 30 0 -40
v 30 0 0
v 30 5 -40
v 30 5 0
v 30 0 0
v 60 0 0
v 30 5 0
v 60 5 0
v 60 0 0
v 60 0 -40
v 60 5 0
v 60 5 -40
v 60 0 -40
v 30 0 -40
v 60 5 -40
v 30 5 -40
v 30 5 0
v 30 5 -40
v 60 5 0
v 60 5 -40
v 30 0 -40
v 30 0 0
v 60 0 -40
v 60 0 0
vt 0.25 0
vt 0.25 0.66666668653488159
vt 0.3318684995174408 0
vt 0.3318684995174408 0.66666668653488159
vt 0.083333335816860199 0
vt 0.083333335816860199 0.5
vt 0.1652018278837204 0
vt 0.1652018278837204 0.5
vt 0.1666666716337204 0
vt 0.1666666716337204 0.66666668653488159
vt 0.24853515625 0
vt 0.24853515625 0.66666668653488159
vt 0 0
vt 0 0.5
vt 0.081868492066860199 0
vt 0.081868492066860199 0.5
vt 0.99853515625 0.5
vt 0.3333333432674408 0.5
vt 0.99853515625 0.99853515625
vt 0.3333333432674408 0.99853515625
vt 0.99853515625 0
vt 0.3333333432674408 0
vt 0.99853515625 0.49853515625
vt 0.3333333432674408 0.49853515625
vn -1 0 0
vn -1 0 0
vn -1 0 0
vn -1 0 0
vn 0 0 1
vn 0 0 1
vn 0 0 1
vn 0 0 1
vn 1 0 0
vn 1 0 0
vn 1 0 0
vn 1 0 0
vn 0 0 -1
vn 0 0 -1
vn 0 0 -1
vn 0 0 -1
vn 0 1 0
vn 0 1 0
vn 0 1 0
vn 0 1 0
vn 0 -1 0
vn 0 -1 0
vn 0 -1 0
vn 0 -1 0
f 5714/5714/5714 5716/5716/5716 5715/5715/5715 5713/5713/5713
f 5718/5718/5718 5720/5720/5720 5719/5719/5719 5717/5717/5717
f 5722/5722/5722 5724/5724/5724 5723/5723/5723 5721/5721/5721
f 5726/5726/5726 5728/5728/5728 5727/5727/5727 5725/5725/5725
f 5730/5730/5730 5729/5729/5729 5731/5731/5731 5732/5732/5732
f 5734/5734/5734 5733/5733/5733 5735/5735/5735 5736/5736/5736
